Fig,Caption
1,"Figure-1 Cluster statistics A: Histogram showing the log number of clusters as a function of log cluster size, based on the clustering at Pearson correlation coefficient 0.75 cut-off. Numbers on the x axis denote cluster size intervals (2), (3–4), (5–8), (9–16),... B: Co-expression as a predictor for shared function, protein interaction and paralogy. We identified all gene pairs that correlated above or below a threshold T (X-axis). We measured the fraction of such pairs for which there was (i) a BIND database protein-protein interaction recorded in human, (ii) at least one shared gene ontology term, and (iii) evidence of paralogy. We then computed the relative probability for genes above T with this feature, compared to gene pairs below T. At expression correlation 0.80, co-expression was associated with a 100-fold relative probability for genes to encode protein interactors, a 10-fold probability for genes to share functional annotation, but only a 3-fold probability for genes to be paralogs. C: Fraction of clusters with at least one over-represented GO term (Y axis), as a function of cluster size (X axis). GO term over-representations were computed at a 10% false discovery rate."
2,"Figure-2 A smooth muscle differentiation battery: The bar chart (left) illustrates the average expression level of cluster members (Y axis) across arbitrarily ordered tissues (X axis) in two species (red = mouse and blue = human). Three tables list over-represented functional terms (upper small table), over represented motifs (PFMs) (middle table), and cluster members (lower table)."
3,Figure-3 B-lymphocyte differentiation battery: Tables and charts are organized as in figure 2.
4,Figure-4 Testis selective battery: Over representation of RFX and SOX17 motifs indicates new roles for these factors as coordinators of testis selective gene expression. Tables and charts are organized as in figure 2.
5,"Figure-5 Endoplasmatic reticulum associated genes: Over representation of XBP-1, NRF and RTS motifs suggest novel functions for NRF and ETS family factors in the regulation of ER-related genes. Tables and charts are organized as in figure 2."
6,Figure-6 Ribosomal genes: Tables and charts are organized as in figure 2.
7,Figure-7 NF-kappaB pathway: Over representation of REL and NFkappaB motifs indicates feed back signalling. Tables and charts are organized as in figure 2.
8,"Figure-8 EMSA validation of EBF binding sites: A: The figure displays EMSAs in which binding of EBF to a mb-1 promoter EBF site is competed for by the inclusion of 300 or 1000-fold molar excess of unlabelled oligonucleotides that correspond to the predicted motifs. The name of the gene and the position of the motif is given in the figure. (m) indicates mouse and (h) human. ""EBF"" shows the position of the DNA/protein complex, and ""Probe"" indicates the position of free DNA. See supplementary information for a detailed description of the sites. B: The mb-1 promoter EBF site interacts specifically with EBF protein in a pre-B cell nuclear extract. The figure displays an autoradiogram in which a labelled EBF binding site from the mb-1 promoter has been incubated with nuclear extracts from 40EI pre-B cells and competitors or antibodies as indicated. EBF denotes the bound EBF protein and EBF-SS the super-shifted complex obtained by the addition of the EBF reactive antibody to the reaction mixture."
9,"Figure-9 False discovery rate estimation. A: Illustration of how false discovery rates (FDRs) were estimated by use of simulations. Values on the y axis represent the number of motifs below a certain p-score (x axis). Triangles show results for observed data, filled circles show results for permuted data (error bars show the 90% confidence interval from 100 simulations). The FDR was calculated as the ratio between the simulated expectation and the observation. Red dotted line: The number of clusters with at least one enriched motif. Note that several motifs where over-represented in the same cluster. B: Removal of paralogous genes from each cluster did not affect the number of detected motifs. Consequently, co-expressed paralogs is not an important source of false positives. C: The amount of DNA used per gene, and the phylogenetic footprinting stringency has a strong effect on the number of detected over-represented motifs. The sensitivity is higher when the amount of DNA is reduced. Error bars in B and C were obtained by using the 5th and 95thpercentiles in the simulation to define the FDR."
