Fig,Caption
1,"Figure-1 Levels of interleukin (IL)-17 production in peripheral blood mononuclear cells from patients with rheumatoid arthritis (RA; n = 24), patients with osteoarthritis (OA) (n = 14) and normal individuals (n = 14). Each peripheral blood mononuclear cell was stimulated for 24 hours with or without phytohemagglutinin (PHA; 5 μg/ml). IL-17 was measured in culture supernatants by sandwich enzyme-linked immunosorbent assay. Data are expressed as means and SEM. One representative result of five independent experiments is shown. Student's t-test was used to compare each group. *, P < 0.05; **, P < 0.001."
2,"Figure-2 Production of interleukin (IL)-17 by peripheral blood mononuclear cells (PBMC) from patients with rheumatoid arthritis (RA). (a) Production of IL-17 by cytokine induction. PBMC from patients with RA were stimulated for 24 hours with IL-15 (10 ng/ml), IL-1β (10 ng/ml), tumor necrosis factor-α (TNF-α; 10 ng/ml), IL-18 (10 ng/ml) and transforming growth factor-β (TGF-β; 10 ng/ml). Levels of IL-17 were measured in culture supernatants by enzyme-linked immunosorbent assay. Each value represents the mean and SEM of three independent experiments. (b) Production of IL-17 by chemokine induction. PBMC were cultured in the presence of monocyte chemoattractant protein-1 (MCP-1; 10 ng/ml), macrophage inflammatory protein-1α (MIP-1α; 10 ng/ml), MIP-1β (10 ng/ml), IL-6 (10 ng/ml) and IL-8 (10 ng/ml). *, P < 0.05."
3,"Figure-3 Effects of protein kinase inhibitors and anti-rheumatic drug on anti-CD3 triggered interleukin (IL)-17 production by peripheral blood mononuclear cells (PBMC) from patients with rheumatoid arthritis. PBMC pretreated for 1 hour with pyrrolidine dithiocarbamate (PDTC; 300 μM), curcumin (10 μM), LY294002 (20 μM), wortmannin (200 nM), Cyclosporin A (500 ng/ml), dexamethasone (DEX; 100 nM), FK506 (100 ng/ml), rapamycin (10 ng/ml), SB203580 (10 nM) or PD98059 (20 μM) in combination with anti-CD3 antibody (5 μg/ml). Culture supernatant was assayed for IL-17 as described in the Materials and methods section. Each value represents the mean and SEM of three independent experiments. *, P < 0.05; **, P < 0.005."
4,"Figure-4 Dose-dependent effects of LY294002 or pyrrolidine dithiocarbamate (PDTC) in peripheral blood mononuclear cells (PBMC) from patients with rheumatoid arthritis (RA). (a) Effect of inhibitors on interleukin (IL)-17 release by anti-CD3-stimulated PBMC from patients with RA. (b) Effects of LY294002or PDTC on PBMC viability. PBMC were cultured at a concentration of 2 × 105 cells per well with medium, anti-CD3, anti-CD3 and LY294002 or PDTC under the conditions described in the Materials and methods section. After 24 hours of treatment, cell viability was assessed by the trypan blue dye exclusion method and expressed as a percentage with the formula 100 × (number of viable cells/number of both viable and dead cells)."
5,"Figure-5 Effects of LY294002 or pyrrolidine dithiocarbamate (PDTC) on anti-CD3 antibody-triggered interleukin (IL)-17 mRNA expression by peripheral blood mononuclear cells (PBMC) from patients with rheumatoid arthritis. PBMC were cultured with medium only (lane 1), anti-CD3 antibody (1 μg/ml; lane 2), anti-CD3 antibody (10 μg/ml; lane 3), anti-CD3 antibody (10 μg/ml) plus LY294002 (20 μM; lane 4) or anti-CD3 antibody (10 μg/ml) plus PDTC (300 μM; lane 5) for 12 hours; lane 6 shows a negative control. Total RNA (2 μg) was used for cDNA synthesis in a volume of 20 μl; 1 μl of the synthesized cDNA was used for reverse transcription–polymerase chain reaction as described. PCR reaction product (25 μl) was separated on an agarose gel containing ethidium bromide. The relative intensities of the bands were revealed under UV radiation."
6,"Figure-6 Activation of phosphorylated Akt after interleukin (IL)-17 induction by anti-CD3 antibody, and its inhibition by LY294002. Peripheral blood mononuclear cells were cultured with medium only (lane 1), anti-CD3 antibody (10 μg/ml; lane 2) or anti-CD3 antibody (10 μg/ml) plus LY294002 (20 μM; lane 3) for 10–120 min. Cell lysates were analyzed for Akt activation by western blot analysis of total and Ser473-phosphorylated Akt (P-Akt) using specific antibodies. Levels of phosphorylated Akt were compared at each time point, after normalization to Akt and β-actin in the same sample. A representative example of three separate experiments is shown."
7,"Figure-7 Effects of anti-CD3 plus anti-CD28 on NF-κB complex in nuclear extracts of rheumatoid arthritis (RA) peripheral blood mononuclear cells (PBMC) and normal PBMC. (a) NF-κB activity in the absence (lane 1) or presence (lane 2) of anti-CD3 plus anti-CD28 antibody; supershift assay of NF-κB site with antibodies against p65 (lane 3), p50 (lane 4) and c-Rel (lane 5). PBMC from patients with RA were stimulated with anti-CD3 plus anti-CD28 and were used for the supershift assay. (b) NF-κB activity in the absence (lane 1) or presence (lane 2) of anti-CD3 antibody plus anti-CD28 in normal PBMC. (c) NF-κB activity in the absence (lane 1) or presence (lane 2) of anti-CD3, anti-CD3 plus LY294002 (lane 3) or anti-CD3 plus pyrrolidine dithiocarbamate (PDTC; lane 4). Arrows denote a labeled oligonucleotide band shifted after NF-κB binding. The lower panel shows an immunoblot for IκB-α and actin at the same time."
