Fig,Caption
1,Figure-1 Binding screenings of monoclonal sequences from RNA pool with the target (light chain of BoNT/A) and control proteins.
2,"Figure-2 Binding specificity and affinity of aptmers. Panel A, Binidng specificity of aptamers to light chain of BoNTA. Panel B: Binding curve for the aptamers to light chain of BoNT/A. The error bars represent the standard deviation of duplicate measurements."
3,"Figure-3 Inhibition of aptamers on the endopeptidase activity of BoNT/A LC. Panel A: the dose-response curve for aptamer-mediated BoNT/A LC endopepidase inhibition. The curve was fit using non-linear polynomial regression. Panel B: Lineweaver-Burk plot of BoNT/A LC inhibition with and without inhibitor aptamers (B-1, aptamer S132B-C22; B-2, aptamer S132B-C12; B-3, S132B-aptamer C11). The error bars represent the standard deviation of six measurements."
4,"Figure-4 RNA aptamer docking with light chain of BoNT/A. The red ball on the light chain represents zinc. Blue ribbons represent the 5'-flank region, the purple ribbons represent the 3'-flank region, the cyan ribbons represent the core sequence of the aptamer. Panel A, S132B-C11; panel B, S132B-C12; and panel C, S132B-C22. Detail interactions between aptamer and light chain are described in the text part of the article."
