Sentences,length,sent_fig_caption-1,sent_fig_caption-2,sent_fig_caption-3,sent_fig_caption-4,sent_fig_caption-5,sent_fig_caption-6
Botulinum neurotoxins  BoNTs  are a group of large proteins produced by Clostridium botulinum in seven immunologically distinct serotypes named A-G. BoNTs being the causative agents of the most dreaded food poisoning disease  botulism  are the most potent toxins known to human kind.,42,1.2841632447145,1.24043702795422,1.20065622502496,1.11143579307525,1.25050375509002,1.27122203120047
Interestingly  however  BoNT also remarkably serves as a powerful tool to treat a myriad of neuromuscular disorders  and in cosmetic applications.,21,1.31149239933035,1.2898284092195,1.30526229096365,1.26670923485193,1.30970500558152,1.31588979035246
BoNTs are produced as w150 kDa nontoxic single chain proteins that are activated by proteolytic cleavage to a dichain structure consisting of a 50 kDa light chain  LC  and a 100 kDa heavy chain  HC  linked through a disulfide bond.,40,1.26039838888562,1.03776861269533,1.2338912668955,1.1451290730289,1.09672066262244,1.08056874998907
To produce its toxic effect  the toxin progresses through a series of well defined steps that includes binding to receptors on the surface of cholinergic nerve endings mediated by the C-terminus of heavy chain  internalization via receptor mediated endocytosis  penetrating the endosome by pH induced translocation  and finally acting enzymatically in the cytosol to block neurotransmitter release.,57,1.24719270974925,1.23970833054342,1.24941345665258,1.21215540721712,1.15491230068925,1.18439197422235
BoNTs possess Zn 2þ endopeptidase activity against a select group of neuronal proteins involved in the exocytosis process  causing the blockage of acetylcholine release at the neuromuscular junction.,28,1.29269987534175,1.24394156157796,1.25421194049202,1.20737875811809,1.26587465278842,1.28398153225079
The most common source of botulism is by ingestion of food contaminated with spores of C. botulinum  preserved under anaerobic conditions that favor germination of spores  and secretion of the neurotoxin.,31,1.3035622611726,1.19551013395522,1.21652577367634,1.16615984916364,1.28184004413219,1.27867631275126
BoNTs are secreted from the bacterium along with a group of neurotoxin associated proteins  NAPs  in the form of a complex.,21,1.14920202329291,1.24236712670423,1.26119265964282,1.15044104349217,1.217280620207,1.24239887831508
The size of the complex varies with serotypes  but all the serotypes of botulinum neurotoxin complex contain 1-7 additional associated proteins.,21,1.26740555075024,1.22682751543114,1.24134155688372,1.12713809493823,1.24020226301083,1.23418944339983
A close functional relationship between BoNT and NAPs is strongly indicated by clustering of genes for BoNT  NAPs and a regulatory gene botR.,23,1.09025675657747,1.27787813376415,1.29748735750536,1.13310685493682,1.21489040791253,1.26190617617154
NAPs have been known to contribute significantly to the oral toxicity of BoNTs.,13,1.12834049595695,1.3042920819653,1.25559471029606,1.26708283340165,1.29293194206694,1.28678244721886
NAPs also have been recently shown to play a critical role in enhancing the endopeptidase activity of the neurotoxin.,19,1.1702247727734,1.24911443896412,1.27490580929829,1.24010666328099,1.27563911888102,1.2893429554691
Because of the extreme toxicity and stability of BoNT in the presence of NAPs  BoNT complexes are on the top of the list of biological warfare agents.,27,1.17482709092222,1.25065686281275,1.24180184811181,1.2151491097534,1.21327753517283,1.24883049974213
Ironically  it is the complex form of the BoNT along with NAPs that is most commonly used as therapeutic agent to treat several neuromuscular disorders and in cosmetic applications.,29,1.20789442633952,1.26836213591762,1.2822137174306,1.24018177080294,1.26825909114212,1.28076225823062
Specific interactions between the neurotoxin and NAPs in botulinum complex seem to protect the neurotoxin from the acidity and proteases in the GI tract and in the absorption of the toxin in the gut wall.,35,1.19354451267577,1.27327464523639,1.22492909316053,1.18352503689634,1.24228374184248,1.23736756239674
At the same time  such protection could interfere with the interaction of an antibody with the neurotoxin when present in the complex form.,23,1.16643455559357,1.25565205866556,1.14207645282202,1.21446801434999,1.14739293049859,1.13980868737221
Therefore  it is important not only to analyze the interference of the NAPs in the detection of the neurotoxin  but also to characterize the immunological properties of the associated proteins themselves.,31,1.16263944624498,1.23828193889648,1.25312861690756,1.20560358927105,1.22009990848179,1.25517960910487
So far  studies have been conducted only on the effect of BoNT at the nerve cell in blocking the release of neurotransmitters to cause flaccid paralysis.,26,1.27980192284362,1.28760333643163,1.26728807232532,1.25520894355413,1.2811256289069,1.29552148292374
BoNT and NAPs could have an effect on other vital systems  in addition to paralysis.,15,1.14381084953389,1.28580130256248,1.28320518258424,1.27652715693549,1.28861488415194,1.3079722456894
Understanding the effect of BoNT and NAPs on the immune system is of particular concern.,15,1.12522318163029,1.29665322997653,1.27570472016889,1.26598884080522,1.26879309767964,1.27882985147944
Thus immunological characterization of BoNT and its associated proteins is critical for not only designing detection systems for this class A bioterror agent  but also for developing more efficient approaches for vaccine development against botulism  and to better understand their immune response in the host.,45,1.28012705729802,1.23697802646088,1.23685022987306,1.20604327986735,1.26334850848031,1.28441406526285
In this study we have investigated the immunochemical reactivities of BoNT/A in its pure and complex forms  and its associated proteins  to polyclonal antibodies raised against the toxoids of the neurotoxin complex  pure neurotoxin  and its constituent light and heavy chains  and Hn-33 using enzyme-linked immunosorbent assay.,47,1.06568240581063,1.21577173358224,1.10913105161688,1.18941897324897,0.942960939879458,0.950885689433457
Results indicate that the neurotoxin is accessible to antibodies even in the complex form  but such accessibility is hindered by the presence of NAPs.,24,1.05402991410377,1.24521983554738,1.21642250139994,1.19893590658946,1.1289554764098,1.14129688946243
In addition  antibodies raised against the whole complex have higher reactivity to the complex and NAPs when compared to the purified neurotoxin  suggesting stronger immunogenicity of the NAPs over that of the purified neurotoxin.,34,0.962581917980532,1.22786581483696,1.12425423523529,1.21564132175081,1.14289584523427,1.09335589214406
Higher immunogenicity of the neurotoxin complex is primarily due to the presence of Hn-33.,14,1.26244348804227,1.24866190185387,1.23670783632143,1.23195608511686,1.24355311002321,1.2312843157276
BoNT/AC  NAPs and Hn-33 have a significantly higher potential to induce host response.,13,1.10680154905707,1.28849834814586,1.25748592532687,1.27766910174673,1.28838030529788,1.29447273743264
Bovine serum albumin  BSA   o-phenylenediamine dihydrochloride  OPD   3% H 2 O 2   polyoxyethylene sorbitan monolaurate  and alkaline phosphatase conjugated goat anti-rabbit IgG were obtained from Sigma Chemical Co.  St. Louis  MO.,31,1.23514264809481,1.10928515516743,1.13437274834585,1.24961918561205,1.23097295167855,1.22410744394772
Phosphate buffered saline  0.01 M PBS  pH 7.4   Tris buffered saline  0.01 M Tris  pH 7.4   and phosphate-citrate buffer  PCB  pH 5.0  were prepared in deionized distilled H 2 O.,35,1.31891145320903,1.05489443917586,1.25029513330287,1.24893419661741,1.30248869796534,1.31901071957325
All chemicals were of the highest grade commercially available.,9,1.29455676232447,1.28698233684485,1.28077706030204,1.28214318981582,1.25806533373203,1.30493042503759
Type A neurotoxin  BoNT/A  and its complex  BoNT/AC  were prepared according to previously established procedures.,15,1.26321136051675,1.238333557187,1.26539363547367,1.23172496675416,1.2481361393373,1.27815733313749
During the purification of the neurotoxin  we obtained a pool containing mostly NAPs with residual toxin.,16,1.13318262389847,1.22530177320427,1.19469584169338,1.19850788632114,1.22570003591918,1.26388919868174
The pool was dialyzed against 0.02 M Na 2 HPO 4 -NaH 2 PO 4 buffer  pH 7.0  and loaded on an SP-Sephadex C-50 column that was equilibrated with the pH 7.0 buffer.,36,1.30346800086979,1.04645354361861,1.22689046652716,1.25707700777551,1.29829540489395,1.31572655454343
Recovery of the purified NAPs eluted from the SP-Sephadex column during the column wash was w95%.,16,1.09728944462419,1.2326254868703,1.19467404371996,1.29235374289764,1.26524714897662,1.2945483610355
The residual neurotoxin remained bound to the SP-Sephadex column and needed a linear gradient of increasing Na þ for its elution.,21,1.22750483421209,1.22820565043323,1.24050921899459,1.22862518059852,1.22626608597948,1.25660000932663
Recombinant Hn-33 and LC were prepared as described previously.,9,1.27162812548629,1.22923161828238,1.20885878268626,1.25116918726758,1.25734920911669,1.26764942738054
BoNT/A heavy chain was isolated from detoxified recombinant BoNT/A  that had been produced in our lab   by nicking and subsequent separation of the heavy chain from the detoxified holotoxin.,29,1.27580704417152,1.25350703860842,1.21481425627303,1.23040700609956,1.06546248328932,1.00840950251946
Detoxified BoNT/A is recombinant full length botulinum type A with mutation in its two active site residues E224A/E262A  that has been successfully cloned  expressed in E. coli as a His-tagged protein  and purified from an Ni 2þ -affinity column in our lab.,42,1.25651385837334,1.17714261312915,1.17683458787285,1.03735780706269,1.21376870600749,1.23443260221968
The purified protein lacks the endopeptidase activity involved in the toxic action of the BoNT  leading to its detoxification.,19,1.28993398096063,1.22837058323884,1.18658451110228,1.19436668687713,1.2571527603963,1.2557226029431
For separation of BoNT/A heavy chain  purified detoxified recombinant in 0.05 M sodium phosphate  0.3 M sodium chloride  pH 7.5 was incubated with trypsin  200:1 protein:enzyme ratio  for 60 min at room temperature.,38,1.27376301805068,0.947940851576631,1.17294449234658,1.17467847581582,1.19602249882347,1.21205706373643
The reaction was stopped by the addition of trypsin inhibitor.,10,1.29179156989274,1.21444050477129,1.28574055719853,1.29393333603806,1.28056665764656,1.28473696831515
The light and heavy chains were separated according to the previously established procedure.,13,1.28202950829522,1.2530777660291,1.29216658104361,1.24843916745009,0.863862014420241,0.816889243120588
Briefly  the nicked deactivated toxin was dialyzed against 0.02 M sodium borate  0.04 M sodium phosphate  pH 8.4 and applied to a QAE-Sephadex A50 column equilibrated with the same buffer.,33,1.29387040794941,1.10926158054418,1.24167568119155,1.24085110738088,1.27151779432546,1.29461148014904
The material was reduced first with the aforementioned buffer containing 0.01 M DTT and then incubated with the same buffer containing 0.1 M DTT and 2 M urea overnight.,31,1.25601599831386,1.06358387536929,1.2324299615821,1.22048860893134,1.25850634070568,1.26526298540272
Chromatography was resumed with application of buffer containing 0.01 M DTT and 2 M urea which eluted the light chain.,21,1.26615016323365,1.10464309364653,1.24023896350398,1.22941124971835,1.15350274347065,1.15724807111867
The bound heavy chain was eluted with 0.01 M DTT  2 M urea and 0.2 M sodium chloride.,20,1.25393879727085,1.07934568288619,1.23696226456368,1.24458794584309,1.11994791273363,1.12064716984882
All proteins used to immunize rabbits were prepared as toxoids.,10,1.24653260663364,1.25887027870293,1.1911037429365,1.23286755301154,1.24474398488606,1.25933982122153
For preparation of toxoids  BoNT/AC  pure BoNT/A  Hn-33  BoNT/A HC  and BoNT/A LC were precipitated with ammonium sulfate and the precipitant was dissolved in 0.1 M sodium phosphate buffer  NaPB  containing 50 mM NaCl  pH 7.4.,38,1.30318514773648,1.03063319992818,1.16051178217108,1.23323505493213,1.28053602382786,1.28017883042434
The toxin was inactivated by dialyzing it against buffer containing 0.5%  wt/vol  of formaldehyde at 4 C for 6 days.,21,1.27548565053727,1.07405623191399,1.18565344878062,1.1965227661293,1.27979713899906,1.27473814105183
Formaldehyde containing buffer was replaced everyday with fresh solution.,9,1.25285952601421,1.24235417311416,1.26529700043732,1.29301406814508,1.26669209344389,1.28754747635521
Dialysis was continued for the next 7 days at room temperature with a single fresh buffer change everyday.,18,1.28051734715873,1.17650534900312,1.22882909579609,1.26475335470638,1.28511886810617,1.30743584936526
Formaldehyde was removed by dialyzing the proteins against 100 mM NaPB containing 50 mM NaCl  pH 7.4 for two days with several fresh buffer changes.,26,1.27843564943704,1.04485367773791,1.21620611014622,1.21274955175008,1.26352754613101,1.29103885735448
Rabbits were immunized with formaldehyde inactivated proteins  toxoids .,8,1.2555703735226,1.25016892776466,1.17086936460039,1.24368489301941,1.25813674702576,1.23506661358597
Rabbit antisera against BoNT/AC  BoNT/A  Hn-33  BoNT/A LC and BoNT/A HC were prepared by Biodesign International Inc. on a contract basis.,21,1.20675340479636,1.26511717361841,1.15165802050006,1.2538802318192,1.19333734123845,1.19374586189073
Briefly  rabbits were primed with antigens  400 mg  1 ml  subcutaneously along with complete Freund's adjuvant  0.5 ml  on day 0 at multiple sites  followed by booster doses on days 21  42  and 65 with antigens  200 mg  0.5 ml  in incomplete Freund's adjuvant  0.5 ml .,49,1.26305171269945,1.01323268479702,1.1581453769766,1.22025696406561,1.27293369748673,1.28325120435198
The animals were initially bled on day 51 to test the antibody titer and from day 74 onwards anti-rabbit sera was collected at regular intervals of 14 days and terminally bled at wday 140.,34,1.18534704972681,1.14394504209242,1.04288971444018,1.26442294180249,1.22505043516212,1.22431674656455
Flat-bottom 96 well microtiter plates were coated with 1 mg/ml of antigens that were not treated with formaldehyde  BoNT/AC  BoNT/A Hn-33  NAPs  BoNT/A LC  BoNT/A HC  dissolved in 0.01 M phosphate buffered saline  PBS  at pH 7.4 and allowed to adhere overnight at 4 C. To remove any unbound antigen  plates were washed thrice with 0.01 M PBS  pH 7.4 containing 0.05% Tween-20  PBST  and subsequently blocked with 3% bovine serum albumin  BSA  in 0.01 M PBS  pH 7.4 and incubated for 1 h at 37 C. Following a washing step as outlined above  plates were incubated for 1 h at 37 C with serial dilutions of the sera in 3% BSA.,119,1.23332608142886,0.977180703980304,1.16791726162262,1.19199175846595,1.24694528750888,1.25974856993118
As controls  column 1  no antigen  was incubated with the lowest dilution of the serum while column 2  no primary antibody  was incubated with 3% BSA.,26,1.18106783115804,1.0625712789847,1.13083404605218,1.23878354979507,1.18032843959683,1.19546107163797
Following a washing step  plates were incubated with peroxidaselabeled anti-rabbit IgG secondary antibody  1:18 000 dilution   for 1 h at 37 C. Plates were washed four times with PBST and then incubated with 100 ml of a substrate solution containing 0.04% OPD  o-phenylenediamine dihydrochloride  and 0.012% hydrogen peroxide in 0.15 M citratephosphate buffer  pH 5.0 for 20 min at room temperature  25 C .,68,1.22240590493233,0.972586688238711,1.15044788234566,1.19053337817088,1.22273381807592,1.23288087684027
The reaction was subsequently quenched with 50 ml of 2 M sulfuric acid and the absorbance was measured at 490 nm.,21,1.29214237260824,1.0784180453512,1.22900089687843,1.21373384853531,1.20400879014235,1.26468233378064
The antibody titer of the sera was measured by plotting absorbance vs. serum dilution using the mean and standard deviation for each triplicate set.,24,1.10874716373997,1.20333231784129,1.04095503233655,1.2261960941985,1.08269677293801,1.17976668544157
Sodium dodecyl sulfate polyacrylamide gel electrophoresis  SDS-PAGE  of BoNT/AC  non-formaldehyde treated  was run on a 4-20% gel using the Mini Protean III system from BioRad at a constant voltage of 200 V at room temperature.,35,1.28096839131422,1.14394320575443,1.2244740855758,1.24395818246761,1.2522648593445,1.28536067709055
The protein bands were visualized by Coomassie blue staining.,9,1.23052764025491,1.1949722661049,1.27534724355743,1.15599411911012,1.1607284333826,1.19720808747972
The gel was scanned on a GEL Logic 100 Imager system  analyzed and quantified using the Kodak Image analysis software  Eastman Kodak Co.  Rochester  NY .,25,1.29393648018727,1.18876624271296,1.28215857690053,1.1952571078497,1.19470202632628,1.2983110423829
Western blot analysis was carried out using polyclonal rabbit anti-BoNT/AC IgG  BB Tech  Dartmouth  MA .,15,1.15287203625032,1.21068553160492,1.15499367897338,1.24318229487109,1.18715760085011,1.19552298743796
SDS-PAGE was run using a Mini Protean III system from BioRad at a constant voltage of 200 V at room temperature  25 C  using a 4-20% gradient gel.,28,1.25871552571542,1.1088867616362,1.19910742682422,1.19866317363817,1.23060898656425,1.26428786094126
The proteins were transferred to Immun-Blot PVDF membrane  BioRad  Hercules  CA  using Mini TransBlot system from BioRad.,17,1.25471600728188,1.22834008335619,1.26554856199718,1.2491956193406,1.23322729978849,1.27863820324398
Membrane was incubated in blocking buffer consisting of 3% BSA in 0.01 M TBS  pH 7.4 with gentle shaking for 2 h at room temperature.,27,1.26464866868737,1.04601305087778,1.2262207554986,1.22202965402346,1.25643815140596,1.26628576519841
Membrane was washed with 0.01 M TBS  pH 7.4 containing 0.05% Tween-20  TBST  thrice for 5 min duration.,21,1.27092946060888,1.07090109745363,1.24457311673868,1.23178116781265,1.28896691265694,1.30050161400022
Membrane was incubated with rabbit anti-BoNT/AC IgG  1:3000 dilution  in blocking buffer for 1 h at room temperature with gentle shaking.,22,1.21883889408566,1.08050101822885,1.13697947524522,1.27684862719434,1.23111080882727,1.22357734592498
Following a washing step as outlined above  the membrane was incubated with goat anti-rabbit IgG alkaline phosphatase antibody  BioRad  Hercules  CA  in blocking buffer for 1 h at room temperature with gentle shaking.,33,1.18934916510594,1.12464519322656,1.13755616361148,1.25574404340346,1.19414049387417,1.20317497300281
Colorimetric detection was carried out using 5-bromo-4-chloro-3 0 -indoylphosphate p-toluidene salt  BCIP  and nitro-blue tetrazolium chloride  NBT   BioRad  as substrate  after the membrane was washed thrice with TBST.,28,1.23776041779794,1.17235138378964,1.25417079095876,1.24971715092164,1.21434606467307,1.26753157970455
The membrane was scanned on a GEL Logic 100 Imager system and analyzed and quantified using the Kodak Image analysis software  Eastman Kodak Co.  Rochester  NY .,26,1.28794362167033,1.18832960100134,1.28206113482724,1.19017665764732,1.19086595246474,1.29591259835792
The functional antibody titers of BoNT/AC and pure BoNT/ A were tested in their capacity to neutralize pure BoNT/A and BoNT/AC in a mouse model  which is the standard assay used by the WHO.,34,1.12818153463583,1.2261375634397,0.945463425342416,1.22585963327716,1.1086598161987,1.17761900353446
Anti-BoNT/AC and antiBoNT/A sera collected from immunized rabbits were either used as the whole sera or after dilution with PBS containing 0.2% BSA  and combined with 1 or 10 mouse LD 50 s of BoNT/A.,36,1.19875519589192,1.05971201148834,1.03272186628002,1.19456836402858,1.20100709753001,1.19938926819479
The antisera and toxin mixtures were incubated at room temperature for 1 h before being administered to Swiss Webster mice  0.5 ml  intraperitoneally  i.p .,26,1.23739462983599,1.10456953850209,1.15493805190608,1.22719019549628,1.24134138005709,1.24054071149287
The mice were monitored for 96 h to assess the residual toxicity of various mixtures and survival was scored.,19,1.29427945685288,1.214392443266,1.21251840971824,1.26214967374236,1.21184210803252,1.28747776452945
The N-terminal sequencing of P-250 protein was carried out by running BoNT/AC on SDS-PAGE as described above  followed by transferring the protein from the gel onto a Sequi-Blot PVDF membrane  BioRad  Hercules  CA  using the semi dry TransBlot system from BioRad  Hercules  CA .,43,1.255732475596,1.16265337618878,1.26740257200587,1.16105955714634,1.22688106749338,1.254727739706
The protein was allowed to transfer until the voltage dropped from 200 V to 80 V. The Sequi-Blot PVDF membrane was first stained with Coomassie blue and then destained until a clear background was obtained.,35,1.24722326062137,1.10744323968467,1.21414332411005,1.15048058644094,1.21409240019221,1.24224885805704
The P-250 protein was sequenced using an Applied Biosystems Precise Sequencer at the Baylor College of Medicine  Houston  TX.,19,1.28525146120829,1.22854608226214,1.30626181883021,1.15732749785162,1.26556435107467,1.30106759136536
Based on the N-terminal sequence of P-250  we used the codon usage table of C. botulinum Hall-A  strain ATCC 3502  to predict the nucleotide sequence from amino acids back translation program that was acquired from Entelechon company by using their ''BacktranslationToolV2.0''.,42,1.27476126226985,1.22252819088942,1.2667975464905,0.872447634488703,1.21429464984856,1.24547005801271
The genomic sequence of C. botulinum type A  ATCC3502  was obtained from the Sanger Institute  http://www.sanger.ac.uk/Projects/Microbes .,20,1.28710884608481,1.2525088113695,1.19590683843004,1.04371444414411,1.2568362284455,1.292751507886
The backtranslated P-250 nucleotide sequence was used for the sequence search and alignment with 7 microbial genome databases in NCBI GenBank by using BLASTN and TBLASTN  http://www.ncbi.nlm.nih.gov/sutils/genom_table.cgi .,33,1.29772261820942,1.24194406818083,1.30702679632223,1.08263377397098,1.25353073821176,1.2929722263201
The 7 microbial genome databases comprise of Clostridium acetobutylicum ATCC 824  C. botulinum type A ATCC3502  Clostridium difficile 630  Clostridium perfringens ATCC13124  C. perfringens str.13  Clostridium tetani E88  Clostridium thermocellum ATCC27405.,32,1.32514236913851,1.19894849377462,1.24632935806757,1.05521972256513,1.30663526866934,1.30950116297285
The parameters for running TBLASTN were set as ''Low Complexity Filter is checked  Expect value = 1.0''.,18,1.25396180027854,1.15634015410919,1.25889920850534,1.15501996248388,1.2034316713278,1.27519092977366
Search for the theoretical ORFs which included the P-250 nucleotide sequence was carried out using the Hidden Markov Model GeneMark software  http://opal.biology.gatech.edu/GeneMark .,26,1.2740780922775,1.27070297016359,1.31996145359173,1.0566420371295,1.23128828788086,1.27886573787173
The search area covered the total 48KB  24 kb downstream and 24 kb upstream to the hit sequence  genomic sequence area.,21,1.27895999787567,1.2029151408587,1.30054105571803,1.0555750340419,1.24719140354696,1.2876982024152
GeneMark is a trademark that includes a family of gene prediction programs provided by Mark Borodovsky's Bioinformatics Group at the Georgia Institute of Technology  Atlanta  Georgia.,26,1.30351272999319,1.27275012218158,1.32590507459951,1.10278280490886,1.28272981550823,1.30603750818703
The putative P-250 ORF protein was analyzed by using the ''ExPASy Proteomics Tools''  http://ca.expasy.org/tools  Category ''Protein identification and characterization tools''.,23,1.2650790770881,1.21378662734665,1.28915892069607,1.0765847785101,1.18932803195532,1.27450585011557
Immunoreactivity of sera isolated from rabbits immunized with BoNT/AC  pure BoNT/A  BoNT/A LC  BoNT/A HC  NAPs  and recombinant Hn-33 was analyzed by ELISA.,23,0.987356478821988,1.22769205576428,1.01136634728634,1.23820488093917,1.08446992254611,1.20312108861276
In order to compare the immunoreactivity of BoNT/AC to BoNT/A and to the neurotoxin associated proteins  interaction of a-BoNT/AC sera with BoNT/AC  nonformaldehyde treated   pure BoNT/A  Hn-33  and NAPs was examined.,31,1.09692130801172,1.20355161484016,1.0712416532397,1.19512561471693,1.15407532154757,1.19382286778913
As shown in Figure-1  it is clear that antibodies raised against the entire complex have a much stronger reactivity to the complex than to the neurotoxin.,26,0.934314913007192,1.23844910880388,1.19431986661726,1.20561179852337,1.12148815617506,0.994132272676262
Results showed that rabbit a-BoNT/AC sera titers to BoNT/A antigen was detected but with 60-fold lower titer than for BoNT/AC.,20,1.19247210272683,1.23880562418806,0.922642102197326,1.23388273291378,1.16726680488338,1.21956917042638
However  significant reactivity of anti-complex sera to the purified neurotoxin was still observed indicating that anticomplex sera contains a substantial amount of antibodies that can interact with the neurotoxin.,29,1.14491519821921,1.21982285219811,0.98972570787334,1.19225951544756,1.12753005254046,1.13422797803308
This suggests that the use of antibodies against the purified neurotoxin may not be the best system for the detection of botulinum neurotoxin and that the detection of the neurotoxin complex may be more sensitive allowing for the detection of the neurotoxin at a much lower concentration.,47,1.18613863434709,1.22888366346324,1.16966399692317,1.17446969381414,1.17106267728165,1.21611142229709
Detection of botulinum neurotoxin indirectly through the detection of the neurotoxin complex may have a significant value in ensuring food and environmental safety.,23,1.23738290189353,1.25089241024085,1.25941954386749,1.20175641182083,1.23562271228323,1.26779982384079
It was also observed that the relative reactivity of rabbit a-BoNT/AC sera to neurotoxin associated proteins and to Hn-33 was close to BoNT/AC and its reactivity to Hn-33 and NAPs was 35-fold higher than that of pure BoNT/A antigen  Figure-1 .,40,1.03424398417223,1.21269835979947,1.01189388648477,1.18003562732086,1.16245875193191,1.16721998786677
This was also confirmed by the SDS-PAGE and Western blot analysis of BoNT/AC  Figure-2 .,14,1.16501221646668,1.20213344599465,1.28132035981964,1.22169733323624,1.21403236982229,1.24125947453116
SDS-PAGE of BoNT/AC  Figure-2   lane 2  exhibited 8 protein bands corresponding to the neurotoxin and a group of associated proteins.,20,1.22051015726527,0.96019096150923,1.22706683899327,1.08324499958043,1.19864281838759,1.23988967556774
Based on the protein yield of the neurotoxin and associated proteins in the complex  it has been estimated that BoNT/AC has about 25% neurotoxin and 75% associated proteins.,28,1.26288255067897,1.21622420591825,1.26308727037565,1.14957723340906,1.20034232382306,1.2311744716786
For BoNT/AC the protein bands correspond to 145 kDa  BoNT/A   120 kDa NBP  neurotoxin binding protein   53 kDa  NAP-53   33 kDa  Hn-33   30 kDa  Hn-30   20 kDa  NAP-20  17 kDa  NAP-17  and 14 kDa  NAP-14 .,35,1.23124358026036,0.934000321371048,1.25837290161004,1.14349265054265,1.23300391499049,1.21863032102406
The assignments of bands observed on SDS-PAGE gel are based on previous biochemical and genetic analysis of BoNT/A in its complex and pure forms and of its associated proteins.,29,1.26728897539433,1.17672855325367,1.22337194355685,1.14412691592338,1.20050157307076,1.25486336971201
For NAPs  the protein bands correspond to 120 kDa NBP  9%   53 kDa NAP-53  16%   33 kDa Hn-33  25%   30 kDa Hn-30  9%   20 kDa NAP-20  9%   17 kDa NAP-17  5%   and 14 kDa NAP-14  8%   which is similar to previously published results.,43,1.2204448003181,0.917236268921386,1.26833270635932,1.16773141592433,1.27302030923635,1.27228442052051
Western blot analysis of BoNT/AC  Figure-2  shows that Hn-33 is the most immunogenic of all the NAPs in the complex and that the neurotoxin shows less immunogenicity.,27,1.07512540417668,1.14875302494429,1.22867385714029,1.17189850013534,1.1885938400413,1.23779522764349
Interestingly  a protein band at w250 kDa showed higher immunogenicity in comparison to the neurotoxin  Figure-2 .,16,1.22514172870429,1.07521545988971,1.23255787377417,1.10292506662977,1.22287393856601,1.23087106445904
Presence of this protein in the neurotoxin complex may in part be responsible for higher immunogenicity of the complex.,19,1.26768731506229,1.20487361653076,1.24158806596598,1.17094538636026,1.23454338586385,1.24584888635893
The neutralizing capacity of rabbit anti-BoNT/AC and anti-BoNT/A sera to purified BoNT/A and BoNT/AC was determined using the mouse bioassay.,20,1.15887393911442,1.23462074101212,0.71373919110784,1.24326610753077,1.07865066671565,1.20151716656061
The toxicity of pure BoNT/A and BoNT/AC incubated with pre-immune serum was equivalent to that of the two toxins incubated in physiological saline.,23,1.22703408104529,1.19068569949722,1.07187934959397,1.26046597259348,1.19969914910782,1.21932440816726
By contrast  the undiluted anti-rabbit sera of BoNT/A or BoNT/AC completely neutralized 10 lethal doses of pure BoNT/A  Figure-3  or BoNT/AC  data not shown .,24,1.21507293125865,1.16839388153674,0.774643673121288,1.24369131799094,1.21659125788298,1.22281473979078
In addition  both anti-rabbit sera were tested at the 50% titer of anti-BoNT/AC sera Figure-5 diluted with physiological saline and 1% BSA.,22,1.18748943918228,1.21179611547227,0.856425732311726,1.27287548653292,1.18614764152608,1.19669970617302
Animals that had been immunized with BoNT/AC completely neutralized pure BoNT/A activity  100% protection  1 LD 50 dose  Figure-3   whereas serum from animals immunized with pure BoNT/A did not seem to neutralize pure BoNT/A activity completely  Figure-3 .,37,1.24398432722861,1.12006018634679,0.972947771326108,1.23604075523925,1.24703984029381,1.23567927098541
It offered about 15% protection at 1 LD 50 dose Figure-3   indicating that anti-BoNT/AC serum elicits higher protection in comparison to anti-BoNT/A serum.,23,1.25961196661003,1.09727242143521,1.08244410493916,1.23129051779672,1.24314613940885,1.25574166336997
Anti-BoNT/ A sera was also tested at its 50% titer Figure-5 diluted with physiological saline and 1% BSA.,18,1.18548177133499,1.20741866821861,0.957843209908629,1.25839173790149,1.17356756898422,1.1954605101074
It offered about 60% protection at 1 LD 50 dose  data not shown   again suggesting that anti-BoNT/AC serum elicits higher protection in mice in comparison to anti-BoNT/A serum.,28,1.26177720738568,1.1078030744969,1.09637412679972,1.21754642346001,1.24242026993974,1.26427698805434
These observations suggest that antibodies against the toxin were present more in the antisera from rabbits immunized with BoNT/AC compared to the antisera from rabbits immunized with pure BoNT/A.,29,1.12826918817842,1.25706576057098,1.07072107679589,1.23428484724474,1.15019709416902,1.12596218616305
This conclusion is consistent with the higher binding of BoNT/AC antibodies to BoNT/AC reinforcing our observation of higher immunogenicity of BoNT/AC.,21,1.0215723380835,1.26212655296709,1.208381320856,1.26343128874532,1.00877149377185,1.00559484112923
In an initial set of experiments  we cut out the protein band observed at w250 kDa  and carried out N-terminal amino acid sequencing for the first 15 amino acid residues.,30,1.26581882899448,1.07209133141691,1.2779638674777,1.01114872100787,1.20441060709463,1.24281665093823
The sequencing result  LLDSSESITLDKTSM  was unique  and matches with a single ORF in C. botulinum type Hall strain  ATCC3502  genome  NCBI accession number: YP_001254150 .,24,1.30505494470454,1.23002853338018,1.23513054653367,0.929332976935327,1.26268816901366,1.29542372449011
The putative ORF site encompassing the peptide identified by the peptide sequencing is located at the genome map position 1 794 882 of ATCC 3502 Hall-A  in contrast to BoNT gene being at position 909 708.,36,1.26804035780751,1.17765809445726,1.2792418941675,0.888522800585005,1.22020558378234,1.25404493613201
Therefore  it is clear that P-250 does not belong to the BoNT gene cluster and is located 885 114 bp downstream  Figure-4 .,22,1.30160907246299,1.21869142581237,1.30384545501829,1.06663364872918,1.26090473038214,1.28831746071397
Interestingly  the gene corresponding to the peptide sequence of P-250 has the start codon methionine at 190 amino residues upstream to the N-terminal sequence we obtained  Figure-4   suggesting that the polypeptide gets digested either during the bacterial growth or during the purification process of BoNT/AC.,45,1.26721665112744,1.19085886215755,1.2463348883377,0.958488687470346,1.19621556448042,1.23710961219767
The polypeptide segment corresponding to the downstream of the peptide sequence identified adds up to a total of 169 amino acid residues  including the N-terminal 15 amino acid sequenced Figure-4 .,30,1.27025896867779,1.1600022900112,1.26981708737787,0.952521002860222,1.1932790696278,1.23066883322423
The molecular size of this segment corresponds to only 18.74 kDa.,12,1.3082340407663,1.0292423455241,1.28842323002646,1.19696524346867,1.27518471106519,1.2967194127343
Therefore the P-250 band is likely to be an SDS-resistant oligomer of this 18.74 kDa segment  consisting of about 16 monomers.,22,1.27933971152818,1.00151338154868,1.2509735422212,1.1514227233033,1.22161712566118,1.22748376832415
This conclusion needs to be confirmed with further experiments.,9,1.29106339673032,1.29666285683448,1.2988287905191,1.28864097376607,1.25530337762464,1.31565308051251
Isolation and characterization of this protein in the botulinum type A complex is currently under investigation in our laboratory.,19,1.27773204661556,1.20441831915389,1.27024280687999,1.12961856967647,1.25510071746067,1.27206887124763
BLASTP analysis of the newly identified protein sequence consisting of the protein segment beginning with the peptide identified by our N-terminal peptide sequence analysis showed over 97% sequence homology with bacterial Ig-like proteins  Intimins  found on the surface of bacterial cells or phage particles.,44,1.2579609595798,1.16179163965083,1.26182428417373,0.921788032016099,1.18938989430881,1.23050284110357
The polypeptide has sequence homology ranging between 64% and 97% with Clostridium types B  F  and A3  Clostridum beijerinckii  and Bacillus proteins which have been classified as cell adhesive proteins.,30,1.27451298878844,1.18108239041979,1.20085346394308,1.05058057892855,1.21370168148602,1.23514631160631
A sequence homology analysis encompassing the whole protein that begins with the ORF starting amino acid showed significantly lower homology.,20,1.27940765200982,1.17807057968707,1.27908212648226,0.970363336263745,1.22343328457024,1.26323927652754
The segment showing the maximum homology matches with the most conserved Bacterial Ig-like domain  Big_2 domain .,16,1.24791440964771,1.23700534083294,1.28487028393442,1.10191414951899,1.18538384711642,1.22861176835725
Big_2 domains are conserved domains of cell adhesion proteins found in many bacterial cells.,14,1.26661843875642,1.24748696955271,1.2914428114602,1.17385181648731,1.21672635650125,1.22865902379667
Since these proteins are present on the surface of the bacterial cell  it is likely that P-250 protein identified in BoNT/AC is present on the surface of the C. botulinum cells  and possibly gets attached to BoNT/AC during the latter's release from the bacterial cells.,45,1.27973397237739,1.19146406213802,1.22375085289218,1.06395149203135,1.22723812259438,1.2393089055668
Further experiments are needed to determine that P-250 protein is indeed associated with BoNT/AC and is not just a minor contaminant that is co-purified with the complex Although not reported previously  a protein of similar size can be seen on SDS-PAGE gels of not only other but also types C and D BoNT complexes.,54,1.25640961862379,1.15010579520588,1.21539992906452,1.1164530399453,1.20670766082265,1.22546417996517
Relevance of the immunogenicity of P-250 protein needs to be further examined both for detection of BoNT agents and also for their immunogenic response in therapeutic preparations commercially being used against several neuromuscular disorders.,34,1.22911568240869,1.19129580176179,1.20124857089529,1.18426491156431,1.21621832206181,1.26273860009251
Higher reactivity of rabbit a-BoNT/AC sera to the neurotoxin associated proteins and to Hn-33 could result from the abundance of associated proteins in the complex or due to higher immunogenicity of these proteins.,33,1.22042713421862,1.22330602745259,1.0925119115338,1.19499329255392,1.18217295696353,1.18417883855012
Relative immunogenicity of BoNT and NAPs was investigated by testing the binding of BoNT/AC  Hn-33  purified BoNT/A  and BoNT/A light and heavy chains with their respective antisera.,27,1.01481106077073,1.2290460565757,1.15243885513273,1.19526860441181,0.697213090856338,0.817458085787578
It was observed that sera raised against Hn-33 binds to Hn-33 three times more effectively than antineurotoxin to the neurotoxin  Figure-5  .,21,1.01199892076283,1.21964364783618,1.05396787266078,1.22294623319782,1.14861170157427,1.01918460082795
It is notable that although the compositions of Hn-33 and BoNT/A in the complex are identical  the two antigens generated different immune responses.,23,1.24988268944701,1.23774246559474,1.2254492991786,1.20796038976762,1.15542133501423,1.2293959969982
These results clearly point towards stronger immunogenic properties of Hn-33.,10,1.26913806758924,1.24478242583275,1.24235469538501,1.24555893501463,1.23257334543089,1.26344278666789
Inspite of being a smaller protein in comparison to the BoNT/A  33 kDa vs. 150 kDa   Hn-33 exhibited stronger immunogenicity.,20,1.26344711203127,0.982533100771264,1.23171560221905,1.15877054203269,1.26388774689652,1.27392883942756
Since Hn-33 forms the largest fraction of NAPs in the botulinum complex  this observation indicates that Hn-33 accounts for most of the immune response of the complex.,27,1.16683648148251,1.2470188945261,1.26077802760479,1.15929574536917,1.21252582566957,1.23750991596683
It was also observed that BoNT/A LC was 2-fold more immunogenic than BoNT/A HC.,14,1.24121000793208,1.23556580195311,1.2237769170366,1.23364539952519,1.21966039315711,1.21553530235407
This observation is at variance with the observation of  whose results with monoclonal single chain variable fragments have suggested that heavy chain may be more immunogenic based on how many scFv reacted to the heavy chain domain vs. the light chain domain.,42,1.20660984850741,1.20468022838286,1.2383028518524,1.17531031607539,0.980882738575195,0.984935205029174
Although botulinum neurotoxins are being beneficially employed for the treatment of neuromuscular disorders  they have also been given high priority for the development of vaccines and therapies to prevent intoxication.,30,1.28759446833204,1.25544947936978,1.19222160505451,1.21130329549542,1.26466385354814,1.28696616398881
Botulism can be prevented by administration of neutralizing antibodies or vaccination.,11,1.09971316671738,1.29722347328679,1.01512596774013,1.29850833479954,1.18714118819489,1.13359807741661
Currently available vaccines are composed of chemically inactivated crude isolates of BoNTs that are produced in C. botulinum and have several limitations including efficacy and accessibility.,26,1.2849915122977,1.23456367728097,1.17157609054137,1.10149699307204,1.24403310174491,1.24710795348016
Development of more efficient vaccines for botulism is warranted.,9,1.31106049725191,1.32623125137567,1.25256407560701,1.28810484879552,1.32056836360631,1.31276353884355
Our results of Hn-33 and other NAPs exhibiting strong immunogenicity suggest that it may be possible to employ them as adjuvants for development of vaccines against botulism to enhance their efficacy.,31,1.20362987322225,1.28402482883575,1.21302537673761,1.24058305929737,1.26746321791151,1.28767834891574
NAPs have previously been shown to demonstrate adjuvant activity in BoNT/B by increasing anti BoNT/B antibody production in mice.,19,1.05576434654807,1.2326964959793,1.18523337045081,1.20681721714381,1.16048076689999,1.165892155423
Botulinum in its complex form is commonly used in therapeutic and cosmetic formulations.,13,1.26931895193219,1.27491013710593,1.27232063700693,1.20231108758127,1.25694800668512,1.26732067682209
Development of resistance to botulinum therapy is an important clinical issue and antibodies raised against the toxin are responsible for most cases of resistance by development of neutralizing antibodies and secondary non-responsiveness to treatment.,34,1.09285887114351,1.27183438392856,1.11945271743057,1.2177581417941,1.17085265008892,1.0879503264939
This issue becomes more important with higher and repeated dosing.,10,1.30412218384315,1.29252437736731,1.28798074370686,1.28398812132619,1.29356418011602,1.31745364589195
Our results of pure neurotoxin generating significantly less antibody response as compared to botulinum complex  suggest that pure neurotoxin may be less likely to induce antibodies which could lead to nonresponsiveness.,31,1.18988550471015,1.2433777890295,1.14090314351169,1.19109744719597,1.16662145379137,1.18323446716712
Botulinum toxin type A in its pure form free of associated proteins has recently been shown to be successful in the treatment of cervical dystonia.,25,1.2780918455396,1.22746712385766,1.19213882398662,1.1621107352433,1.26894528835063,1.28144395517475
Recent reports have suggested that there are substantial systemic adverse reactions and respiratory compromise as a result of the use of types A and B botulinum neurotoxin complex based therapeutic and cosmetic products  BotoxÔ and MyoblocÔ   leading United States Food and Drug Administration to issue medical advisory on their safety  http://www.fda.gov/cder/drug/early_comm/botulinium_ toxins.htm .,56,1.29310220182286,1.23978829370396,1.22870651141993,1.15630750260703,1.28301815166592,1.28802044282085
Immunoreactivity of different components of BoNT/A complex may lead to examination of the role of these components in any possible adverse immune reactions.,23,1.27079359152951,1.26552868654511,1.25791409483861,1.2562192027509,1.21934361300688,1.25750312126155
In order to investigate the accessibility of the neurotoxin within the complex  the immunoreactivity of sera against the pure neurotoxin to pure BoNT/A was investigated in the BoNT/A complex and pure forms and in the light and heavy chains of BoNT/A.,41,1.23451619312969,1.22510892224298,1.11297608518859,1.18774965208282,0.975194315411104,1.0019214093441
ELISA binding curves of BoNT/AC and BoNT/A with antibodies raised against BoNT/A indicate that BoNT/A in its purified and complex forms reacts equally to the antibodies raised against the pure BoNT/A  but this reaction is about 2.5-fold higher compared to the immunoreaction to BoNT/A light and heavy chains  Figure-6 .,50,0.874552132377726,1.14644700448424,1.07596300515605,1.19187361720099,0.845646232971963,0.768077492875936
This observation suggests that a-BoNT/A can recognize similar epitopes in the pure neurotoxin or in the neurotoxin within the complex  but separation of the chains results in loss of some of the epitopes  presumably as a result of conformational changes which occur following the chain separation.,46,1.23405994644791,1.22780648081446,1.17499690058117,1.17649478097285,1.13153202833257,1.16213853545614
Comparison of the immunoreactivity of pure BoNT/A to antibodies raised against BoNT/AC  w1:3000  Figure-1  with the immunoreactivity of BoNT/AC to antibodies raised against pure BoNT/A  w1:16 000  Figure-6  shows a substantial difference in the two reactivities  over 5-fold .,40,0.961908694271804,1.16558865044154,1.10596983941342,1.20868157165888,1.12428949637693,0.96409647309072
At first it may simply be suggested that since BoNT/A is about 25% of the BoNT/A complex protein  given the same amount of protein injected for BoNT/AC toxoid and pure BoNT/A toxoid into rabbits  it will just be the effect of the amount of protein.,45,1.2494258895271,1.17218451947165,1.14787766266436,1.14643721921365,1.21822797476076,1.2378506220776
However  the same could be true for Hn-33 which is also about 25% of BoNT/AC protein  but is infact not.,20,1.27638581115439,1.22671642265978,1.28371014570717,1.19852375820079,1.24946934589411,1.28488736497882
Assuming that the lower immunoreactivity of BoNT/A in the complex is not due to the amount of antigen injected  the observation will reflect that the neurotoxin’s accessibility may be playing a role in lower immunogenicity of BoNT/AC toxoid prepared from formalin treatment which causes crosslinking and freezing of the structure.,50,1.23508913698253,1.22151822931895,1.19493391164024,1.21718704637318,1.20803160231464,1.23188825005702
BoNT/A in its complex structure appears to be in a flexible accessibility  which allows its accessibility to anti-BoNT/A antibodies  but once the structure is fixed with formalin crosslinking  only portion of it is available as antigen  perhaps leading to its lower immunogenicity.,42,1.19396430579593,1.23508376420594,1.20571268534689,1.20717359049902,1.14083342354972,1.16228156087144
In contrast  Hn-33 in fact shows higher immunogenicity in a BoNT/A complex than after its purification.,16,1.23788114276954,1.22309917829949,1.23107230260836,1.23432747158436,1.18662975236819,1.24217923940376
Hn-33 being on the surface of the complex  but perhaps under either a different conformation  or as a result of adjuvant effect of some of the NAPs in the complex  shows higher immunogenicity when present in the BoNT/A complex.,39,1.17686239782192,1.22904877438555,1.24077500864765,1.19976154433137,1.18530431985045,1.22849761044909
Further investigation is needed to address some of these questions.,10,1.3313514701288,1.33199813921378,1.33052929693053,1.31861180480793,1.32871613893232,1.30600308907562
