Text
"Botulinum neurotoxins (BoNTs) are a group of large proteins produced by Clostridium botulinum in seven immunologically distinct serotypes named A-G. BoNTs being the causative agents of the most dreaded food poisoning disease, botulism, are the most potent toxins known to human kind. Interestingly, however, BoNT also remarkably serves as a powerful tool to treat a myriad of neuromuscular disorders, and in cosmetic applications."
"BoNTs are produced as w150 kDa nontoxic single chain proteins that are activated by proteolytic cleavage to a dichain structure consisting of a 50 kDa light chain (LC) and a 100 kDa heavy chain (HC) linked through a disulfide bond. To produce its toxic effect, the toxin progresses through a series of well defined steps that includes binding to receptors on the surface of cholinergic nerve endings mediated by the C-terminus of heavy chain, internalization via receptor mediated endocytosis, penetrating the endosome by pH induced translocation, and finally acting enzymatically in the cytosol to block neurotransmitter release. BoNTs possess Zn 2þ endopeptidase activity against a select group of neuronal proteins involved in the exocytosis process, causing the blockage of acetylcholine release at the neuromuscular junction."
"The most common source of botulism is by ingestion of food contaminated with spores of C. botulinum, preserved under anaerobic conditions that favor germination of spores, and secretion of the neurotoxin. BoNTs are secreted from the bacterium along with a group of neurotoxin associated proteins (NAPs) in the form of a complex. The size of the complex varies with serotypes, but all the serotypes of botulinum neurotoxin complex contain 1-7 additional associated proteins. A close functional relationship between BoNT and NAPs is strongly indicated by clustering of genes for BoNT, NAPs and a regulatory gene botR. NAPs have been known to contribute significantly to the oral toxicity of BoNTs. NAPs also have been recently shown to play a critical role in enhancing the endopeptidase activity of the neurotoxin. Because of the extreme toxicity and stability of BoNT in the presence of NAPs, BoNT complexes are on the top of the list of biological warfare agents. Ironically, it is the complex form of the BoNT along with NAPs that is most commonly used as therapeutic agent to treat several neuromuscular disorders and in cosmetic applications."
"Specific interactions between the neurotoxin and NAPs in botulinum complex seem to protect the neurotoxin from the acidity and proteases in the GI tract and in the absorption of the toxin in the gut wall. At the same time, such protection could interfere with the interaction of an antibody with the neurotoxin when present in the complex form. Therefore, it is important not only to analyze the interference of the NAPs in the detection of the neurotoxin, but also to characterize the immunological properties of the associated proteins themselves. So far, studies have been conducted only on the effect of BoNT at the nerve cell in blocking the release of neurotransmitters to cause flaccid paralysis. BoNT and NAPs could have an effect on other vital systems, in addition to paralysis. Understanding the effect of BoNT and NAPs on the immune system is of particular concern. Thus immunological characterization of BoNT and its associated proteins is critical for not only designing detection systems for this class A bioterror agent, but also for developing more efficient approaches for vaccine development against botulism, and to better understand their immune response in the host."
"In this study we have investigated the immunochemical reactivities of BoNT/A in its pure and complex forms, and its associated proteins, to polyclonal antibodies raised against the toxoids of the neurotoxin complex, pure neurotoxin, and its constituent light and heavy chains, and Hn-33 using enzyme-linked immunosorbent assay."
"Results indicate that the neurotoxin is accessible to antibodies even in the complex form, but such accessibility is hindered by the presence of NAPs. In addition, antibodies raised against the whole complex have higher reactivity to the complex and NAPs when compared to the purified neurotoxin, suggesting stronger immunogenicity of the NAPs over that of the purified neurotoxin. Higher immunogenicity of the neurotoxin complex is primarily due to the presence of Hn-33. BoNT/AC, NAPs and Hn-33 have a significantly higher potential to induce host response."
"Bovine serum albumin (BSA), o-phenylenediamine dihydrochloride (OPD), 3% H 2 O 2 , polyoxyethylene sorbitan monolaurate, and alkaline phosphatase conjugated goat anti-rabbit IgG were obtained from Sigma Chemical Co., St. Louis, MO. Phosphate buffered saline (0.01 M PBS, pH 7.4), Tris buffered saline (0.01 M Tris, pH 7.4), and phosphate-citrate buffer (PCB, pH 5.0) were prepared in deionized distilled H 2 O. All chemicals were of the highest grade commercially available."
"Type A neurotoxin (BoNT/A) and its complex (BoNT/AC) were prepared according to previously established procedures. During the purification of the neurotoxin, we obtained a pool containing mostly NAPs with residual toxin. The pool was dialyzed against 0.02 M Na 2 HPO 4 -NaH 2 PO 4 buffer, pH 7.0, and loaded on an SP-Sephadex C-50 column that was equilibrated with the pH 7.0 buffer. Recovery of the purified NAPs eluted from the SP-Sephadex column during the column wash was w95%. The residual neurotoxin remained bound to the SP-Sephadex column and needed a linear gradient of increasing Na þ for its elution."
"Recombinant Hn-33 and LC were prepared as described previously. BoNT/A heavy chain was isolated from detoxified recombinant BoNT/A, that had been produced in our lab , by nicking and subsequent separation of the heavy chain from the detoxified holotoxin. Detoxified BoNT/A is recombinant full length botulinum type A with mutation in its two active site residues E224A/E262A, that has been successfully cloned, expressed in E. coli as a His-tagged protein, and purified from an Ni 2þ -affinity column in our lab. The purified protein lacks the endopeptidase activity involved in the toxic action of the BoNT, leading to its detoxification. For separation of BoNT/A heavy chain, purified detoxified recombinant in 0.05 M sodium phosphate, 0.3 M sodium chloride, pH 7.5 was incubated with trypsin (200:1 protein:enzyme ratio) for 60 min at room temperature. The reaction was stopped by the addition of trypsin inhibitor. The light and heavy chains were separated according to the previously established procedure. Briefly, the nicked deactivated toxin was dialyzed against 0.02 M sodium borate, 0.04 M sodium phosphate, pH 8.4 and applied to a QAE-Sephadex A50 column equilibrated with the same buffer. The material was reduced first with the aforementioned buffer containing 0.01 M DTT and then incubated with the same buffer containing 0.1 M DTT and 2 M urea overnight. Chromatography was resumed with application of buffer containing 0.01 M DTT and 2 M urea which eluted the light chain. The bound heavy chain was eluted with 0.01 M DTT, 2 M urea and 0.2 M sodium chloride."
"All proteins used to immunize rabbits were prepared as toxoids. For preparation of toxoids, BoNT/AC, pure BoNT/A, Hn-33, BoNT/A HC, and BoNT/A LC were precipitated with ammonium sulfate and the precipitant was dissolved in 0.1 M sodium phosphate buffer (NaPB) containing 50 mM NaCl, pH 7.4. The toxin was inactivated by dialyzing it against buffer containing 0.5% (wt/vol) of formaldehyde at 4 C for 6 days. Formaldehyde containing buffer was replaced everyday with fresh solution. Dialysis was continued for the next 7 days at room temperature with a single fresh buffer change everyday. Formaldehyde was removed by dialyzing the proteins against 100 mM NaPB containing 50 mM NaCl, pH 7.4 for two days with several fresh buffer changes."
"Rabbits were immunized with formaldehyde inactivated proteins (toxoids). Rabbit antisera against BoNT/AC, BoNT/A, Hn-33, BoNT/A LC and BoNT/A HC were prepared by Biodesign International Inc. on a contract basis. Briefly, rabbits were primed with antigens (400 mg, 1 ml) subcutaneously along with complete Freund's adjuvant (0.5 ml) on day 0 at multiple sites, followed by booster doses on days 21, 42, and 65 with antigens (200 mg, 0.5 ml) in incomplete Freund's adjuvant (0.5 ml). The animals were initially bled on day 51 to test the antibody titer and from day 74 onwards anti-rabbit sera was collected at regular intervals of 14 days and terminally bled at wday 140."
"Flat-bottom 96 well microtiter plates were coated with 1 mg/ml of antigens that were not treated with formaldehyde (BoNT/AC, BoNT/A Hn-33, NAPs, BoNT/A LC, BoNT/A HC) dissolved in 0.01 M phosphate buffered saline (PBS) at pH 7.4 and allowed to adhere overnight at 4 C. To remove any unbound antigen, plates were washed thrice with 0.01 M PBS, pH 7.4 containing 0.05% Tween-20 (PBST) and subsequently blocked with 3% bovine serum albumin (BSA) in 0.01 M PBS, pH 7.4 and incubated for 1 h at 37 C. Following a washing step as outlined above, plates were incubated for 1 h at 37 C with serial dilutions of the sera in 3% BSA. As controls, column 1 (no antigen) was incubated with the lowest dilution of the serum while column 2 (no primary antibody) was incubated with 3% BSA. Following a washing step, plates were incubated with peroxidaselabeled anti-rabbit IgG secondary antibody (1:18,000 dilution), for 1 h at 37 C. Plates were washed four times with PBST and then incubated with 100 ml of a substrate solution containing 0.04% OPD (o-phenylenediamine dihydrochloride) and 0.012% hydrogen peroxide in 0.15 M citratephosphate buffer, pH 5.0 for 20 min at room temperature (25 C). The reaction was subsequently quenched with 50 ml of 2 M sulfuric acid and the absorbance was measured at 490 nm. The antibody titer of the sera was measured by plotting absorbance vs. serum dilution using the mean and standard deviation for each triplicate set."
"Sodium dodecyl sulfate polyacrylamide gel electrophoresis (SDS-PAGE) of BoNT/AC (non-formaldehyde treated) was run on a 4-20% gel using the Mini Protean III system from BioRad at a constant voltage of 200 V at room temperature. The protein bands were visualized by Coomassie blue staining. The gel was scanned on a GEL Logic 100 Imager system, analyzed and quantified using the Kodak Image analysis software (Eastman Kodak Co., Rochester, NY)."
"Western blot analysis was carried out using polyclonal rabbit anti-BoNT/AC IgG (BB Tech, Dartmouth, MA). SDS-PAGE was run using a Mini Protean III system from BioRad at a constant voltage of 200 V at room temperature (25 C) using a 4-20% gradient gel. The proteins were transferred to Immun-Blot PVDF membrane (BioRad, Hercules, CA) using Mini TransBlot system from BioRad. Membrane was incubated in blocking buffer consisting of 3% BSA in 0.01 M TBS, pH 7.4 with gentle shaking for 2 h at room temperature. Membrane was washed with 0.01 M TBS, pH 7.4 containing 0.05% Tween-20 (TBST) thrice for 5 min duration. Membrane was incubated with rabbit anti-BoNT/AC IgG (1:3000 dilution) in blocking buffer for 1 h at room temperature with gentle shaking. Following a washing step as outlined above, the membrane was incubated with goat anti-rabbit IgG alkaline phosphatase antibody (BioRad, Hercules, CA) in blocking buffer for 1 h at room temperature with gentle shaking. Colorimetric detection was carried out using 5-bromo-4-chloro-3 0 -indoylphosphate p-toluidene salt (BCIP) and nitro-blue tetrazolium chloride (NBT) (BioRad) as substrate, after the membrane was washed thrice with TBST. The membrane was scanned on a GEL Logic 100 Imager system and analyzed and quantified using the Kodak Image analysis software (Eastman Kodak Co., Rochester, NY)."
"The functional antibody titers of BoNT/AC and pure BoNT/ A were tested in their capacity to neutralize pure BoNT/A and BoNT/AC in a mouse model, which is the standard assay used by the WHO. Anti-BoNT/AC and antiBoNT/A sera collected from immunized rabbits were either used as the whole sera or after dilution with PBS containing 0.2% BSA, and combined with 1 or 10 mouse LD 50 s of BoNT/A. The antisera and toxin mixtures were incubated at room temperature for 1 h before being administered to Swiss Webster mice (0.5 ml, intraperitoneally, i.p). The mice were monitored for 96 h to assess the residual toxicity of various mixtures and survival was scored."
"The N-terminal sequencing of P-250 protein was carried out by running BoNT/AC on SDS-PAGE as described above, followed by transferring the protein from the gel onto a Sequi-Blot PVDF membrane (BioRad, Hercules, CA) using the semi dry TransBlot system from BioRad (Hercules, CA). The protein was allowed to transfer until the voltage dropped from 200 V to 80 V. The Sequi-Blot PVDF membrane was first stained with Coomassie blue and then destained until a clear background was obtained. The P-250 protein was sequenced using an Applied Biosystems Precise Sequencer at the Baylor College of Medicine, Houston, TX."
"Based on the N-terminal sequence of P-250, we used the codon usage table of C. botulinum Hall-A (strain ATCC 3502) to predict the nucleotide sequence from amino acids back translation program that was acquired from Entelechon company by using their ''BacktranslationToolV2.0''."
"The genomic sequence of C. botulinum type A (ATCC3502) was obtained from the Sanger Institute (http://www.sanger. ac.uk/Projects/Microbes). The backtranslated P-250 nucleotide sequence was used for the sequence search and alignment with 7 microbial genome databases in NCBI GenBank by using BLASTN and TBLASTN (http://www.ncbi. nlm.nih.gov/sutils/genom_table.cgi). The 7 microbial genome databases comprise of Clostridium acetobutylicum ATCC 824, C. botulinum type A ATCC3502, Clostridium difficile 630, Clostridium perfringens ATCC13124, C. perfringens str. 13, Clostridium tetani E88, Clostridium thermocellum ATCC27405."
"The parameters for running TBLASTN were set as ''Low Complexity Filter is checked, Expect value ¼ 1.0''. Search for the theoretical ORFs which included the P-250 nucleotide sequence was carried out using the Hidden Markov Model GeneMark software (http://opal.biology.gatech.edu/ GeneMark). The search area covered the total 48KB (24 kb downstream and 24 kb upstream to the hit sequence) genomic sequence area."
"GeneMark is a trademark that includes a family of gene prediction programs provided by Mark Borodovsky's Bioinformatics Group at the Georgia Institute of Technology, Atlanta, Georgia. The putative P-250 ORF protein was analyzed by using the ''ExPASy Proteomics Tools'' (http://ca.expasy.org/tools) Category ''Protein identification and characterization tools''."
"Immunoreactivity of sera isolated from rabbits immunized with BoNT/AC, pure BoNT/A, BoNT/A LC, BoNT/A HC, NAPs, and recombinant Hn-33 was analyzed by ELISA."
"In order to compare the immunoreactivity of BoNT/AC to BoNT/A and to the neurotoxin associated proteins, interaction of a-BoNT/AC sera with BoNT/AC (nonformaldehyde treated), pure BoNT/A, Hn-33, and NAPs was examined. As shown in <ref type=""figure"" target=""#fig_0"">Fig. 1</ref>, it is clear that antibodies raised against the entire complex have a much stronger reactivity to the complex than to the neurotoxin. Results showed that rabbit a-BoNT/AC sera titers to BoNT/A antigen was detected but with 60-fold lower titer than for BoNT/AC. However, significant reactivity of anti-complex sera to the purified neurotoxin was still observed indicating that anticomplex sera contains a substantial amount of antibodies that can interact with the neurotoxin. This suggests that the use of antibodies against the purified neurotoxin may not be the best system for the detection of botulinum neurotoxin and that the detection of the neurotoxin complex may be more sensitive allowing for the detection of the neurotoxin at a much lower concentration. Detection of botulinum neurotoxin indirectly through the detection of the neurotoxin complex may have a significant value in ensuring food and environmental safety."
"It was also observed that the relative reactivity of rabbit a-BoNT/AC sera to neurotoxin associated proteins and to Hn-33 was close to BoNT/AC and its reactivity to Hn-33 and NAPs was 35-fold higher than that of pure BoNT/A antigen <ref type=""figure"" target=""#fig_0"">(Fig. 1)</ref>. This was also confirmed by the SDS-PAGE and Western blot analysis of BoNT/AC <ref type=""figure"" target=""#fig_1"">(Fig. 2)</ref>. SDS-PAGE of BoNT/AC <ref type=""figure"" target=""#fig_1"">(Fig. 2 </ref>, lane 2) exhibited 8 protein bands corresponding to the neurotoxin and a group of associated proteins. Based on the protein yield of the neurotoxin and associated proteins in the complex, it has been estimated that BoNT/AC has about 25% neurotoxin and 75% associated proteins. For BoNT/AC the protein bands correspond to 145 kDa (BoNT/A), 120 kDa NBP (neurotoxin binding protein), 53 kDa (NAP-53), 33 kDa (Hn-33), 30 kDa (Hn-30), 20 kDa (NAP-20),17 kDa (NAP-17) and 14 kDa (NAP-14). The assignments of bands observed on SDS-PAGE gel are based on previous biochemical and genetic analysis of BoNT/A in its complex and pure forms and of its associated proteins. For NAPs, the protein bands correspond to 120 kDa NBP (9%), 53 kDa NAP-53 (16%), 33 kDa Hn-33 (25%), 30 kDa Hn-30 (9%), 20 kDa NAP-20 (9%), 17 kDa NAP-17 (5%), and 14 kDa NAP-14 (8%), which is similar to previously published results. "
"Western blot analysis of BoNT/AC <ref type=""figure"" target=""#fig_1"">(Fig. 2)</ref> shows that Hn-33 is the most immunogenic of all the NAPs in the complex and that the neurotoxin shows less immunogenicity. Interestingly, a protein band at w250 kDa showed higher immunogenicity in comparison to the neurotoxin <ref type=""figure"" target=""#fig_1"">(Fig. 2)</ref>. Presence of this protein in the neurotoxin complex may in part be responsible for higher immunogenicity of the complex."
"The neutralizing capacity of rabbit anti-BoNT/AC and anti-BoNT/A sera to purified BoNT/A and BoNT/AC was determined using the mouse bioassay. The toxicity of pure BoNT/A and BoNT/AC incubated with pre-immune serum was equivalent to that of the two toxins incubated in physiological saline. By contrast, the undiluted anti-rabbit sera of BoNT/A or BoNT/AC completely neutralized 10 lethal doses of pure BoNT/A <ref type=""figure"" target=""#fig_2"">(Fig. 3)</ref> or BoNT/AC (data not shown)."
"In addition, both anti-rabbit sera were tested at the 50% titer of anti-BoNT/AC sera <ref type=""figure"" target=""#fig_4"">Fig. 5</ref> diluted with physiological saline and 1% BSA. Animals that had been immunized with BoNT/AC completely neutralized pure BoNT/A activity (100% protection; 1 LD 50 dose; <ref type=""figure"" target=""#fig_2"">Fig. 3</ref>), whereas serum from animals immunized with pure BoNT/A did not seem to neutralize pure BoNT/A activity completely <ref type=""figure"" target=""#fig_2"">(Fig. 3)</ref>. It offered about 15% protection at 1 LD 50 dose<ref type=""figure"" target=""#fig_2"">(Fig. 3)</ref>, indicating that anti-BoNT/AC serum elicits higher protection in comparison to anti-BoNT/A serum. Anti-BoNT/ A sera was also tested at its 50% titer <ref type=""figure"" target=""#fig_4"">Fig. 5</ref> diluted with physiological saline and 1% BSA. It offered about 60% protection at 1 LD 50 dose (data not shown), again suggesting that anti-BoNT/AC serum elicits higher protection in mice in comparison to anti-BoNT/A serum."
"These observations suggest that antibodies against the toxin were present more in the antisera from rabbits immunized with BoNT/AC compared to the antisera from rabbits immunized with pure BoNT/A. This conclusion is consistent with the higher binding of BoNT/AC antibodies to BoNT/AC reinforcing our observation of higher immunogenicity of BoNT/AC. B. Western blot analysis of BoNT/AC under non-reducing and reducing conditions. BoNT/AC was treated with anti-BoNT/AC IgG followed by colorimetric detection as described in Section 2. Lane 1, precision plus kaleidoscope pre-stained protein standards. Lane 2, BoNT/AC under non-reducing conditions. Lane 3, BoNT/AC under reducing conditions. Arrow points to the highly immunogenic P-250 protein."
"In an initial set of experiments, we cut out the protein band observed at w250 kDa, and carried out N-terminal amino acid sequencing for the first 15 amino acid residues. The sequencing result, LLDSSESITLDKTSM, was unique, and matches with a single ORF in C. botulinum type Hall strain (ATCC3502) genome (NCBI accession number: YP_001254150). The putative ORF site encompassing the peptide identified by the peptide sequencing is located at the genome map position 1,794,882 of ATCC 3502 Hall-A, in contrast to BoNT gene being at position 909,708. Therefore, it is clear that P-250 does not belong to the BoNT gene cluster and is located 885,114 bp downstream <ref type=""figure"" target=""#fig_3"">(Fig. 4)</ref>. Interestingly, the gene corresponding to the peptide sequence of P-250 has the start codon methionine at 190 amino residues upstream to the N-terminal sequence we obtained <ref type=""figure"" target=""#fig_3"">(Fig. 4)</ref>, suggesting that the polypeptide gets digested either during the bacterial growth or during the purification process of BoNT/AC. The polypeptide segment corresponding to the downstream of the peptide sequence identified adds up to a total of 169 amino acid residues, including the N-terminal 15 amino acid sequenced<ref type=""figure"" target=""#fig_3"">(Fig. 4)</ref>. The molecular size of this segment corresponds to only 18.74 kDa. Therefore the P-250 band is likely to be an SDS-resistant oligomer of this 18.74 kDa segment, consisting of about 16 monomers. This conclusion needs to be confirmed with further experiments. Isolation and characterization of this protein in the botulinum type A complex is currently under investigation in our laboratory."
"BLASTP analysis of the newly identified protein sequence consisting of the protein segment beginning with the peptide identified by our N-terminal peptide sequence analysis showed over 97% sequence homology with bacterial Ig-like proteins, Intimins, found on the surface of bacterial cells or phage particles. The polypeptide has sequence homology ranging between 64% and 97% with Clostridium types B, F, and A3, Clostridum beijerinckii, and Bacillus proteins which have been classified as cell adhesive proteins. A sequence homology analysis encompassing the whole protein that begins with the ORF starting amino acid showed significantly lower homology. The segment showing the maximum homology matches with the most conserved Bacterial Ig-like domain (Big_2 domain). Big_2 domains are conserved domains of cell adhesion proteins found in many bacterial cells. Since these proteins are present on the surface of the bacterial cell, it is likely that P-250 protein identified in BoNT/AC is present on the surface of the C. botulinum cells, and possibly gets attached to BoNT/AC during the latter's release from the bacterial cells. Further experiments are needed to determine that P-250 protein is indeed associated with BoNT/AC and is not just a minor contaminant that is co-purified with the complex Although not reported previously, a protein of similar size can be seen on SDS-PAGE gels of not only other but also types C and D BoNT complexes. Relevance of the immunogenicity of P-250 protein needs to be further examined both for detection of BoNT agents and also for their immunogenic response in therapeutic preparations commercially being used against several neuromuscular disorders."
"Higher reactivity of rabbit a-BoNT/AC sera to the neurotoxin associated proteins and to Hn-33 could result from the abundance of associated proteins in the complex or due to higher immunogenicity of these proteins. Relative immunogenicity of BoNT and NAPs was investigated by testing the binding of BoNT/AC, Hn-33, purified BoNT/A, and BoNT/A light and heavy chains with their respective antisera. It was observed that sera raised against Hn-33 binds to Hn-33 three times more effectively than antineurotoxin to the neurotoxin <ref type=""figure"" target=""#fig_4"">(Fig. 5)</ref> . It is notable that although the compositions of Hn-33 and BoNT/A in the complex are identical, the two antigens generated different immune responses. These results clearly point towards stronger immunogenic properties of Hn-33. Inspite of being a smaller protein in comparison to the BoNT/A (33 kDa vs. 150 kDa), Hn-33 exhibited stronger immunogenicity. Since Hn-33 forms the largest fraction of NAPs in the botulinum complex, this observation indicates that Hn-33 accounts for most of the immune response of the complex. It was also observed that BoNT/A LC was 2-fold more immunogenic than BoNT/A HC. This observation is at variance with the observation of, whose results with monoclonal single chain variable fragments have suggested that heavy chain may be more immunogenic based on how many scFv reacted to the heavy chain domain vs. the light chain domain."
"Although botulinum neurotoxins are being beneficially employed for the treatment of neuromuscular disorders, they have also been given high priority for the development of vaccines and therapies to prevent intoxication. Botulism can be prevented by administration of neutralizing antibodies or vaccination. Currently available vaccines are composed of chemically inactivated crude isolates of BoNTs that are produced in C. botulinum and have several limitations including efficacy and accessibility. Development of more efficient vaccines for botulism is warranted. Our results of Hn-33 and other NAPs exhibiting strong immunogenicity suggest that it may be possible to employ them as adjuvants for development of vaccines against botulism to enhance their efficacy. NAPs have previously been shown to demonstrate adjuvant activity in BoNT/B by increasing anti BoNT/B antibody production in mice."
"Botulinum in its complex form is commonly used in therapeutic and cosmetic formulations. Development of resistance to botulinum therapy is an important clinical issue and antibodies raised against the toxin are responsible for most cases of resistance by development of neutralizing antibodies and secondary non-responsiveness to treatment. This issue becomes more important with higher and repeated dosing. Our results of pure neurotoxin generating significantly less antibody response as compared to botulinum complex, suggest that pure neurotoxin may be less likely to induce antibodies which could lead to nonresponsiveness. Botulinum toxin type A in its pure form free of associated proteins has recently been shown to be successful in the treatment of cervical dystonia."
"Recent reports have suggested that there are substantial systemic adverse reactions and respiratory compromise as a result of the use of types A and B botulinum neurotoxin complex based therapeutic and cosmetic products (BotoxÔ and MyoblocÔ), leading United States Food and Drug Administration to issue medical advisory on their safety (http://www.fda.gov/cder/drug/early_comm/botulinium_ toxins.htm). Immunoreactivity of different components of BoNT/A complex may lead to examination of the role of these components in any possible adverse immune reactions."
"In order to investigate the accessibility of the neurotoxin within the complex, the immunoreactivity of sera against the pure neurotoxin to pure BoNT/A was investigated in the BoNT/A complex and pure forms and in the light and heavy chains of BoNT/A. ELISA binding curves of BoNT/AC and BoNT/A with antibodies raised against BoNT/A indicate that BoNT/A in its purified and complex forms reacts equally to the antibodies raised against the pure BoNT/A, but this reaction is about 2.5-fold higher compared to the immunoreaction to BoNT/A light and heavy chains (Fig. 6). This observation suggests that a-BoNT/A can recognize similar epitopes in the pure neurotoxin or in the neurotoxin within the complex, but separation of the chains results in loss of some of the epitopes, presumably as a result of conformational changes which occur following the chain separation."
"Comparison of the immunoreactivity of pure BoNT/A to antibodies raised against BoNT/AC (w1:3000, Fig. 1) with the immunoreactivity of BoNT/AC to antibodies raised against pure BoNT/A (w1:16,000, Fig. 6) shows a substantial difference in the two reactivities (over 5-fold). At first it may simply be suggested that since BoNT/A is about 25% of the BoNT/A complex protein, given the same amount of protein injected for BoNT/AC toxoid and pure BoNT/A toxoid into rabbits, it will just be the effect of the amount of protein. However, the same could be true for Hn-33 which is also about 25% of BoNT/AC protein, but is infact not. Assuming that the lower immunoreactivity of BoNT/A in the complex is not due to the amount of antigen injected, the observation will reflect that the neurotoxin’s accessibility may be playing a role in lower immunogenicity of BoNT/AC toxoid prepared from formalin treatment which causes crosslinking and freezing of the structure. BoNT/A in its complex structure appears to be in a flexible accessibility, which allows its accessibility to anti-BoNT/A antibodies, but once the structure is fixed with formalin crosslinking, only portion of it is available as antigen, perhaps leading to its lower immunogenicity. In contrast, Hn-33 in fact shows higher immunogenicity in a BoNT/A complex than after its purification. Hn-33 being on the surface of the complex, but perhaps under either a different conformation, or as a result of adjuvant effect of some of the NAPs in the complex, shows higher immunogenicity when present in the BoNT/A complex. Further investigation is needed to address some of these questions."
