Fig,Caption
1,"Figure-1 ELISA binding curves of antibodies raised against BoNT/AC to BoNT/AC, NAPs, Hn-33, and to BoNT/A."
2,"Figure-2 A. SDS-PAGE analysis of BoNT/AC under reducing and non-reducing conditions. Lane 1, broad molecular mass protein standards Myosin (200 kDa), b-galactosidase (116.3 kDa), phosphorylase b (97.4 kDa), serum albumin (66.2 kDa), and ovalbumin (45 kDa), carbonic anhydrase (31.0 kDa), trypsin inhibitor (21.5 kDa), and lysozyme (14.4 kDa). Lane 2, BoNT/AC under non-reducing conditions. Lane 3, BoNT/AC under reducing conditions. B. Western blot analysis of BoNT/AC under non-reducing and reducing conditions. BoNT/AC was treated with anti-BoNT/AC IgG followed by colorimetric detection as described in Section 2. Lane 1, precision plus kaleidoscope pre-stained protein standards (250, 150, 100, 75, 50, 37, 25, 20, 15, 10 kDa). Lane 2, BoNT/AC under non-reducing conditions. Lane 3, BoNT/AC under reducing conditions. Arrow points to the highly immunogenic P-250 protein."
3,Figure-3 Protection from BoNT/A intoxication by anti-BoNT/A and anti-BoNT/ AC sera. A. Neutralizing capacity of undiluted anti-rabbit sera of BoNT/A or BoNT/AC to10 lethal doses of pure BoNT/A. B. Neutralizing capacity of rabbit anti-BoNT/AC and anti-BoNT/A sera to purified BoNT/A at 50% titer of BoNT/AC.
4,"Figure-4 A. Genomic map of Clostridium botulinum strain Hall, showing the location of origin, BoNT/A cluster gene, and the gene of P-250 protein. B. TBLASTN and GeneMark analysis of C. botulinum strain Hall-A ATCC 3502 genome for identifying the location of the peptide sequenced from P-250 protein band. GeneMark software predicted 5 ORFs around the area that included the peptide sequence ''LLDSSESITLDKTSM''. The area boxed in blue color showed the longest ORF translation consisting of 359 amino acid residues."
5,"Figure-5 Graph depicting the binding of BoNT/AC, Hn-33, BoNT/A, BoNT/A light and heavy chains to their respective antibodies as determined by ELISA."
6,"Figure-6 Binding of BoNT/A, BoNT/AC, BoNT/A light and heavy chains to antibodies raised against BoNT/A."
