Sentences,length,sent_fig_caption-1,sent_fig_caption-2,sent_fig_caption-3,sent_fig_caption-4,sent_fig_caption-5,sent_fig_caption-6
Our perception of the environment is shaped by the combination of information from multiple sensory modalities.,16,1.15388717981136,1.18766726628214,1.17119031699827,1.21575583638053,1.176810784455,1.11462032037882
While there are distinct regions of the cortex devoted to processing information gathered by each of the sensory systems  areas once thought to be modality-specific are now known to be influenced by input from other sensory modalities.,37,1.15478159462675,1.1531012984123,1.09761562367963,1.16261163410843,1.11471763435897,1.03918864467206
For example  activity in both the auditory and visual cortices can be amplified by contextually or spatially congruent multisensory stimuli.,20,1.07328406412087,1.06854040809752,1.03066867028186,1.10415882020823,1.04782543836276,0.89052452280872
Additionally  unisensory auditory  visual  and somatosensory stimuli that are known to activate the corresponding sensory cortex can also significantly decrease activity below baseline levels in sensory cortices that process information from modalities in which no stimulus is presented.,38,1.07248324711333,0.95722290470203,0.925274925734598,0.969732633445148,0.928814100288682,0.820485814230788
"We use the term ""cross-modal deactivations"" to refer to these activity decreases that occur across sensory domains.",17,1.17860718916343,1.15147806916583,1.13011592959798,1.1622860393216,1.13009580305983,1.08585237368039
In addition to incoming sensory information  top-down modulation from frontal and parietal cortices can also influence activity in the sensory cortices.,21,1.19471561641204,1.10727430121192,1.08998171282831,1.13452602259385,1.10502504210937,0.985448580842397
Focusing attention on a particular spatial location or stimulus feature has been shown to enhance activity in regions of visual cortex responsible for processing that information  while suppressing activity in surrounding cortical areas.,33,1.09447644614041,1.06911839497558,0.959840376523822,1.06994802317171,0.970681104211507,0.886679379699438
Such modulations in cortical activity can even be observed in the absence of any stimuli  indicating that they can be produced solely by attentional effects independent of an actual stimulus.,30,1.10177763830687,1.10992468923128,1.0675533656856,1.11585812991431,1.06199841937621,0.880510285690188
These mechanisms of visual spatial attention have been studied extensively  however  less is known about the impact that attention to a single sensory modality has on sensory processing.,28,1.02628679548761,1.14271887973437,1.04877627574031,1.14146524145559,1.05373312945676,0.795362034146265
Behavioral experiments demonstrate that the primary effect of modality-specific attention is decreased processing of stimuli in an unattended modality  while task performance in the attended modality experiences little to no improvement.,31,1.06925278680646,1.15586923583317,1.0432949266341,1.11404304651057,1.05038156913981,0.934568409735648
Imaging data consistently demonstrate that focusing attention on stimuli in one sensory modality increases activity in cortical regions that process stimuli in the attended modality.,25,1.06760497974173,1.07767228546123,0.983629919319035,1.05390215872322,0.990592771795104,0.904302871632836
Additionally  a number of studies also show that selective attention to stimuli in one sensory modality can modulate the unattended sensory cortex by suppressing activity .,25,1.06436882695751,1.06042351629398,0.972653354130825,1.04766048240371,0.988646481989327,0.850391786731555
For example Johnson and Zatorre  2006 demonstrated that when participants attended to shapes and ignored melodies  activity increased in visual association cortex and decreased in auditory processing regions compared to conditions where participants passively viewed these same bimodal stimuli.,39,1.13004872441984,1.00161546495627,0.927530227434025,1.02020088332063,0.930985808100712,0.945720150917645
Although these imaging studies suggest an important role for modality-specific attention in modulating activity in both the attended and unattended sensory cortices  it is unknown to what extent modulatory effects are dependent on the presence of a stimulus.,38,1.08252609333524,1.05680851174104,0.998441477619843,1.02573048127884,0.997755929000046,0.899403318104927
That is  decreases in auditory cortex activity during attention to visual stimuli could be produced by the stimulus itself  by top-down modulation of the sensory cortices  or by interactions between bottom-up stimulus properties and top-down attentional processes.,37,1.01881987752842,1.05491544635359,0.936925106696875,1.0598470988748,0.955808423864273,0.834222704197725
In a study byBaier and colleagues  2006   attentional modulation of early auditory and visual cortices was found to be stronger when bimodal stimuli were expected to be associated than when the auditory and visual components of the stimulus were independent.,40,1.00837827413607,1.07762487629937,1.01649635000619,1.09819847221647,1.03143344880792,0.856336400562089
The results of this experiment indicate that modality-specific attention can alter cortical activity prior to the presentation of a target  however the presentation of bimodal stimuli in all trials may have precluded the observation of deactivations in sensory-specific cortices.,39,1.00115766917464,1.05633331224517,0.93482089991278,1.02588984150124,0.927020398492055,0.910700589259588
During behavioral experiments  prominent performance decrements are observed for targets in the unattended modality.,14,1.12771781875401,1.21144759115025,1.14266132908098,1.20641468827648,1.14397075604417,0.996925548977115
This suggests that an important neural consequence of modality-specific selective attention is the suppression of activity in sensory cortices that process stimuli in the unattended modality.,26,1.0627488374793,1.1228118367007,1.02127372026075,1.11733031872128,1.02700466530498,0.881059437243042
Behavioral experiments that are designed to test performance enhancements and decrements associated with modality-specific attention require the presentation of stimuli in both the attended and unattended sensory modality.,28,1.06944770912939,1.15823494518285,1.07263721643715,1.14006171695253,1.07735744588484,1.00200997914513
However  presenting bimodal stimuli may confound investigations into the physiological effects of modality-specific attention because a bimodal stimulus increases activity in both the attended and unattended sensory modality cortices  thus masking true cross-modal deactivations.,34,1.07273588001615,1.07496577666097,0.980635908365691,1.06114451513172,0.98608992202694,0.891622196903377
To characterize the nature of the neural response to auditory and visual selective attention  this experiment utilized attention cues presented prior to unimodal sensory stimuli.,25,0.952278094974835,1.14282750260309,1.00757518516962,1.10382286537334,1.0198153018253,0.873335939699609
On selected trials  the unimodal target was not presented after the cue  allowing us to explore increases and decreases in primary auditory and visual cortex activity due solely to attention.,30,0.907895070205625,0.968444853866939,0.827348956670825,0.917540331872003,0.832342108991223,0.790175474194836
We hypothesized that suppression of sensory cortices during modality-specific selective attention would be evident in deactivations of the unattended sensory cortex during presentation of the cue alone.,27,1.0345881846677,1.13761321264805,1.02199847633195,1.12388394099261,1.02927710611477,0.95074251678772
Fifteen adult volunteers  6 men  9 women   age 21 to 30  mean age  23  participated in this study.,18,1.26341510029757,1.24373741697639,1.24510446312511,1.23622310322013,1.23160333584405,1.28540663680904
All participants were in good health  with normal or corrected to normal vision and normal hearing.,16,1.24169668326375,1.12821413327198,1.14801295642054,1.16757814900533,1.15755781509539,1.18776599491138
After receiving an explanation of the study procedures  all participants provided written informed consent.,14,1.25332908857159,1.26364098375488,1.23002472662621,1.26317844658386,1.23018831163415,1.2837241837264
This study was approved by and conducted in accordance with the Wake Forest University School of Medicine Institutional Review Board for the protection of human subjects.,26,1.28392803120144,1.24645486565804,1.2546452788331,1.25512791599466,1.25535187492433,1.28386600645128
Participants completed a cued detection paradigm that included visual and auditory targets designed to asses the effects of modality-specific attention in the presence and absence of target stimuli.,28,0.908530320242961,1.12009610699733,0.926664984201871,1.08224882194946,0.936920340756891,0.809225569236154
In order to ensure that participants would effectively deploy attention on all trials  participants were told that all trials would contain a target following an attentional cue.,27,0.948262058080824,1.08223899396948,0.992206439708793,1.02227633022509,0.98824878288038,1.04915684289532
They were instructed that the purpose of this experiment was to evaluate brain responses to a discrimination task of graded difficulty  so the experiment would include a range of easy to very difficult detection trials.,35,1.12273127742736,1.11899418029359,1.12263897477527,1.1077303678062,1.1245106462009,1.15855345479828
Some auditory and visual targets provided a very small change in stimulus intensity from resting or background levels of stimulation and were very difficult to detect  while others conveyed a larger intensity change and were very salient and easy to detect.,41,1.09287776574848,1.07419643885534,0.998826068195676,1.06939714725812,1.00756474609579,0.982797062101678
Additionally  on 1/3 of the trials  no target was presented after the cue.,13,0.9186979919935,1.0968498803199,1.06255701084232,1.0334386812455,1.06097805111714,1.08384714969409
"These ""no-target"" trials were included to assess the effects of attention  independent of stimulus presentation  however  participants were unaware of their existence as it was difficult to tell no-target trials apart from trials with very faint stimuli.",37,1.03619104394242,1.08848776294656,1.03687319474083,1.05804190471227,1.03191742542008,1.09277935654651
Although including a smaller proportion of no-target trials than target trials reduces the power to detect the effects of the no-target stimulus condition  it was necessary to limit these trials so that participants remained unaware of the absence of a stimulus.,41,1.03387643205774,1.05722061575176,1.03659690631524,1.02916170194965,1.03420891951451,0.992205933276231
Subjects were instructed to fixate on a white cross in the center of a black screen throughout the experiment.,19,1.18147401375593,1.21396602990412,1.14322401002742,1.20556473792604,1.14224051573136,1.21380367894839
Each trial began with a visually presented cue that provided information about the upcoming target type.,16,0.862002888204574,1.14102908338252,1.08733995770298,1.0933274235227,1.08418452701242,1.09575330557465
A picture of two ears cued subjects to listen for an auditory target.,13,0.913257165695488,1.13657506971722,1.03537394993666,1.11626821883498,1.04558129443002,1.0052250530677
A picture of two eyes cued subjects to look for a visual target.,13,0.97278244771328,1.15830773297196,1.03909628338976,1.13433413056928,1.04574889845498,1.00061231644645
A picture of one eye and one ear cued subjects to pay attention to both vision and audition  as the target could appear in either modality.,26,1.01985848828746,1.07587514735596,0.954033010303176,1.04889877648335,0.965549444099017,0.926516920248444
Additionally  there was a rest cue  two X's  that informed participants to do nothing until the next trial  and a motor cue  two fingers  that prompted subjects to press either button as soon as any target was detected.,38,0.958534944650604,1.14503953208132,1.04007412098817,1.10974799967922,1.04401053012318,1.0924292976422
The no-target trials were different than rest trials  where participants received a rest cue  which alerted subjects that there would be a rest interval instead of a target.,28,0.978712253052479,1.09303288014418,1.02919685515441,1.05571476160996,1.02113648148558,1.122498756841
The rest and motor and trials were not utilized for any of the analyses included in this paper.,18,1.13482623105573,1.11122355404008,1.15966686791873,1.12060914948719,1.16180568517702,1.19686711518434
Following the presentation of the cue  500 ms duration   there was a variable delay  1000-1500 ms  before the target stimulus.,20,0.960759002927936,1.21476965778198,1.12727673558475,1.1560317066664,1.11282355555921,1.0914702532613
Each auditory target was a single 50 ms  500 Hz tone that could vary in volume from 1% to 66% of the volume of a tone adjusted for each participant to a level that could be heard clearly above the scanner noise.,42,1.09866470652977,1.13365173214131,1.07503306032705,1.11437227803306,1.06429957923703,1.07205733627693
Six different volume gradations were created  1%  5%  25%  35%  50%  and 66% of a suprathreshold stimulus  using the volume reduction function in Goldwave audio editing software http://www.goldwave.com.,31,1.19336725512055,1.17069330081298,1.16663731878258,1.16166612155863,1.16786380320313,1.18442961126254
A visual target was a single 50 ms change in the brightness of the black background that could vary in brightness from 5% to 70%  black = 0% brightness  white = 100% .,32,1.14399255291165,1.12846863735195,1.03257537952884,1.1059289772017,1.01359314516821,1.05658781621395
Eight different brightness gradations were created  5%  10%  20%  30%  40%  50%  60%  and 70% of a pure white background  using the lightness function in Photoshop http:// www.adobe.com.,31,1.27881204340107,1.20098867047203,1.20982895045657,1.20123292086797,1.21660209795549,1.23787365962648
These graded stimuli were designed to generate a task where participants would have to make present/absent judgments of various difficulty  not to measure precise signal detection properties of each stimulus intensity.,31,1.12122176101259,1.1698109594933,1.07705892615638,1.16287746308848,1.08782135823848,1.12839824838612
The nature of the paradigm  using cues and varying levels of target intensities rather than streams of stimuli at regular intervals  ensures that no-target trials will not elicit an omitted stimulus response.,32,1.03846438585458,1.03051607852758,1.04631086276986,0.999653608294159,1.04237136549711,1.04993012946845
After the target interval and a variable delay  200 to 500 ms   the white fixation cross in the center of the screen turned red to prompt a response.,28,1.1357257712724,1.22266618793125,1.14342015942295,1.19414856072138,1.12459250666356,1.13118800723759
Participants were instructed to respond by pressing the left button if they perceived a target or the right button if they did not perceive a target.,26,1.0914695152501,1.20534403463224,1.09427194461237,1.17868526148887,1.10368054588329,1.13458268967292
See Figure-1 for a diagram of the time course of trial events.,12,0.644542286350637,1.20349304845934,1.20869323943109,1.19643808681251,1.2039484601406,1.25456324307477
Stimuli were presented using MR compatible goggles and headphones  Resonance Technology  Inc.  with stimulus delivery and response collection controlled by Eprime software  Psychology Software Tools .,25,1.16835814295936,1.17026289719366,1.18349640507382,1.13447207972681,1.18526802439224,1.19794168270026
Participants completed five runs of the task  and each run contained 96 trials presented in random order  for a total of 480 experimental trials.,24,1.13372399468343,1.09942661476537,1.1091084083603,1.06897265546659,1.10760721236195,1.22644659295669
Eighty of these trials were auditory attention/auditory targets  40 were auditory attention/no target  80 were visual attention/visual target  40 were visual attention/no target  40 were divide attention/ auditory target  40 were divide attention/visual target  and 40 were divide attention/no target.,40,0.9177111727275,1.08829184056537,1.00426862942941,1.06550579920242,1.00099034864113,0.929425467118328
The remainder of the trials were rest or motor trials that were not included in the analyses for this report.,20,1.12688313625753,1.11831529737965,1.16280480359202,1.1213633674166,1.16314810492281,1.20317106433375
Experiments were performed on a 1.5T GE echo-speed Horizon LX scanner with a birdcage headcoil  GE Medical Systems .,19,1.26763717839598,1.24541477429538,1.25527394048753,1.24093946281363,1.24718389362341,1.27091227638357
High-resolution T1-weighted structural scans were obtained using an inversion recovery 3D spoiled gradient echo sequence  matrix size: 256 × 256  field of view: 24 cm  slice thickness: 3 mm  128 slices .,31,1.27169365376647,1.20732731275228,1.20261659668357,1.18825468950988,1.20004184116517,1.23013323754585
Whole-brain activation was assessed by examining BOLD signal alterations produced by the changes in blood oxygenation that accompany cortical activation.,20,1.20752968982309,1.18543470275743,1.12876670576625,1.18833470102044,1.13488147911254,1.11702140948141
Functional images were acquired using multi-slice gradient-echo planar imaging  EPI  TR: 2100 ms  TE: 40 ms  matrix size: 64 × 64  slice thickness: 5 mm  28 slices .,27,1.28087311462472,1.20329062365994,1.21270706282404,1.19161934277512,1.20464030182693,1.24108814285838
A measure of signal detectiblity  d'  was calculated for each attention condition using the hit rate  % of trials where a subject correctly identified that a target was present  and the false alarm rate  % of trials where there was no target but the subject incorrectly responded that one was present   in the formula d' = Z false alarm -Z hit.,61,1.07246646345302,1.0601204977586,1.0176426652299,1.00914044863552,1.01167025632674,1.09488903849045
Although d' analyses are typically performed to evaluate the detectibility of a stimulus of a single intensity  we used the analysis to compare our participants' sensitivity to a range of stimulus intensities across the different attention conditions  while controlling for participants' response biases.,43,1.1128666836815,1.17562643223151,1.10356027663177,1.14527069275827,1.10271406924424,1.08017742791417
Thus our analyses should not be interpreted as a standard signal-detection experiment  but rather as a measure of participants' ability to detect any gradation of the auditory or visual stimuli during selective and divided attention.,35,0.954138493857002,1.10434274346587,1.01227561964229,1.09392330737256,1.01749433889415,0.928644443455525
The functional images from each subject were reconstructed and processed with SPM99 http:// www.fil.ion.ucl.ac.uk/spm/software/spm99.,20,1.28605924451131,1.26299882157254,1.24534743373976,1.27519715617082,1.25348237949383,1.27037427264905
Data sets were corrected for slice timing to accurately align images with the time course of the paradigm.,18,0.988272338340006,1.16650784584151,1.18359928096022,1.1802813647806,1.18207476451829,1.19463339075894
To correct for motion  data sets were realigned using the first image as the reference.,15,1.20821278624777,1.19582369412925,1.20749336124237,1.18001721238439,1.21024005738608,1.23125472119921
Images were then normalized to Montreal Neurological Institute space based on the EPI template in SPM99.,16,1.23105302164074,1.23543579273292,1.2054485788039,1.24407502037665,1.21167779058739,1.22804339942428
Images were smoothed using a Gaussian kernel  full width at half maximum  8 × 8 × 10 mm .,18,1.26410174152516,1.20210389386095,1.22178717713197,1.17621735910974,1.20424259838936,1.23623188349834
Statistical parametric maps were generated in SPM99 using the general linear model.,12,1.26985151960911,1.17586322373099,1.24831780386359,1.2146078262984,1.24769914290067,1.23848462999712
A regression analysis was performed at each voxel to determine the parameter estimates for each trial type.,17,1.14696032183426,1.16329204066238,1.21896553397965,1.16282201968752,1.21604126043054,1.21605801155454
Each trial in the paradigm was modeled as a single event and the time course of events was convolved with a canonical hemodynamic response function and the time derivative was included.,31,0.821475739176572,1.18476851275575,1.17228595162399,1.17595291352444,1.16867780125332,1.18424517814952
Randomly presented rest trials provided a measure of baseline activity.,10,1.13658845321141,1.07605052322043,1.12204914122045,1.04854058655896,1.10221891298157,1.16619218569353
Data from the five task runs were combined for each subject in a fixed effects analysis.,16,1.16806699439332,1.20663021390192,1.18481921758977,1.19759667307257,1.18207638261488,1.13835254770242
Contrast weights were applied to the parameter estimates for each trial type  in order to identify regions where the BOLD signal change was correlated with the stimulation paradigm.,28,1.1190897946715,1.14906201153722,1.07735641891189,1.13352962205573,1.07098646444843,1.15722455530874
For example  to identify regions of increased activity during auditory attention trials  a +1 contrast weight was applied to the parameter estimate for that trial type and a 0 contrast weight was applied to all other trial types.,38,0.996768144186297,0.970765221747489,0.989974507454776,0.952261657323848,0.978450124192541,1.02052403546955
Importantly  a -1 contrast weight applied to the parameter estimate for this trial type would identify regions of decreased activity during auditory attention trials.,24,0.983065075221798,0.9927933246859,0.981616632401416,0.980271361263128,0.972273627146163,0.966561968125404
A contrast image representing the sum of the weighted parameter estimates was then generated for each effect of interest.,19,1.20494805416095,1.20835223776163,1.1876155612418,1.1911113122024,1.18481092707792,1.11385589508218
The contrast images for each subject were then used to perform random effects group analyses  where activity between trial types could be compared  e.g. where was activity greater during auditory attention than during visual attention .,36,0.981743153462706,0.945999297025201,0.955677126452347,0.963276402471514,0.954066558502749,0.812490136255529
Data were globally normalized to allow for group comparisons using proportional scaling of image means and all statistical maps were thresholded at p < 0.001 and corrected for multiple comparisons using extent correction  p < 0.05  unless otherwise noted.,41,1.2571603788528,0.746038016157287,1.13037273532566,0.800744342776875,1.11129927914573,1.20933358589257
In regions identified to have significantly greater activity during one attention condition than another  an ROI  10 mm sphere  centered on the peak voxel in the largest cluster of activation  was drawn to explore the effects driving the differences in activity between the attention conditions.,45,1.12513161905896,1.08788261019333,1.00687311076332,1.04257915198426,0.987968244477879,0.918754240766517
The mean percent signal change in each ROI was then averaged across subjects and compared during each stimulus condition.,19,1.15351447352718,1.19302858031438,1.05499893335626,1.18375492357078,1.05352706556612,1.16020849943286
One sample t-tests were used to determine if signal changes in these ROIs were significantly different from baseline during each stimulus condition  and 2 × 2 repeated measures ANOVAs were conducted to examine the impact of target  present or absent  and attended modality  audition or vision  on signal change in the auditory cortex and the visual cortex.,57,1.0868324220522,0.946289376514551,0.860857524358289,0.941455385543098,0.841568346153877,0.909345091256039
Stimulus detection  d'  during the different attention conditions  as well as the hit and false alarm rates used to calculate d'  are summarized in Table 1.,26,1.13988192758813,1.20070498637118,1.11092819535569,1.16245664039548,1.10336669845482,1.13153151074237
Participants had increased sensitivity to auditory targets when their attention was directed to the auditory modality  d' = 2.94  versus when their attention was divided between modalities  d' = 2.57   indicated by a significant increase in target detectibility during selective attention trials  t 14 = 3.52  p < 0.003 .,53,0.982243975225213,1.0054775798039,0.905781972510733,0.935543783745999,0.86710742085771,0.924791292704787
The detection analysis did not indicate a significant effect of visual attention on participants' sensitivity to visual targets.,18,1.0039184349083,1.12021635852,1.00168305632736,1.09162810108707,0.998147273200686,0.797193574273513
During trials where a target was presented after the attention cue  significantly greater levels of activity were noted in the visual cortex during attend vision trials than during attend audition trials  Figure-2.,32,0.91868274004818,0.593915194267618,0.779326873767924,0.666059723715658,0.781357832536263,0.760323892412831
Conversely  activity in auditory cortex was significantly higher during attend audition trials than during attend vision trials Figure-2 .,18,1.03925271024608,0.701432915881567,0.946728985764501,0.80778610637985,0.951904023331893,0.879351527700619
These results intuitively make sense  greater visual activity would be expected when a visual stimulus is present than when an auditory stimulus is present.,24,1.06566014149688,1.00216184014273,1.00997751914106,1.02535923543899,1.01982071997643,0.874326930521853
However  further examination using ROI analyses indicated that most of the differences in activity between attend vision and attend audition conditions resulted from activity decreases in the unattended sensory cortex.,30,1.18666793178883,0.830802266750712,0.893857747179302,0.897813262026396,0.911467483190155,0.972378167412025
That is  relative increases in visual cortical activity during visual attention were due almost exclusively to suppression of visual cortex during auditory attention.,23,0.992936744146867,1.02833860973818,0.92714735424406,1.04814749589422,0.948019715426358,0.686600967341556
It should be noted that the regional analyses for this study were not conducted in primary sensory cortices  but rather in the sensory association cortices where whole brain analyses were used to locate the peak activity differences between visual and auditory attention conditions.,43,1.08160487086218,1.007998421664,0.928471657400221,1.04157360882448,0.940156380774035,0.889586048845835
The ROI for the visual cortex was centered in dorsal visual association cortex in the occipital lobe  BA 19  MNI 64  -36  16   and the auditory cortex ROI was located in the auditory association cortex of the superior temporal gyrus  BA 42  MNI 78  48  45 .,46,1.16523266570161,1.12742639105959,1.05134972099396,1.14555589290847,1.06093337271413,1.03183271600543
Activity decreased below baseline levels in this visual cortex ROI during attend audition trials  mean signal change = -0.40 %  t 14 = -8.65  p < 0.001   but did not change significantly during the attend vision trials  mean signal change = -0.05 %  t 14 = -1.29  ns  Figure-3,54,1.19274251346125,0.776537348701569,0.842970988959631,0.774429984124948,0.798474322400369,1.0849954253785
Similarly  the relative increases in auditory cortex activity observed when comparing the attend audition trials to attend vision trials were driven primarily by significant deactivations in auditory cortex during attend vision trials  mean signal change = -0.19 %  t 14 = -4.45  p < 0.001 Figure-3 .,49,1.08236286306382,0.631236948372525,0.792716643641918,0.66466217715808,0.776656275359762,0.961829006924028
Small activations noted in auditory cortex during attend audition trials also contributed to the relative differences observed between attend audition and attend vision conditions  mean signal change = 0.14 %  t 14 = 2.82  p < 0.014 Figure-3 .,41,1.14258083004391,0.693833594466923,0.831286861084539,0.728683395547078,0.831362149962561,1.06524035972061
The subtle stimuli used as targets in this experiment did not produce large positive changes in the BOLD signal  so it is unlikely that they were the only factors driving the deactivations in unattended sensory cortices.,36,1.11599883359312,1.15090194404973,1.03634139356515,1.14064509015934,1.05582850885133,1.05993582558085
However  the presence of the target in these trials does not allow the relative contributions of sensory-and attention-driven deactivations to be ascertained.,22,0.993272851820755,1.0642277131485,1.07733228163443,1.04872708979145,1.06845241190841,1.01472452507635
"Therefore  sensory responses to ""no-target"" trials were also analyzed.",9,1.11196885053253,1.06859259174623,1.12423740762496,1.07624368149189,1.13313972062066,1.11231161211171
Activity was compared between the attend audition trials and the attend vision trials when no stimulus was presented after the cue in order to verify that attention alone  in the absence of any stimulus  could cause cross-modal deactivations  Figure-4 .,39,0.989985847452872,0.804388082328589,0.910042397192125,0.773828177982624,0.913117248301551,0.940639622407705
Due to the limited number of notarget trials  the power of this comparison was considerably reduced.,16,1.16801949173132,1.10953789256762,1.16612893043305,1.10355237535763,1.15873127158504,1.12398276255274
Nevertheless  significantly more activity was observed in visual cortex when visual attention was compared to auditory attention in the absence of an actual sensory stimulus Figure-4.,26,0.970624095587075,1.00240244807133,0.91167027850627,1.00205472523787,0.914708283347087,0.564315506875889
The comparison of differences in the auditory cortex during auditory and visual attention for no-target trials did not survive the correction for multiple comparisons in a whole brain analysis  but whole brain maps are presented for illustrative purposes Figure-4B .,39,1.02090324509901,0.921519395835197,0.933849607384932,0.952011907578534,0.946385443184786,0.910903431938631
Region-specific analyses were also performed to explore the activity differences during visual and auditory attention.,15,0.984599086841857,1.04047606836736,0.967422141265872,1.06371971017165,0.984030591022601,0.789874598433239
"As observed in conditions where a stimulus followed the cue  the ""increases"" in the attended cortex during no-stimulus trials were actually due to activity decreasing below baseline levels in the unattended sensory cortex.",33,1.03943781226608,0.91220435320634,0.934093534891533,0.928808013795134,0.923667851599186,0.944786695054738
In fact no significant increases were observed in visual cortex during visual attention  mean signal change = -0.05 %  t14 = -0.89  ns  or auditory cortex during auditory attention  mean signal change = 0.004 %  t14 = 0.09  ns  when no stimulus was presented  Figure-5 .,49,1.0562552434328,0.962693851659695,0.857101147639698,0.92329213257232,0.850755184391904,0.925876307013738
Increases observed in visual cortex during attend vision relative to attend audition trials were due to activity decreases below baseline levels in the visual cortex when subjects were cued to attend to audition  despite the fact that no auditory target was presented  mean signal change = -0.36 %  t14= 9.72  p <0.001  Figure-5 .,56,1.079448258323,0.695424324075066,0.706591480974274,0.700914461344994,0.701426654321078,0.904630829461498
Additionally  sub-threshold increases in auditory cortex noted when comparing attend audition to attend vision trials were actually due to slight suppression of auditory cortical activity during attend vision trials mean signal change = -0.09 %  t14 = -1.68  p < 0.10   not increases in auditory activity during attend audition trials Figure-5 .,54,1.07532264783329,0.617556300523089,0.77448180573167,0.690423004925081,0.756767505040779,0.960303451301465
To further explore the impact of target and attention on signal change in the sensory cortices  we conducted separate 2 target status × 2 attended modality repeated measures ANOVAs on activity in the visual cortex ROI and the auditory cortex ROI  Figure-6 .,42,1.00213392856003,1.00718683434729,0.83804829783703,0.985648216048746,0.835256928240802,0.780349420769311
For the visual cortex  the attended modality had a significant impact on activity  F 1 14 = 95.35  p < 0.001   but there was no effect of target status  F 1 14 = 0.233  ns   and no interaction  F 1 14 = 0.913  ns .,48,1.19980970765586,0.954929159556283,1.03593188649578,0.880978508859062,0.997111569371446,1.02703746619783
These results indicate that there was a larger decrease in activity in the visual cortex during auditory attention than during visual attention  and that this deactivation was not diminished in the absence of a target  Figure-6.,36,0.907699934388727,1.00836258646469,0.871052057099125,1.00065963732835,0.878236219438966,0.463756175597118
In the auditory cortex  there was also a significant effect of attended modality  F 1 14 = 24.80  p < 0.001   and no effect of target status  F 1 14 = 0.26  ns   but there was a significant interaction of attention and target  F 1 14 = 19.29  p < 0.001 .,56,1.13752663725301,0.930787968871683,1.03422165223383,0.840787282853756,0.993917693198497,1.00337222010718
This analysis demonstrates that there was less activity in the auditory cortex during visual attention than auditory attention  and that this activity  both activation during auditory attention and deactivation during visual attention  was reduced in magnitude in the absence of a target Figure-6 .,43,0.899067921315109,0.995026852206076,0.898651097547704,0.993427224656342,0.903127913620284,0.367957789724533
Attention is a neural mechanism for selecting behaviorally relevant information from the multitude of stimuli encountered in the environment.,19,1.05759674873745,1.22917527249664,1.13523592866711,1.21546993455965,1.14142367777236,1.04161100746908
Data from psychophysical investigations suggest that the primary behavioral gains of modality-specific attention come from suppression of responses to stimuli in the unattended modality rather than enhancing responses to attended stimuli.,31,1.07443659243914,1.14862726308991,1.06303636130126,1.12360959556734,1.06821549008286,0.981907290418627
Results of the present fMRI study seem to reflect the neural underpinnings of this phenomenon  as the primary difference between attending to vision and audition was decreased neural activity in the unattended sensory modality rather than enhancement of activity in the attended modality.,43,1.17205795090393,0.973550909265951,1.02055097220934,1.01391414790583,1.02387093934066,0.975102179173193
Notably  this attentional modulation was also observed on trials when no target was presented following the attentional cue.,18,0.893037427415552,1.05966854144335,1.01496113953306,1.0068995002825,1.01778319856196,0.945604388380477
Studies exploring visual spatial attention have demonstrated a similar effect  whereby simply directing attention to a particular location modulates sensory cortex activity  independent of stimulus presentation.,26,1.01603222275611,1.0282765181985,0.937683514029062,1.02788835941709,0.944016237598794,0.782604399711753
Suppression of visual cortex during auditory attention was not diminished in the absence of a target  however  the magnitude of activity increases and decreases in the auditory cortex was reduced when no target was presented in the attended modality.,39,0.923620989375819,0.99616172002253,0.8728529361426,0.960751473931559,0.874798602175314,0.578532406248309
Sub-threshold deactivations of auditory cortex were still noted during visual attention notarget trials  indicating that there may be an additive effect between top-down components of attention and bottomup influences of sensory stimulation that occurs when a cue is followed by a target.,42,0.900923261528446,1.01465089823467,0.836474510973082,0.998315120524269,0.844294546022582,0.743978490135223
Smaller deactivations in auditory cortex during the no-target conditions could reflect the absence of this additive effect.,17,1.10262165243829,1.09236718050179,1.08841452988158,1.11278515373775,1.09867501533831,0.875172565253022
The visual stimulus used in this paradigm did not produce significant activation in the visual cortex  however  future experiments using more effective visual stimuli might allow the observation of increased stimulus-driven deactivations in the auditory cortex as well as activations in the visual cortex.,44,1.08865007462867,1.03693692934736,0.991082550376538,1.03996193214898,0.994815156973369,0.869530539645708
Additionally  utilizing different visual stimuli would likely activate visual cortex regions not encompassed by the ROI analyzed in this experiment.,20,1.12172076278093,1.08030036373968,1.02412306616525,1.09842124691874,1.04593726253928,0.979789462201287
Other regions of visual cortex may show different relationships between stimulus and attention-driven modulations.,14,1.11528530469747,1.11392120348938,1.05095471368536,1.11545915628279,1.06539847904975,0.956556534661921
An alternative explanation for reduced deactivations of auditory cortex during no-target conditions is that our experimental design required there to be fewer no-target trials than trials where the target is present  which may have reduced the detectibility of attention-mediated changes in activity that are independent of stimulus presentation.,48,1.00957706530698,0.955830681655747,0.963518227697778,0.949374881018037,0.957181016723644,0.913409227780335
Future studies containing a greater proportion of no-target trials may shed further light onto this finding.,16,1.18602388641683,1.08498013914799,1.15050159737552,1.09331410449441,1.14410210435144,1.1546045936263
Our imaging results are in accord with data from behavioral studies demonstrating that modality-specific attention generally produces large behavioral decrements for tasks in the unattended sensory modality  but only small benefits for tasks in the attended modality.,37,1.10678186366955,1.16213673834954,1.05725328292357,1.14230807365725,1.07136941269693,1.02042701501042
While our experimental design precluded the observation of behavioral decrements  we were able to measure small  but significant behavioral improvements associated with auditory attention.,24,1.04165552376507,1.17639070426876,1.07322241639922,1.15834295792019,1.07454009048599,1.01664895899121
Future studies utilizing alternative experimental designs will be required to explore the neural events associated with behavioral performance decrements.,19,1.10731629550791,1.20560877600111,1.19783333880195,1.19066843244764,1.19844701756483,1.17502024382578
Importantly  however  the behavioral enhancements resulting from selective auditory attention were reflected in the neural activity changes observed in both auditory and visual cortices during auditory attention.,27,0.967603795375411,1.05894222032061,0.944936439853798,1.07756544239056,0.949769721712428,0.713658920968979
Behavioral benefits of visual attention were only apparent in speeded response times  not enhanced detection  and the neural activity changes corresponding to visual attention are not as robust as those for auditory attention.,33,0.979198219882139,1.07128353666825,0.950396885925335,1.07914643420895,0.955472468925021,0.746016526739808
One possible source of differences between results for the two modalities is that the visual and auditory environments in the MR scanner are somewhat disparate due to the acoustic noise generated by rapid gradient switching.,35,1.12988307900173,1.1305541769492,1.0540472419929,1.13517642947141,1.06437953507308,1.01960673843992
Thus  when auditory stimuli were presented in the midst of ongoing scanner noise  increased selective attention may have been required.,20,0.98351907885771,1.14975630039529,1.0425354588416,1.10726307419047,1.04756813664505,0.968574923255463
In contrast  when the visual stimuli were presented  there was little competing visual noise  possibly requiring less engagement of selective attention mechanisms.,22,1.06142295279387,1.1387233387439,1.04170935390454,1.10402620416465,1.05571166458603,0.924697976459912
Another potential explanation for the divergence in auditory and visual results is that deactivations in the visual cortex observed in the absence of an auditory target could due to the continuous auditory noise in the scanner environment.,37,1.01714366900655,1.07533403921393,0.981928405999974,1.07948511630493,0.997983137229264,0.754333061239631
That is  scanner noise could be acting as an ongoing auditory signal  producing deactivations in visual cortex indistinguishable from those produced by the auditory target tone used in this paradigm.,30,1.01351584676151,1.08612283523561,0.974949352440056,1.07776186268186,0.993168582324063,0.868602653798718
To equate the visual and auditory environments more closely  future studies could use sparse or clustered temporal acquisition fMRI techniques to present auditory stimuli without the presence of background scanner noise.,31,1.07477782669347,1.0870774418311,1.05472732277663,1.08550323089835,1.06798975819509,0.970420627386612
In contrast to previous reports  attention to a particular modality during our task did not increase activity in the attended sensory cortex.,22,1.05914834234452,1.0452380578915,0.987227928603146,1.04768503973858,0.992575268003154,0.861469674914152
In each of these previous studies  however  a salient stimulus was always present in the attended modality.,17,1.15392912222853,1.13208021337521,1.15480084556941,1.12792130518609,1.15108251683776,1.11011807246216
The stimuli used in our detection paradigm were  by necessity  often nearly imperceptible and  at times  completely absent.,18,1.15698393684056,1.20343391241095,1.18216823681149,1.19344669560334,1.18304924838811,1.14154762422906
Thus the increases observed in the attended modality for previous studies were likely due to enhanced responses to attended stimuli  not increases in baseline activity in the attended modality.,29,1.18606423598325,1.07519197534669,1.08478638238538,1.0961387658995,1.07214630101369,0.985423445143076
Interactions between stimulus salience and attentional modulation of both attended and unattended sensory cortices are consistent with data from Shulman et al. 1997 .,23,1.13172103221136,1.14201230173287,1.10146548949296,1.14843463611898,1.10905413025838,1.07380573753713
They demonstrated that in paradigms producing a weak response to passive sensory stimulation  there was also little modulation during active attention to the same sensory stimuli.,26,1.06912540578984,1.16366856285588,1.05506941952839,1.14062341122473,1.07386527202823,0.979009772374592
In contrast  robust attentional modulation of attended stimuli was observed for stimulus conditions that produced a strong sensory response during passive viewing.Rinne and colleagues  2005  also demonstrated an interaction between auditory stimulus presentation rate and attentional modulation.,38,1.07294934478594,1.11688460077391,1.05663663470814,1.11449752596007,1.06814290499635,0.998991344316722
Increasing sound presentation rate and focusing attention on the auditory modality both increased auditory cortex activity  however  attentional effects are enhanced at higher sound presentation rates.,26,0.992443069872797,1.0475169115312,0.985717050312194,1.05739951039708,0.984941819517546,0.755055827242801
In summary  our data demonstrate that modality-specific selective attention produces activity decreases in the ignored sensory modality and not 'true' increases in cortical activity for the attended modality.,28,1.11763113125257,1.07927462812518,1.00283466128631,1.06636019104879,1.00919076315939,0.906354949754455
These data are consistent with behavioral experiments demonstrating that performance enhancements during modality-specific selective attention result primarily from decreased processing in the unattended modality not increased processing in the attended modality.,31,1.11027274296937,1.15226751946697,1.06356068968595,1.13479176033339,1.06517971243833,0.979764731107765
Furthermore  this experiment demonstrates that deactivations of crossmodal cortices noted during sensory stimulation can be produced exclusively by endogenous focusing of attention on the target modality and are not solely dependent on the presentation of a stimulus.,37,1.0088222280731,1.11922541659369,0.98560627165146,1.10307982128091,0.988249683609694,0.867193089805005
However  the data suggest an additive effect of attentional and stimulus-driven effects.,12,1.14536983176132,1.1999319556203,1.15921439167497,1.1878521526635,1.1534743376158,1.06392267852323
Activity increases in the attended modality have been previously reported when subjects are actively processing highly salient stimuli.,18,1.15952721714796,1.10717112404547,1.07258471024448,1.11742542700992,1.07837505383233,1.0174114887183
In our work we did not see a significant increase in baseline activity in the attended modality  suggesting that activations in the attended modality are likely dependent on an interaction between attention and the presence of a salient stimulus.,39,1.09314369941611,1.07002519348911,1.0007278319982,1.05940651883389,0.972642753538739,0.90519726587031
Such an interpretation of the effect of modality-specific selective attention is reasonable given that there would be no behavioral benefit of increasing background activity in the absence of a stimulus  but there would be a benefit of enhancing a response to a particular stimulus.,44,1.07269533646298,1.12570594632199,1.04856898912277,1.10899710230909,1.04548120722286,0.894913514476538
