Sentences,length,sent_fig_caption-1,sent_fig_caption-2,sent_fig_caption-3,sent_fig_caption-4
CCR3  the eotaxin receptor  is the major chemokine receptor expressed on eosinophils  basophils and a subpopulation of Th2 lymphocytes.,19,1.251522943929426,1.22340208088016,1.2311816040467214,1.2392876784572016
Recently  CCR3 has been shown to be upregulated on neutrophils and monocytoid U937 cells by interferons in vitro and to be expressed by endothelial cells  epithelial cells and mast cells.,30,1.1820510657967886,1.1313470547351492,1.1360212626538795,1.1780319690327596
The relevance of these findings and the function of CCR3 on non-leukocytes remain to be elucidated since the only cells that consistently accumulate following eotaxin administration in vivo are myeloid cells  primarily eosinophils .,33,1.1873219427528674,1.16754838379138,1.1694893244741804,1.2092004497149613
To date  the complete mRNA and genomic organization of only a limited number of chemokine receptors has been described.,19,1.19994257109123,1.1910405690388355,1.2150512746510183,1.2133167047317523
These studies have shown that the 5' untranslated region  5'UTR  can be complex and contain up to 11 exons as in the CXCR2 gene.,24,1.0641013384305078,1.0114622284195278,1.09601384310007,1.0860333291427458
As a result  alternative splicing and transcription directed by multiple promoters can give rise to variable mRNA isoforms.,18,1.2198586258632793,1.1424377931565792,1.1971129591753642,1.1962640448172281
The function of these 5' untranslated exons has not been examined except for a single study focused on CCR2  demonstrating a transcriptional role for exon 1.,26,1.1435413759284685,1.0295496974542069,1.1383128430350056,1.1018532162819101
We have previously characterized the genomic structure and promoter function of the human CCR3 gene.,15,1.1433701615265677,1.1089994932716194,1.1759987140004176,1.1411026485378013
The CCR3 gene contains at least 4 exons that give rise to multiple mRNA species by alternative splicing.,18,1.1540987828170453,1.078775304311755,1.1623966193299695,1.1117966427080532
The first 1.6 kb of the 5' flanking region of exon 1 had strong promoter activity in eosinophilic  lymphoid and respiratory epithelial cell lines.,25,1.1194672524142566,1.014130581909769,1.1102044540980909,1.0404666622142913
Deletion analysis revealed differential regulation of the CCR3 promoter in eosinophilic and epithelial cell lines suggesting the presence of lineage-specific elements.,21,1.1580404807824642,1.09426761239984,1.1148423126394242,1.1205895075593397
Interestingly  exon 1 enhanced the activity of the promoter.,9,1.1890099552572884,1.0863412514438628,1.1759643974683536,1.1253767686232126
Since our initial characterization  two other groups have studied the CCR3 promoter  however  their studies focused on lymphocytic and monocytic cell lines  respectively  rather than eosinophils.,26,1.1636758168541488,1.1150194194279652,1.1177625860417963,1.1656088283512516
Scotet et al. demonstrated that the human CCR3 promoter is active in vitro in lymphocytic cell lines.,17,1.1771877880510668,1.133037652454925,1.1633970374392817,1.1680056149832827
They also demonstrate a role for chromatin remodeling in the regulation of CCR3 expression in Th2 cells.demonstrated that the human CCR3 promoter is active in monocytic cell lines and defined the minimal promoter that consists of a downstream promoter element  DPE   a common element in Drosophila genes  but rare in human genes.,53,1.119948494796888,1.0875922466818055,1.1135881667625693,1.1023830676849076
This element is upstream  50 bp  of the exon 1 sequence studied in the current report.,16,1.155109628536496,1.0490199348199776,1.1611126200734232,1.0996444023776852
It has been reported that 5' untranslated exons  and sometimes introns  can regulate the expression of genes in two different ways.,21,1.1766439509313802,1.1035567483032769,1.1606437863961914,1.1624472688670404
An untranslated sequence can act as a tissue-specific translational regulator.,10,1.2351993424018748,1.1735282095863115,1.2433983708556393,1.2273977217117804
A striking example is the gonadotropin releasing hormone gene which is transcribed in multiple tissue  but cannot be translated due to the lack of specific intron removal.,27,1.1984701929246893,1.1351316545232963,1.1771101837598248,1.1618373335790237
Alternatively  untranslated regions  UTR  can facilitate transcription of a gene.,10,1.2031796219116295,1.1488252863083273,1.221766016535049,1.1986398032496435
Examples include a GATA-1 site in the 5'-UTR of the γ-globin gene  an HNF-1 site in the plasminogen gene and a C/EBP site in the CCR2 gene.,27,1.1705770180299981,1.162695017040057,1.1674539922800167,1.1734458495239055
While the mechanism of action is not completely clear  it is thought that transcription factors binding to untranslated regions affect transcription of the gene through interactions with the RNA transcription complex.,31,1.1855913148881754,1.1120856553946223,1.1776449906745827,1.1765390847214958
The role of untranslated exons in the CCR3 gene has not been studied.,13,1.190433488349939,1.1167951154102467,1.1960628949185275,1.1812042784744308
In this report  DNase I hypersensitivity identified a major hypersensitive site located in the vicinity of untranslated exon 1.,19,1.0574117913317254,1.0708070701069419,1.1501748020224394,1.118793147433597
Furthermore  the transcription factor GATA-1 is shown to bind to untranslated exon 1  suggesting a potential mechanism for the regulation of CCR3 transcription by this exon.,26,1.097481177912689,0.9538042897865294,1.062659373155942,1.071745162782685
Finally  using a transgenic approach  we demonstrate that the 1.6 kb 5' flanking region of CCR3  including exon 1  has promoter activity in vivo.,25,1.0982276632873198,0.9694260181357518,1.1016637884241087,0.9576489223424536
We aimed to define regulatory regions in the CCR3 gene by a gene-wide search.,14,1.2063059018807432,1.1479159045285239,1.2192489039843877,1.1997980202481668
Thus  we performed DNase I hypersensitivity of CCR3 in primary human eosinophils.,12,1.122458176951792,1.172504567612285,1.1950254167820566,1.183453927509761
The entire 24 kb of the CCR3 gene were screened for DNase I hypersensitivity using probes specific for Eco RI and Hind III fragments  Figure-1 and data not shown .,29,0.8841201387353828,0.9597157832533048,1.01862877745133,1.0159561243976205
Only one hypersensitive site was noted  this was in the area of exon 1  Figure-1.,15,1.1060842469208076,1.0619156900741535,1.1371166386174483,1.123443246552657
Similar results were obtained with nuclei from the eosinophilic AML14.3D10 cell line  data not shown .,16,1.137009096880722,1.0737705344719712,1.052353996618595,1.1496126449334714
This cell line does not express CCR3 unless induced with butyric acid and IL-5  suggesting that chromatin remodeling in the HS1 site precedes CCR3 transcription.,25,1.149902304630615,1.1273291526570357,1.1502381585476515,1.168102859915688
Thus  our analysis revealed areas of active chromatin remodeling in the vicinity of exon 1 suggesting that this area may be important for CCR3 transcription.,25,1.132904679263887,1.0235688021206608,1.1345868858764154,1.0966907525932874
DNase I hypersensitivity indicated that a region consistent with exon 1 is active in CCR3 transcription.,16,1.0465365224876648,0.9876345477310181,1.1153401956330262,1.0806136648619464
Together with our previous data showing that untranslated exon 1 has an important role in CCR3 transcription  we hypothesized that nuclear proteins bind to exon 1  and in turn regulate the transcription of CCR3.,34,1.1323288089569938,1.002356426373553,1.0988551106476514,1.095566098701454
In order to test this hypothesis  a double-stranded oligonucleotide probe that corresponds to bp +10 to +60 of the CCR3 gene was prepared  referred to as E1-FL  exon 1-full length Figure-2.,31,1.123184559477847,0.9684897535162669,1.0713585742340346,1.1013073550554993
This is the exact sequence that was deleted in the CCR3 -exon1 .pGL3 plasmid that demonstrated decreased activity compared to the full length 1.6 kb construct.,27,1.1156180067140657,1.0154396408856499,1.1176927052694932,1.039762774545456
Nuclear extracts from AML14.3D10 cells were incubated with the probe and resolved on a polyacrylamide gel.,17,1.152918324419242,1.0872216857320212,0.9813927187816447,1.1482469477353685
Two bands were visible  Figure-2.,5,1.2251295312215447,1.1680294766123596,1.1917628127506326,1.2254181847828585
The upper band was eliminated when 150x molar excess of the unlabelled probe was used  CC: E1-FL in Figure-2 indicating that this is the specific band.,26,1.1694372798395631,1.0053066447515864,1.027300420660037,1.1779110050307713
In order to precisely localize the region responsible for factor binding  overlapping cold competitors were used: E1-A spanning from +10 to +31  E1-B spanning from +25 to +46 and E1-C spanning from +40 to +60.,35,1.186754021172115,1.0365254390169985,1.1171808662097242,1.1938241898328867
The specific band was eliminated with E1-B and E1-C cold competitors indicating that the factor binds in the region between +25 and +60  Figure-2.,24,1.188432776517065,1.045863020157911,1.1032659146253998,1.1990800694593204
In summary  these data indicate the presence of proteins in the nuclei of AML14.3D10 cells that bind to CCR3 exon 1 between bp 25 and 60.,27,1.1103240631134332,0.9798358936981539,0.9889884087241141,1.0507736499258593
In order to define the proteins capable of binding to CCR3 exon 1  the exon 1 sequence was analyzed using the publicly available TFSEARCH engine.,25,1.1357599114271615,0.9847484867555175,1.1039669315515726,1.070053923423309
This analysis indicated the presence of consensus DNA-binding sites in the exon 1 region for several transcription factors  that is GATA  AML1  SRY  S8 etc.,25,1.0955667959201967,0.9604737828673089,0.9998881894793131,1.0540196849261014
Proteins of the GATA family have been detected in eosinophils  specifically GATA-1  GATA-2 and low levels of GATA-3 .,18,1.2143306037772417,1.1698520869596203,1.1043365403503507,1.2015274650738077
Additionally  GATA-1 transactivates the EOS47 promoter  an eosinophil-specific promoter  through a site in the 5'UTR.,15,1.1927012684316782,1.1722143065438304,1.1704397183242505,1.1795025563896748
Therefore  we hypothesized that proteins of the GATA family bind to sites in exon 1.,15,1.1452744651721425,1.0432528655541258,1.086677417813981,1.112653065157094
In order to address the binding of GATA proteins to CCR3 exon 1  we prepared oligonucleotides corresponding to probe E1-B and -C with the GATA site mutated.,27,1.0797760363718985,0.9016819528414576,0.9342458560801767,1.058697183754348
As demonstrated in Figure-3 when used as cold competitor  the GATA mutant oligonucleotide was not capable of interfering with the binding of nuclear factors to either CCR3 exon 1 probe E1-B or probe E1-C. ,34,1.091166307361642,0.8087571600583452,0.8320381251259134,1.0523030916987806
Additionally  we used a GATA consensus oligonucleotide with binding sites for GATA proteins.,13,1.1575019875084678,1.0384951437690038,1.0293412263572645,1.1815056304268732
This oligonucleotide completely abolished binding of nuclear factors to both CCR3 exon 1 probes E1-B and E1-C  Figure-3.,18,1.1204604849951916,0.9325555411296113,1.0033466863707028,1.0966068093503956
Together  these data indicate that GATA proteins  present in nuclear extracts of AML14.3D10 cells  are capable of binding to CCR3 exon 1 sequence.,24,1.1134370055222902,0.9121185159509602,0.8753778314615072,1.0796705135541949
In order to delineate which GATA factors are binding to exon 1  nuclear extracts from AML14.3D10 cells were incubated with the radiolabelled full-length CCR3 exon 1 probe in the presence or absence of anti-GATA-1 antibody.,36,1.1003980048834328,0.8075529467399917,0.7422810777383104,1.0186238905662302
As seen in Figure-3 the GATA-1 antibody was able to interfere with the binding of the protein factor from the nuclear extracts to the radiolabelled probe.,26,1.1711299843517775,1.0479280940881714,0.96617593117986,1.1473851287920067
In order to more precisely localize to which part of exon 1 GATA-1 is capable of binding  overlapping oligonucleotide probes were radiolabelled and incubated with nuclear extracts from AML14.3D10 cells in the presence and absence of the GATA-1 antibody.,40,1.104091690230552,0.9127222532180125,0.8035993194101353,1.0541819678409738
This treatment efficiently inhibited the binding of probes E1-B and -C to the nuclear factor Figure-3 .,16,1.1811168257265001,1.0986845033731802,1.085094500102733,1.2110469093345448
These data indicate that GATA-1  present in nuclear extracts of AML14.3D10 cells  is at least one of the factors capable of binding the CCR3 exon 1 between bp 25 and 60.,32,1.1245298581711465,0.9335022787955385,0.8908897549764986,1.0554846891487086
We have previously characterized the human CCR3 promoter in vitro .,10,1.1965613311964085,1.1331720962427472,1.1868245047751393,1.1760870309068956
In order to determine if this region had promoter activity in vivo and to assess cell-specificity  we generated transgenic mice expressing the reporter gene EGFP under the control of the CCR3 promoter  Figure-4.,33,1.1652621423666214,1.096379269353758,1.1595166189518107,1.0209611671391516
1.6 kb of the promoter and 60 base pairs of exon 1 were cloned upstream of the EGFP gene.,20,1.1273176391045154,1.0523384137558582,1.1437635380241238,1.023085509016265
Seven transgenic founder lines were identified.,6,1.2586268925963309,1.2214334206617474,1.2302918156277007,1.168018119584611
Two of the founder lines did not transmit the transgene to their offspring and one line did not show transgene expression as determined by Northern blotting and RT-PCR  data not shown .,31,1.1172764907955235,1.0883032281241272,1.1048694062694153,1.0538591137584168
In four of the lines the level and pattern of transgene expression varied suggesting integration site effects.,17,1.1667360730247949,1.1417291706531514,1.158042556987515,1.1258031442779952
Two of the lines  4.1 and 4.2  displayed minimal mRNA expression and were not further analyzed.,18,1.1578956782574032,1.1143920266991467,1.1307022715932993,1.0718915384921015
In contrast  the other two lines  3.1 and 3.2  showed high expression of the transgene in multiple tissues.,20,1.1779530592343284,1.1291887598662267,1.1492319504902566,1.0367280321611025
Line 3.1 displayed varying levels of mRNA expression in all organs tested: lungs  kidneys  jejunum  thymus  bone marrow  and spleen  with highest expression in the thymus  by Northern blot analysis Figure-4 and RT-PCR  data not shown .,37,1.0960367990590034,1.0940572410807905,1.122012658083345,0.9326201505452131
While we expected the transcript to be about 1 kb in size  Figure-4 two bands ~4 and 5 kb were apparent.,21,1.1373189085684157,1.084001251869317,1.1421770021544617,1.079421497165088
Since this was not the case with other lines  we suspect it is integration-site specific and another gene may have been transcribed together with GFP.,25,1.1978438519755166,1.1552019984148227,1.1732529798865674,1.1674249759967303
However  the size of the RT-PCR amplified fragment was of the expected size and the protein was detectable by immunohistochemistry  see below  thus implying that this did not affect the translation of the protein and integrity of the epitope for the antibody.,42,1.1389185358217409,1.1502890577960156,1.146848329657687,1.096295332124137
Expression in the lungs  jejunum  thymus and kidney was confirmed by anti-GFP immunohistochemistry  Figure-4 and data not shown .,18,1.1558070807386833,1.1562404387390859,1.1539151013330957,1.0226828393869491
In the jejunum  staining was present predominantly in stromal cells  Figure-4.,11,1.2421865686367337,1.2370085863972813,1.2001606555436461,1.1747520402471323
Of note  eosinophils normally reside in the gastrointestinal tract and are located in the stroma of the jejunum.,18,1.2504499622641965,1.258961625781533,1.2696643521479036,1.238310364370817
However  in the lungs  which are normally devoid of eosinophils at baseline  there was GFP expression that was confined to the alveolar lining consistent with predominant expression in type I pneumocytes  Figure-4.,32,1.2167606298348128,1.212972473867775,1.2220011462716394,1.159136537038285
In the thymus  compared to staining without primary antibody  data not shown   all thymocytes stained positive for GFP.,18,1.1228972376919013,1.1287424686877459,1.099261770642049,1.0332593896159998
Additionally  in the kidney all cells were positive  both in the medulla and cortex  data not shown .,17,1.1864263236521058,1.1476278987512751,1.1264034538102785,1.1496727856890925
Line 3.2 displayed a different pattern of transgene expression.,10,1.1724472896369549,1.127111021975484,1.1548040002701516,1.071650607260063
Northern blot analysis revealed expression in multiple organs with the lungs and kidneys expressing the highest levels  Figure-4.,18,1.198565848414615,1.189075340920879,1.1919748454990935,1.0759327797718292
Consistent with this  protein was detected by immunohistochemistry at high levels in lungs and kidneys and only marginally in the jejunum Figure-4 and data not shown .,26,1.160775471310474,1.1307672852814779,1.1467871774973304,1.078906572119472
While staining in the lungs was comparable to line 3.1  only a minority of stromal cells and no epithelial cells were stained in the jejunum.,26,1.1795357599854253,1.1658105452963885,1.1502920320980954,1.061002477497731
In the kidney  almost all cells expressed the transgene in the medulla  while in the cortex staining was prominent in the glomeruli.,22,1.236461453296298,1.2154128964805908,1.181627441978621,1.1467649637727693
There was no anti-GFP staining observed in wild type mice  Figure-4.,11,1.2139060432546964,1.217846065757636,1.2004002343207285,1.0957484448425419
No changes in expression were found when the transgene was crossed with CD-IL-5 transgenic mice  data not shown .,18,1.1665151974726118,1.1199064512256875,1.1505780079279777,1.0462602293055148
In summary  the 1.6 kb of the 5' flanking region of the CCR3 gene has strong promoter activity in vivo.,21,1.1130012042011637,1.0130302850861377,1.113806813156026,1.0445431385639876
However  both the level and pattern of expression vary between founder lines and lack cell specificity.,16,1.2404002848039648,1.2096494011662227,1.208445984609885,1.212355007290295
Thus  the identified region of the CCR3 promoter contains a broadly active promoter with hematopoietic and non-hematopoietic activity.,18,1.175094139095182,1.101860163289703,1.1683586569761477,1.1543402210193623
In this report  DNase I hypersensitivity implicated untranslated exon 1 in regulating CCR3 transcription.,14,1.0946458997907969,1.0368776268159365,1.1530810788490755,1.120922410045905
Furthermore  nuclear proteins derived from eosinophilic cells were shown to bind CCR3 exon between nucleotides +25 to +60.,18,1.0985345478192383,0.9611420656376904,1.0041002384152382,1.0919946065187842
Using unlabelled competitors and antibodies  proteins of the GATA family  specifically GATA-1  were shown to bind to this region.,19,1.1151001508706786,1.015558072593722,0.9620018992166629,1.10618549896401
Taken together  these data suggest that untranslated exon 1  via GATA-1  has a regulatory role in CCR3 transcription.,18,1.1573028249173867,1.0316125066696231,1.1305247928740694,1.111962065514573
Finally  we demonstrate that the 1.6-kb CCR3 promoter element  that includes exon 1  is broadly active in vivo.,19,1.1231841893851386,1.0119051931074996,1.1259058640678756,1.0662774570020765
The HS1 site was located in the vicinity of exon 1.,11,1.1389876848309117,1.074893975423667,1.155166234028237,1.1324565260651498
Combined with our previous results demonstrating diminished promoter activity when exon 1 is deleted from the promoter construct  these data suggested that 5' untranslated exon 1 may have a regulatory function.,31,1.1343257846163013,1.0224921918526366,1.1305077823856768,1.06742395219637
It has been reported that the 5' untranslated exons may contain sequences that facilitate transcription of the gene.,18,1.162645393448808,1.0908825408144858,1.1790312956341296,1.1695998016910871
Examples include a GATA-1 site in the 5'-UTR of the γ-globin gene  an HNF-1 site in the plasminogen gene  a PU-1 site in the PU-1 gene and a C/EBP site in the CCR2 gene.,34,1.171577379878996,1.1631017428938148,1.1675972744381562,1.173950599025514
Thus  we hypothesized that nuclear proteins bind to exon 1.,10,1.1681132550277222,1.0733510142338594,1.1370281736078616,1.1259521220422024
Our EMSA analysis  coupled with cold competitors and specific antibodies  indicates that proteins of the GATA family  specifically GATA-1 bind to the CCR3 exon 1.,25,1.1189375769919419,0.9467339887778994,0.9356332180276119,1.06570134968945
Thus  GATA-1 binding to exon 1 may regulate CCR3 transcription.,10,1.1627542995884776,1.0191148142171236,1.1125076807313947,1.1119339411655391
Alternatively  GATA-1 binding to exon 1 may affect transcription start site function  RNA stability or translation.,16,1.137645758185903,1.0307370090675274,1.1108647786656463,1.096567346921129
These possibilities will be addressed in future studies.,8,1.3149402064375983,1.30043588923657,1.3193594133802338,1.3348012018449036
It is important that this data be viewed with what is known about other myeloid-specific promoters  that have often proven to be difficult to function independently in vivo.,28,1.2339152741749462,1.1878980059386315,1.2178326277347722,1.2115061613535247
For example  constructs using the 5' flanking region of myeloid-specific genes have not been useful for transgenic work  such as the CD14 promoter  the c-kit promoter  or the 1.7 kb CD11b promoter .,33,1.1308869591945838,1.0484539275410563,1.1329587804845975,0.9968767910065837
Better success was obtained when the entire gene  including the open reading frame  was used  example the human cathepsin G  chicken lysozyme and c-fps/fes transgenic constructs .,26,1.1140607076879923,1.131606741182782,1.1758311379060928,1.0718894546543702
These constructs were at least 6 kb in size and contained all exons and introns and several kb of 5' and 3' flanking sequence.,24,1.14028181643557,1.0787785520204471,1.1645684310269475,1.1094508732388875
Presumably  these larger constructs contained the locus control region  LCR -sequences that have the ability to dominantly control gene expression in any chromosomal region.,24,1.1602177649523873,1.1210634844731315,1.1800254831282928,1.1414108460352428
This in turn allows for a high degree of consistency among independent mouse lines with regard to cell specificity  level of expression and proportionality to gene copy number.,28,1.1977047325304793,1.1735978938733929,1.1764474195301309,1.1666427161515582
These regions may be located at several different sites in the gene  including introns and coding exons  thus  screening with DNase I hypersensitivity is usually the first method employed to identify these regions.,33,1.075180920726681,1.0629783349354363,1.1519257519249981,1.1201177205317576
Transgenic mice expressing the EGFP reporter gene under the control of the CCR3 promoter demonstrate that the 1.6 kb promoter and 60 bp of exon 1 of the CCR3 gene confer strong promoter activity in vivo.,37,1.1201703794333413,1.009058596958005,1.1096690083002834,0.9321897731872635
However  these sequences do not contain the entire LCR  since expression of the reporter gene was variable among multiple founder lines.,21,1.1845383193404992,1.1424951069809492,1.1769101392407897,1.1312963638763267
DNase I hypersensitivity studies discovered one hypersensitive site in the CCR3 locus.,12,1.0792238241647187,1.1309633071518357,1.1689718440969215,1.1749581932243247
The HS1 site was apparently not sufficient for integration-site independent effects  since it is contained in the promoter construct used.,20,1.1459990109015206,1.0940576339535277,1.1527845806562123,1.1481618506283018
Thus  future studies will need to broaden the search for the CCR3 LCR.,13,1.248998157662389,1.2048340693329398,1.2500944151049838,1.2594927015977795
It is important to note that the true cellular specificity of CCR3 has not been established.,16,1.2319772787386847,1.1823985772496748,1.2081251110105546,1.2393533795919995
While this gene product is often considered to be specific for inflammatory cells involved in allergic inflammation  eosinophils  mast cells  and possibly Th2 cells   several reports have documented expression by other cell types including additional leukocytes  e.g. dendritic cells   as well as tissue cells  epithelial and endothelial cells .,49,1.177172700838563,1.1512643681703059,1.1364830503310273,1.1293921046148536
Thus  it remains to be determined if our observation that the CCR3 promoter has broad activity in vivo represents the true endogenous activity.,23,1.1732019215447038,1.1130470863294613,1.1682725032167085,1.162565757188386
Since CCR3 is expressed strongly on eosinophils  analysis of the signals that induce its expression may give insight into the molecular mechanisms for the commitment of myeloid progenitors to the eosinophil lineage.,32,1.2023318597320212,1.1723347418968508,1.2008482231311592,1.1845041592841197
It is generally believed that transcription factors are the final common pathway driving differentiation and that hematopoietic commitment to different lineages is driven by alternative expression of specific combinations of transcription factors.,32,1.2317542152419692,1.1313468811672913,1.1790881888323534,1.2063245995609535
Although no eosinophil-specific transcription factors have been reported  eosinophil commitment appears to be regulated by GATA-1  PU-1 and C/ EBP proteins.,21,1.204585263091988,1.1520544898782654,1.159373496443435,1.2075070195359094
Consistent with this  DNA binding sites for these transcription factors are found in several eosinophil-selective promoters  such as the promoter for major basic protein  MBP   IL-5 receptor alpha  IL-5Rα  chain and Charcot-Leyden crystal  CLC  protein.,35,1.140032531194497,1.0540443905474013,1.1346055620139026,1.1412732195234667
Specifically  ectopic overexpression of GATA-1 in chicken myeloblasts leads to transdifferentiation into eosinophils or thromboblasts depending on the dose used.,20,1.2164686524963022,1.1791564471363296,1.1767628775702481,1.2063962696545434
GATA-1 transactivates several eosinophil-selective promoters including the avian EOS47 promoter in which the GATA-1 site is located downstream of the transcription start site.,23,1.183469463963586,1.1475872976579917,1.1593911354479007,1.1672825547864312
In summary  in this report we have demonstrated that: 1  DNase I hypersensitivity studies implicate untranslated exon 1 in CCR3 transcription  2  proteins of the GATA family  specifically GATA-1  bind to untranslated exon 1 in the CCR3 gene  and 3  the 1.6 kb 5' flanking region of the CCR3 gene is broadly active as a promoter in vivo.,59,1.0135862020586757,0.929922099042339,1.0242611202988714,1.0178002155933474
The AML14.3D10 cell line was grown in RPMI 1640  Gibco BRL  Gaithersburg  MD  containing 10% fetal calf serum  FCS  Gibco BRL   50 µM 2-mercaptoethanol  Sigma  St. Louis  MO   0.1 mM nonessential amino acids  Gibco BRL   1 mM sodium pyruvate  Sigma   and penicillin-streptomycin  Gibco BRL .,46,1.1790410355179757,1.1738324934376272,1.1654931626771006,1.1296905543243032
Eosinophils were isolated by anti-CD16 negative selection from granulocyte preparations of healthy or atopic volunteers as described previously.,18,1.245273395011606,1.2426338282067724,1.2439269039345087,1.233270326679234
Nuclei were derived from cell lines and primary cells using a polyamine buffer containing 0.34 M sucrose  13.3 mM Tris  pH7.5   53.2 mM KCl  13.3 mM NaCl  2 mM EDTA  0.5 mM EGTA  0.133 mM spermine  0.5 mM spermidine  0.1% TritonX-100  2 mM MgCl 2 and freshly prepared 2-mercaptoethanol and phenylmethylsulfonyl fluoride  PMSF .,62,1.1316723205537997,1.1709677366844065,1.1504911977191858,1.1041133332364395
Nuclei were then centrifuged at 2300 g for 30 min over a cushion of 1.2 M sucrose and washed twice prior to resuspension in DNase I digestion buffer  60 mM KCl  5 mM MgCl 2   15 mM Tris  pH7.5   0.1 mM EGTA  0.5 mM DTT and 5% glycerol .,52,1.1161080628068913,1.207131748129203,1.2027843668399347,1.1306209286400344
Nuclei were resuspended at a concentration of 2-4 × 10 6 nuclei/ml and gentle DNase I digestion was carried out in a volume of 0.2 ml with 0 to 100 units of DNase I  Roche  for 5 minutes at 30°C.,41,1.0997113727351793,1.183895401617599,1.1680415595209601,1.133066687750319
Following DNase I treatment  nuclei were lysed and DNA purified by phenol/chloroform extraction and ethanol precipitation.,16,1.1335623315979402,1.2161220829876056,1.221238460600422,1.2097982274920194
DNA was digested with appropriate restriction enzymes  Eco RI and Hind III  and electrophoresed on a 0.8% agarose gel.,20,0.98727301231077,1.1860603708086683,1.2106590428239334,1.096062853243988
Following transfer to nylon membranes  hybridization was performed using standard procedures.,11,1.1642230195033398,1.220925870004188,1.219942297017674,1.18004180211095
Probe fragments were made by PCR from genomic DNA. Figure-1 depicts the CCR3 gene structure and restriction fragments and their corresponding probes that were used to span the entire gene.,30,1.0182621661245994,0.917620711130302,1.040104679888393,1.0924166157192863
Cultured cells were washed twice with ice cold phosphate buffered saline  PBS  Gibco BRL .,14,1.2424597007837115,1.2403908705269167,1.1932921964907515,1.2304297149584362
2.5×10^6 cells were lysed in lysis buffer   briefly vortexed at a moderate speed  then incubated on ice for 5 minutes.,21,1.1957837106826101,1.2115648992140828,1.1804983912120306,1.1711377682132256
Sample was centrifuged and the pellet was next resuspended in 20 µl of extraction buffer  20 mM HEPES  pH 7.9  420 mM NaCl  0.1 mM EDTA  1.5 mM MgCl 2   25% glycerol  1 mM DTT  and 0.5 mM PMSF   mildly vortexed  and incubated on ice for 15 minutes.,52,1.1666286833728507,1.1975517645352733,1.1886250662734683,1.1423210417197398
Samples were centrifuged to pellet the nuclear debris.,8,1.2648663040303567,1.2704330514036208,1.2282109336926885,1.2532972432933251
Supernatants were placed in silicon coated microcentrifuge tubes and stored at -80°C until further use.,15,1.2604322409685405,1.2772913749712407,1.2444848415739442,1.2561510623755914
Single-stranded oligonucleotides based on the sequence of untranslated exon 1 of the CCR3 promoter were synthesized by Integrated DNA Technologies  Inc.  Coralville  IA .,23,1.1041089161887312,0.9847636876680349,1.1326025906943271,1.096380189761521
One full length 51 base pair  +10 to +60  oligonucleotide  GGTACCACTGGTCTTCTTGTGCTTATC-CGGGCAAGAACTTATCGAAATACA  and three overlapping oligonucleotides  +10 to +31  +25 to +46  and +40 to +60  and their reverse complements were produced Figure-2 .,32,1.1920727639961928,1.0932395731930935,1.1394880446540827,1.2024466496673782
Two of the overlapping fragments contained putative GATA binding sites  underlined .,11,1.1439656348631522,1.0442532301273006,1.0684970915127554,1.1556739609436486
Two mutants and their complements were also made which changed the GATA sequence TATC to TTGA.,16,1.1953032333229203,1.1200485947479961,1.1105695083895066,1.1766444669901117
This mutation does not change the GC content of the oligonucleotides  nor does it create a new transcription factor site for any of the transcription factors represented in the publicly available TFSEARCH engine.,33,1.1608201858217486,1.0974824140217587,1.1387584932123396,1.1708670343091605
Each oligonucleotide was resuspended to a concentration of 50 µM in TE buffer  10 mM Tris-Cl  pH 7.4  and 0.1 mM EDTA  Sigma .,25,1.1640587022230018,1.1523071114127357,1.1250327241644926,1.1375020823518132
Complimentary single-stranded oligonucleotides were annealed at a concentration of 10 mM in restriction enzyme buffer M  10 mM Tris-Cl  10 mM MgCl 2   50 mM NaCl  and 1 mM dithioerythritol  Roche Molecular Biochemicals  Indianapolis  IN .,35,1.1472328234981723,1.160983027006786,1.166087427808628,1.133519253854961
Samples were placed in a 95°C dry heat block for 5 minutes and then the block was removed from the unit and allowed to cool slowly to room temperature.,29,1.1989699582308375,1.2245398179623486,1.2205985815460152,1.1948698405963272
The double-stranded oligomers were diluted to 1 µM with TE buffer and 30 ng were end-labelled using ATP  NEN Life Science  Boston  MA  and T4 polynucleotide kinase  Gibco BRL .,29,1.1829463238133935,1.1642065747734962,1.1748932809528239,1.1320162508393883
Probe was purified over Quick Spin G-25 Sephadex columns  Roche  and recovered in a volume of 50 µl.,18,1.1922085179008024,1.1474174444545555,1.1280181587160176,1.1746176582452699
Protein content of the nuclear extracts were determined by Bradford  Coomassie  assay  Pierce  Rockford  IL .,15,1.2007288151078297,1.158102347751181,1.0942118182708813,1.1901223959742486
Total protein  5 µg  was incubated on ice for 10 minutes with 2X EMSA buffer  24% glycerol  0.08 µg/ml poly dI-dC  24 mM HEPES  pH 7.9  8 mM Tris-Cl  pH 7.9  2 mM EDTA  2 mM DTT  50 mM KCl  and 10 mM MgCl 2     and when indicated  with 150 fold excess of cold competitor oligonucleotide.,59,1.134531933984658,1.1521394313179811,1.1095033990767895,1.1140150486073936
Radiolabelled oligo probe was added to each sample and incubation continued for an additional 10 minutes on ice.,18,1.1797529091513588,1.1267932180877718,1.1265310447155756,1.1696028250757158
For antibody supershift assays  anti-GATA-1 antibody  clone C20  Santa Cruz Biotechnology  Santa Cruz  CA  was added following the addition of the probe and samples incubated on ice for one hour.,30,1.1675611254413945,1.1071835504430518,1.072201950731583,1.1625483308109121
In control experiments  isotype-control antibodies did not have a significant effect.,11,1.26913279168003,1.2144537530737662,1.18962162755187,1.2327860767756464
The DNA-protein complexes were then resolved on a non-denaturing 5% acrylamide gel  at constant current of 30 mA for approximately 60 minutes.,22,1.1823551761226545,1.2329355234932478,1.247912734207302,1.1855511716628393
Gels were dried on blotting paper and exposed to x-ray film.,11,1.2109778425967814,1.2779874479542586,1.2669481439854537,1.2275263057044672
1.6 kb of the CCR3 promoter  including 60 bp of untranslated exon 1  was subcloned into the pEGFP vector  Clontech  Palo Alto  CA .,24,1.1253394290735292,1.0239266036042778,1.1244691639020485,1.0234059356128793
The transgenic construct containing the promoter  reporter gene enhanced green fluorescent probe  EGFP  and the SV40 polyadenylation signal Figure-4 were liberated by Afl II and Hind III digestion and injected into the pronucleus of fertilized eggs from FVB/N mice by the Transgenic Core Facility at Cincinnati Children's Hospital Medical Center.,50,1.1032722456054074,1.113009264299168,1.123097581807547,0.9814451554344094
Transgenic mice were identified by Southern blot analysis after digestion with BamHI  using the SV40 poly A fragment as a probe.,21,1.1070084051938107,1.0890038633900303,1.1157309777325064,1.001953565294189
Lines were tested for expression of the transgene in multiple organs by Northern blotting and RT-PCT.,16,1.2096723579029944,1.1841407840256322,1.2060582779364415,1.081356105404107
The SV40 poly A fragment was used as a probe for Northern blotting.,13,1.1472132636637564,1.0597016058643454,1.1100995101233724,1.125225570097631
PCR primers for EGFP were as follows:5'ATGGTGAGCCAAGGGCGAG3' and 5'CTTGTACAGCTCGTCCATG3'.,10,1.2369001126774768,1.2064072826682735,1.2330618720436144,1.2116489949426965
RNA integrity and RT efficiency was verified by performing PCR for β-actin on the same cDNA samples.,17,1.2144303611065934,1.1993794536524032,1.2098289227395091,1.1746952669247264
Primers used were as follows: 5'GGAATCCTGTGGCATCCATGAAACT3' and 5'TAAAACGCAGCTCAGTAACAGTCCG3'.,8,1.228983526699925,1.168425221960953,1.2260312512687614,1.2401588159118093
Immunohistochemistry was performed on frozen sections essentially as described.,9,1.248669375946909,1.231544599627954,1.2307564801734199,1.1684951362206621
Briefly  following endogenous peroxidase quenching  slides were blocked and stained with a rabbit-anti-GFP antibody  AB3080 at 1:400 dilution  Chemicon International  Temecula  CA .,23,1.1825707174905136,1.1887312956842928,1.1754169911296295,1.1315051077857337
The slides were washed and incubated with biotinylated goat anti-rabbit antibody and avidin-peroxidase complex  Vectastain ABC Peroxidase Elite kit  Vector Laboratories .,21,1.2267763085377732,1.2322117325480624,1.1892295481837483,1.1887022938335947
The slides were then developed by nickel diaminobenzidine  enhanced nickel cobalt chloride to form a black precipitate and counterstained with nuclear fast red.,23,1.2146198822416314,1.2188262346857397,1.1841718584429008,1.196038955618578
