Sentences,length,sent_fig_caption-1,sent_fig_caption-2,sent_fig_caption-3
FK228 produced by Chromobacterium violaceum number 968 is a potent histone deacetylase  HDAC  inhibitor recently approved under the commercial name Istodax by the FDA for the treatment of cutaneous T-cell lymphoma.,31,1.1745200856958928,1.1947046366530099,1.2198338133581992
FK228 represents a small family of natural products that also includes spiruchostatins   FR901375   and our newly discovered thailandepsins.,18,1.2044165983171116,1.1380458151725505,1.1701374397703932
All members of this family of natural products are produced by rare Gram-negative bacterial species  and each of them contains a signature disulfide bond that is known or presumed to mediate a novel mode of anticancer action in which a reduced thiol group “warhead” chelates a Zn2+ in the catalytic center of HDACs  thereby inhibiting the enzyme activities.,58,1.178486735190867,1.1724417226659847,1.15267894814265
We previously reported the cloning and preliminary characterization of the FK228 biosynthetic  dep  gene cluster in C.violaceum.,18,1.038102557748825,1.0318069976889812,1.109184558982285
Based upon limited genetic evidence and mostly bioinformatic analyses  we predicted 14 genes to be included in the dep gene cluster  depA through depN   Figure-1 .,25,1.0408836152707184,1.0589147373730907,1.04764519372203
We also proposed a hybrid nonribosomal peptide synthetase-polyketide synthase pathway for FK228 biosynthesis.,13,1.2128334168431631,1.1863853848434993,1.2284852659954613
In this study  we redefined the genetic organization of the dep gene cluster  our studies also revealed an unexpected gene that regulates FK228 biosynthesis.,24,1.0430860266613042,1.0359456356381158,1.0758120724642357
To precisely determine the upstream and downstream boundaries of the dep gene cluster  we employed a multiple cloning procedure and later a multiplex PCR method to have 13 genes or open reading frames systematically deleted  Table 1 and Figure-1 also see Materials and Methods and Table S2 in the supplemental material .,51,0.9868865936618804,1.0935521511190045,1.027588685289006
depG could not be mutated despite multiple attempts  and orf19 is a very small gene paired with orf20.,18,1.1228715850545479,1.0630302188436127,1.0876793097291402
Therefore  these two genes were mutated together  and no attempt was made to mutate depB  depC  or depE  because they are obviously cotranscribed with depA.,25,1.1620678735114318,1.158785828582171,1.0433586500626693
In addition  mutants of depD and depH were created previously .,10,1.1767558126137694,1.2001657560683097,1.1973216520770082
The genotype of each successful mutant was verified by PCR analysis  see Figure-S2 in the supplemental material   and the relative level of FK228 production by mutant strains was quantified by liquid chromatography-mass spectrometry  LC-MS  analysis  Figure-1 see also Figure-S3 in the supplemental material .,43,1.05077705350577,1.1208995586062651,1.1299250776655698
The upstream or left boundary of the dep gene cluster was determined to begin with depM according to the following observations  Figure-1 .,22,1.0388100489184755,1.0872974457963054,1.1099988804759735
First  the deletion of either orf3  orf4  previously annotated as depK   or orf5  previously annotated as depL  had no obvious effect on FK228 production  indicating that these three putative genes play no role in FK228 biosynthesis and thus are not part of the dep gene cluster.,46,0.9466685192828467,1.0597322111034737,1.0060706355583422
Second  deletion of depM or “depN” resulted in a 35% to 55% decrease in FK228 production  suggesting a positive involvement of these two “genes” in FK228 biosynthesis.,27,1.150651409107639,1.178115234698283,1.0990388129697224
The deduced product of depM is an aminotransferase presumably catalyzing the removal of an amine group from a cysteinyl-S-peptidyl carrier protein  PCP  intermediate in trans to form 4-mercaptobutanyl-S-PCP in the initiation module of the FK228 biosynthetic pathway.,37,1.1938730247025804,1.1326918559762593,1.1433746772923985
“depN ” originally annotated to encode a small hypothetical protein of unknown function  2   is now believed to be a pseudogene  because no depN transcript has ever been detected under the conditions in which other dep genes are expressed  see below for details .,43,1.0547817092358904,1.0988628847594564,1.0467800768981357
The stretch of DNA occupied by “depN” likely contains regulatory elements upstream of depA.,14,1.2212794038462953,1.1618809214235608,1.1199610777172502
The observed reduction of FK228 production by the C. violaceum #“depN” mutant might be an unintended result of the deletion of some of those regulatory elements of depA and its associated operon.,32,1.0772521550254202,1.0821678336884721,1.0714244907620352
Third  deletion of further downstream genes  depA  depD  or depF  resulted in complete loss of the FK228 production  confirming the critical biosynthetic roles of those genes as predicted in the originally proposed biosynthetic model.,34,1.093639006163913,1.1217355914051026,1.0866217252409822
Fourth  orf5 and depM share a 74-bp  A T -rich intergenic region but transcribe divergently  indicating that they are transcriptionally unrelated.,21,1.170176085651374,1.15643915133301,1.0711325979635258
The downstream or right boundary of the dep gene cluster was determined to end with depR according to the following observations  Figure-1 .,22,1.046920963523932,1.058102981899881,1.1058067449137559
First  deletion of depR  previously annotated orf18  completely abolished FK228 production  and complementation of depR restored ca.,17,1.1007570164603777,1.140424453230614,1.1707564171579226
70% of the FK228 production capacity  indicating a critical role of depR in FK228 biosynthesis.,15,1.209552759399474,1.1918742508935773,1.229494950070899
Second  deletion of orf19-orf20 or orf21 did not abolish FK228 production but resulted in a slight  16 to 20%  decrease of yield  presumably due to a reduced fitness of mutants.,30,1.1417217357110554,1.1618559512398121,1.1132794880415486
orf19 to orf21 are bacterial housekeeping genes encoding MinE  MinD  and MinC  respectively  which are components of the conserved bacterial Min system involved in cell division and septum formation.,29,1.1474726785217058,1.1348211247275748,1.1017045101499363
orf19-orf20 or orf21 mutants were found to be more sensitive to antibiotics and grew much slower than the wild-type strain  and these produced variable amounts of minicells.,27,1.0941479099564653,1.0815058604959258,1.0815877847749338
Third  deletion of other downstream genes  depH  depI  or depJ  resulted in various degrees of reduction of FK228 production  most likely due to the accessory roles of their deduced products involved in either FK228 biosynthesis or self-resistance.,37,1.1363399576188296,1.1230481771255578,1.0528365013845775
Furthermore  the role of depR as a pathway regulatory gene governing FK228 biosynthesis was ascertained with the following evidence.,19,1.151376878546752,1.0049341405550096,1.1664006887835165
First  depR appears to encode an LysR-type transcriptional activator that contains an N-terminal helix-turnhelix DNA binding domain  pfam00126  and a C-terminal LysR-type sensor domain  pfam03466   10   within this sensor domain there are two conserved catalytic cysteine residues  C199 and C208  that could form a disulfide bridge upon sensing oxidative stress  3 .,51,1.1771397291485488,1.1252891845831732,1.0462963079698377
Second  deletion of depR abolished FK228 production  and complementation of the #depR mutant restored much of the FK228 production capacity  see above .,22,1.1335170297456767,1.1398373345315094,1.1629001181846357
In addition  an overproduction strain  C. violaceum wild type  WT /pVP01-52b  containing an ectopic copy of depR on an expression vector  produced ca.,23,1.0788273207790375,1.0069442345184738,1.1141666637806003
10% more FK228 than the wild type  Figure-1 see Figure-S3 in the supplemental material   suggesting that DepR is a rate-limiting factor in FK228 biosynthesis.,24,1.1772674324029953,1.1595371848586276,1.2055225618191276
This 10% increase of FK228 production also represents a moderate success of yield improvement through metabolic engineering.,17,1.2223120827694713,1.2290778671972737,1.2211675174591015
Third  semiquantitative reverse transcription  RT -PCR experiments  Figure-2  clearly indicate that the expression of most redefined dep genes  except for depJ and depR itself  mutation of depR was designed as such that a 520-bp internal part of depR was deleted  leaving a 260-bp 5 region of depR intact for RT-PCR detection   was drastically downregulated or turned off in the #depR mutant under a condition in which all genes were expressed in the WT strain.,74,1.008582583899036,0.8832152024776952,0.9191569385677864
The expression of genes outside the redefined dep gene cluster was not affected by the depR deletion.,17,1.0233274538706836,0.9522200112082969,1.0486357491423266
Because depR was detected to cotranscribe with orf19 to orf21 and is the last gene in the operon  Figure-1 depR thus does not self-regulate the operon where it resides.,29,1.0786223412763192,1.0350792361293666,1.1135993227777146
Considering that orf19 to orf21 are critical min genes for bacterial physiology  it is surprising to find that depR as part of a housekeeping gene operon turns out to be a gene regulating a secondary metabolite biosynthetic gene cluster.,39,1.0558412846855383,0.9674727165793966,1.0417455755291463
Perhaps there is an underlying link between bacterial septum formation and cell division  and between oxidative stress sensing and FK228 production  which is worth further investigation.,26,1.234042903915108,1.2372716738741232,1.2124068685758755
Finally  the operon organization of the dep gene cluster was assessed by overlap RT-PCR.,14,1.0403021770926255,0.9463899044604717,1.0017152330472727
As shown in Figure-3  transcriptional coupling between two adjacent gene pairs  depA and depB  depB and depC  depC and depD  depD and depE  depE and depF  depG and depH  and depI and depJ  but not between depM and “depN ” “depN” and depA  or depH and depI  could be detected by RT-PCR.,52,1.1218537018542183,1.0425531995478474,1.0092948822821757
Transcriptional coupling between gene pairs orf21 and orf20  orf20 and orf19  and orf19 and depR was also detected.,18,1.1091542893491888,0.9778844167040375,1.0837343089043183
Therefore  the putative operon organization of the dep gene cluster can be assigned as depM alone  depABC DEFGH  depIJ  and depR cotranscribed with orf21  orf20  and orf19  Figure-1 .,28,0.9984865691703741,1.0112034512006158,1.0407560765447885
depJ appears to be able to transcribe from two alternative transcriptional start sites  one is located upstream of depI so that depI and depJ are cotranscribed  and this operon is under the control of depR  another one is located just upstream of depJ itself  independent of depR regulation.,48,1.1446430009782376,1.0286560913097247,0.9977185259859007
In conclusion  the dep gene cluster is now redefined to contain 12 genes: depA through depJ  depM  and a newly identified pathway regulatory gene  depR.,25,1.040477687248834,0.885800648568491,1.0623913563248142
Those genes are organized into four putative operons  depABCDEFGH  depIJ  depM  and depR cotranscribed with orf21  orf20  and orf19 in opposite orientation.,22,1.0989249868704993,1.0804646331473389,1.0198683140471585
Precise determination of the gene organization of the dep gene cluster and identification of a pathway regulatory gene should facilitate complete elucidation of the mechanism by which FK228 is biosynthesized  production of FK228 in heterologous hosts  yield improvement of FK228 through metabolic engineering  and discovery and engineering of FK228 analogs as anticancer lead compounds.,54,1.0861722267797587,1.0142545669552043,1.0920365354190704
