Article ID,Fig,Caption
111020,1,"Arthritis score after preventive treatment of rat adjuvant arthritis (AA) with various anti-CD4 mAbs or PBS (controls) (means ± SEM; n = 6 for all groups). Arrows show the days of treatment (days -1, 0, 3, 6). Treatment with W3/25 and OX35 significantly suppressed AA from day 13 until day 30. In contrast, RIB5/2 accelerated the onset of AA by 2 days and led to significant improvement only in the late phase (from day 27). **P ≤ 0.01, *P ≤ 0.05, in comparison with PBS-treated rats. One representative of three experiments is shown."
111020,2,"Production of TNF-α by spleen CD4+ T cells after anti-CD4 preincubation, as measured by bioassay (means ± SEM of three experiments; pooled T cells from three normal rats each). The accelerating mAb, RIB5/2, induced a significantly stronger increase of secreted TNF-α than the other mAbs. Specificity was ensured by adding a neutralizing anti-TNF-α mAb to supernatants from RIB5/2-treated cultures. *P ≤ 0.05 in comparison with the isotype control, #P ≤ 0.05 in comparison with W3/25, §P ≤ 0.05 in comparison with OX35."
111020,3,"Electromobility shift assay (EMSA) of nuclear extracts from CD4+ T cells (preincubated with anti-CD4 mAbs or stimulated with PMA/ionomycin) for AP-1 (a) and NF-κB (b). One representative phosphoimage of three independent experiments is shown (upper panels). Quantification of the bands of all three experiments is shown below (means ± SEM). All three anti-CD4 mAbs slightly decreased the AP-1 activity, and RIB5/2 induced a profound, significant increase of NF-κB activity. *P ≤ 0.05 in comparison with the isotype control, #P ≤ 0.05 in comparison with W3/25, §P ≤ 0.05 in comparison with OX35, &P ≤ 0.05 in comparison with RIB5/2."
115840,1,"Expression of seven RT-PCR markers in a panel of seven breast cancer cell lines. Each marker is shown in a separate panel and the size of the amplified product is indicated in base pairs (bp) M indicates the pUC19/HpaII marker, -ve indicates the RT-PCR negative control. Weak genomic or primer dimer bands are seen for some RT-PCRs."
115840,2,"Expression of seven RT-PCR markers in 5 separate single MDA-MB-453 cells lysed with 100 normal PBMNC. Lane M – pUC19/HpaII molecular weight marker. The following 3 lanes are amplifications from 100 PBMNC only. The following 5 lanes are amplifications from one MDA-MB-453 cell in 100 PBMNC, Lane C is the cDNA positive control, Lane G is the genomic DNA control (G), Lane R is the RT – negative control; Lanes labelled N are the PCR negative controls. Genomic bands can be seen for many ELF3 amplifications."
115840,3,"Expression of seven RT-PCR markers in 5 separate single MCF-7 cells lysed with 100 normal MNC. Lane M – pUC19/HpaII molecular weight marker. The following 3 lanes are amplifications from 100 PBMNC only. The following 5 lanes are amplifications from one MCF-7 cell in 100 PBMNC, Lane C is the cDNA positive control, Lane G is the genomic DNA control (G), Lane R is the RT – negative control; Lanes labelled N are the PCR negative controls. Genomic bands can be seen for many ELF3 amplifications,"
1064895,1,"Levels of interleukin (IL)-17 production in peripheral blood mononuclear cells from patients with rheumatoid arthritis (RA; n = 24), patients with osteoarthritis (OA) (n = 14) and normal individuals (n = 14). Each peripheral blood mononuclear cell was stimulated for 24 hours with or without phytohemagglutinin (PHA; 5 μg/ml). IL-17 was measured in culture supernatants by sandwich enzyme-linked immunosorbent assay. Data are expressed as means and SEM. One representative result of five independent experiments is shown. Student's t-test was used to compare each group. *, P < 0.05; **, P < 0.001."
1064895,2,"Production of interleukin (IL)-17 by peripheral blood mononuclear cells (PBMC) from patients with rheumatoid arthritis (RA). (a) Production of IL-17 by cytokine induction. PBMC from patients with RA were stimulated for 24 hours with IL-15 (10 ng/ml), IL-1β (10 ng/ml), tumor necrosis factor-α (TNF-α; 10 ng/ml), IL-18 (10 ng/ml) and transforming growth factor-β (TGF-β; 10 ng/ml). Levels of IL-17 were measured in culture supernatants by enzyme-linked immunosorbent assay. Each value represents the mean and SEM of three independent experiments. (b) Production of IL-17 by chemokine induction. PBMC were cultured in the presence of monocyte chemoattractant protein-1 (MCP-1; 10 ng/ml), macrophage inflammatory protein-1α (MIP-1α; 10 ng/ml), MIP-1β (10 ng/ml), IL-6 (10 ng/ml) and IL-8 (10 ng/ml). *, P < 0.05."
1064895,3,"Effects of protein kinase inhibitors and anti-rheumatic drug on anti-CD3 triggered interleukin (IL)-17 production by peripheral blood mononuclear cells (PBMC) from patients with rheumatoid arthritis. PBMC pretreated for 1 hour with pyrrolidine dithiocarbamate (PDTC; 300 μM), curcumin (10 μM), LY294002 (20 μM), wortmannin (200 nM), Cyclosporin A (500 ng/ml), dexamethasone (DEX; 100 nM), FK506 (100 ng/ml), rapamycin (10 ng/ml), SB203580 (10 nM) or PD98059 (20 μM) in combination with anti-CD3 antibody (5 μg/ml). Culture supernatant was assayed for IL-17 as described in the Materials and methods section. Each value represents the mean and SEM of three independent experiments. *, P < 0.05; **, P < 0.005."
1064895,4,"Dose-dependent effects of LY294002 or pyrrolidine dithiocarbamate (PDTC) in peripheral blood mononuclear cells (PBMC) from patients with rheumatoid arthritis (RA). (a) Effect of inhibitors on interleukin (IL)-17 release by anti-CD3-stimulated PBMC from patients with RA. (b) Effects of LY294002or PDTC on PBMC viability. PBMC were cultured at a concentration of 2 × 105 cells per well with medium, anti-CD3, anti-CD3 and LY294002 or PDTC under the conditions described in the Materials and methods section. After 24 hours of treatment, cell viability was assessed by the trypan blue dye exclusion method and expressed as a percentage with the formula 100 × (number of viable cells/number of both viable and dead cells)."
1064895,5,"Effects of LY294002 or pyrrolidine dithiocarbamate (PDTC) on anti-CD3 antibody-triggered interleukin (IL)-17 mRNA expression by peripheral blood mononuclear cells (PBMC) from patients with rheumatoid arthritis. PBMC were cultured with medium only (lane 1), anti-CD3 antibody (1 μg/ml; lane 2), anti-CD3 antibody (10 μg/ml; lane 3), anti-CD3 antibody (10 μg/ml) plus LY294002 (20 μM; lane 4) or anti-CD3 antibody (10 μg/ml) plus PDTC (300 μM; lane 5) for 12 hours; lane 6 shows a negative control. Total RNA (2 μg) was used for cDNA synthesis in a volume of 20 μl; 1 μl of the synthesized cDNA was used for reverse transcription–polymerase chain reaction as described. PCR reaction product (25 μl) was separated on an agarose gel containing ethidium bromide. The relative intensities of the bands were revealed under UV radiation."
1064895,6,"Activation of phosphorylated Akt after interleukin (IL)-17 induction by anti-CD3 antibody, and its inhibition by LY294002. Peripheral blood mononuclear cells were cultured with medium only (lane 1), anti-CD3 antibody (10 μg/ml; lane 2) or anti-CD3 antibody (10 μg/ml) plus LY294002 (20 μM; lane 3) for 10–120 min. Cell lysates were analyzed for Akt activation by western blot analysis of total and Ser473-phosphorylated Akt (P-Akt) using specific antibodies. Levels of phosphorylated Akt were compared at each time point, after normalization to Akt and β-actin in the same sample. A representative example of three separate experiments is shown."
1064895,7,"Effects of anti-CD3 plus anti-CD28 on NF-κB complex in nuclear extracts of rheumatoid arthritis (RA) peripheral blood mononuclear cells (PBMC) and normal PBMC. (a) NF-κB activity in the absence (lane 1) or presence (lane 2) of anti-CD3 plus anti-CD28 antibody; supershift assay of NF-κB site with antibodies against p65 (lane 3), p50 (lane 4) and c-Rel (lane 5). PBMC from patients with RA were stimulated with anti-CD3 plus anti-CD28 and were used for the supershift assay. (b) NF-κB activity in the absence (lane 1) or presence (lane 2) of anti-CD3 antibody plus anti-CD28 in normal PBMC. (c) NF-κB activity in the absence (lane 1) or presence (lane 2) of anti-CD3, anti-CD3 plus LY294002 (lane 3) or anti-CD3 plus pyrrolidine dithiocarbamate (PDTC; lane 4). Arrows denote a labeled oligonucleotide band shifted after NF-κB binding. The lower panel shows an immunoblot for IκB-α and actin at the same time."
1065313,1,"Nuclear RelB-CD123+ plasmacytoid dendritic cells (pDCs) are located in close association with cells expressing tumor necrosis factor (TNF)-α in lymphoid aggregates of rheumatoid arthritis (RA) synovial tissue. Sections of frozen normal human synovial tissue (a, b, e) or synovial tissue from a patient with untreated active RA (c, f, g) or formalin-fixed sections from a patient with active RA (d, h, i) were stained with anti-CD11c (brown, a, c), anti-CD123 (brown, b, d), or anti-TNF-α (brown, g) using an immunoperoxidase technique. For double staining, sections were stained with Ulex (red) and anti-CD123 (brown, e, f, g) or with RelB (purple) and CD123 (brown, h, i) using a double, immunoperoxidase–immunoalkaline phosphatase technique. All sections were counterstained with hematoxylin (blue) except h and i, in which the nucleus of CD123+ cells appears as a hole. The thick arrow in d identifies a blood vessel. Thin arrows denote representative CD123+ perivascular DCs (d), representative double-stained vessels (e), a CD123+ cell within a blood vessel (f), and nuclei stained by RelB (h). Data are representative of at least three separate RA donors in individual experiments. Scale bars represent 20 μm."
1065313,2,"CD123+ dendritic cells (DCs) and CD11c+ cells are enriched in rheumatoid arthritis (RA) synovial tissue (ST). CD123+ DCs were quantitated by counting the number of CD123+Ulex- cells in sections double-stained with CD123 and Ulex. Cells were counted in each of the entire sections from three patients and three normal controls at high power, and for each biopsy this number was corrected for the area of the section to obtain the number/mm2. To quantitate CD11c+ cellular infiltration, the number of CD11c+ cells was counted in three high-power fields of the synovial sublining in sections from three patients and three normal controls. Data represent means ± standard error of the mean."
1065313,3,"CD11c+ dendritic cells (DCs) and CD123+ DCs are present in rheumatoid arthritis (RA) synovial fluid (SF). After purification of mononuclear cells from either normal or RA peripheral blood (PB) or RA SF, cells were stained with CD123-PE, CD11c FITC, CD14-PECy5, and HLA-DR-APC. Live HLA-DR+CD14-mononuclear cells were gated; polymorphonuclear cells were excluded on the basis of forward and side light-scatter. Scatter plots depict percentage of total PB or SF cells expressing the indicated markers for all donors. APC, antigen-presenting cell; PBMC, peripheral blood mononuclear cells; PE, phycoerythrin; SFMC, synovial fluid mononuclear cells."
1065313,4,"Morphology and cell-surface phenotype of dendritic cell (DC) subpopulations. (a) Freshly isolated CD11c+CD123- DCs and CD123+CD11c- DCs were sorted from either normal peripheral blood (PB) or rheumatoid arthritis (RA) synovial fluid (SF) according to the gating strategy outlined in the legend to Fig. 3 and were then prepared for transmission electron microscopy. Micrographs are representative of three separate donors. Scale bars represent 20 μm. (b) Normal PB or RA SF mononuclear cells were stained with CD123-PE, CD14-PECy5, HLA-DR-APC, and either isotype control or the depicted marker labelled with FITC. Live HLA-DR+CD14-CD123+ cells or HLA-DR+CD14-CD11c+ cells were gated; polymorphonuclear cells were excluded on the basis of forward and side light-scatter. The expression of isotype control (dotted lines) and indicated markers (continuous lines) by the gated cells are depicted. Data are from three donors of normal PB or RA SF. APC, antigen-presenting cell; PE, phycoerythrin."
1065313,5,"CD123+ and CD11c+ synovial fluid (SF) dendritic cells (DCs) are efficient antigen-presenting cells (APCs) and induce secretion of tumor necrosis factor α. Freshly sorted CD123+CD11c- or CD11c+CD123- DCs from either normal peripheral blood (PB) (a–d) or rheumatoid arthritis (RA) SF (e–h) were incubated with 105purified normal allogeneic T cells. T-cell proliferation was measured by [3H]thymidine incorporation of triplicate wells after 60 hours (a, e). Unstimulated T-cell proliferation was routinely <500 cpm. Data represent means ± standard error of the mean of triplicate wells and are from three individual PB and SF donors. The concentrations of IFNγ, IL-10, and tumor necrosis factor (TNF)-α were measured in supernatants of allogeneic mixed lymphocyte reactions stimulated by sorted PB (b–d) or SF DCs (f–h). Data are means of duplicate samples and are from two separate SF donors."
1080127,1,"DNase I hypersensitivity studies. In (A), a schematic representation of the CCR3 gene is shown. Exons 1 through 4 (E1 – E4) are depicted as boxes; open box represents the open reading frame, while the closed box represents the untranslated region. The position of Hind III (H) and Eco RI (RI) restriction sites is depicted with arrows and probes used for DNase I hypersensitivity are depicted as lines above the genomic fragment. The position of hypersensitive site is depicted as HS1. In (B), Southern blot analysis for the HS site is shown. Nuclei from the primary human eosinophils were digested with indicated doses of DNase I for 5 minutes at 30°C. Following DNA purification and digestion with restriction enzymes (shown in figure is Eco RI), DNA was electrophoresed on an agarose gel and transferred to nylon membranes. Following hybridization with genomic probes, membranes were exposed to film. Size markers are shown on the right. Ethidium bromide staining of the gel is also shown."
1080127,2,"Binding of transcription factors to CCR3 exon 1. In (A), a schematic representation of the CCR3 exon region used for electrophoretic mobility shift assays is shown. E1-FL is the exon 1 full-length probe. Overlapping short probes are called E1-A, E1-B and E1-C, respectively. The DNA sequence is shown with GATA sites boxed. In (B), EMSA assay with the full-length probe and extracts from eosinophilic AML14.3D10 cells is shown. As cold competitors (CC), the full-length probe and short probes E1-A through C were used. The arrow depicts the specific band. A representative experiment, of three similar experiments, is shown."
1080127,3,"Binding of GATA factors to CCR3 exon 1. In (A), EMSA assay with probes E1-B (left panel) and E1-C (right panel) and nuclear extracts from AML14.3D10 cells is shown. Three cold competitors were used in each case: the probe itself (E1-B-WT and E1-C-WT, respectively), the probe with the GATA site mutated (E1-B-mut and E1-C-mut, respectively) and the GATA consensus oligonucleotide (GATA cons). A representative experiment, of three similar experiments, is shown. In (B), EMSA assay with the full-length probe (E1-FL) and extracts from eosinophilic AML14.3D10 cells in the presence or absence of antibodies against GATA-1 is shown. The arrow depicts the specific band. In (C), EMSA assay with probes E1-B (left panel) and E1-C (right panel) and nuclear extracts from AML14.3D10 cells and cold competitor probe itself (CC: E1-B and CC: E1-C, respectively) or anti-GATA-1 antibody (GATA-1 atb) is shown."
1080127,4,"The CCR3/EGFP transgenic mice. In (A), a schematic representation of the transgenic construct is shown. The genomic fragment encoding 1.6 kb of the CCR3 promoter including 60 bp of exon 1 (E1), was cloned into the Hind III and Bam HI sites upstream from the EGFP gene in the pEGFP1 vector. The positions of restriction sites are indicated. In (B), Northern blot analysis of multiple tissues from transgenic mice is shown. RNA was isolated from the spleen, lung, thymus, kidney and jejunum of CCR3/EGFP transgenic mice (lines 3.1 and 3.2). 10 μg total RNA was electrophoresed on an agarose gel, transferred to nylon membranes and probed with the SV40 polyA probe in order to detect expression of the transgene. Position of 28S and 18S is depicted with arrows. Ethidium bromide staining of the gel is also shown. In (C), immunohistochemistry using an anti-GFP antibody is shown. Organs were collected, frozen sections obtained and anti-GFP immunohistochemistry performed. Positive staining is represented as black precipitate."
1087843,1,"p50-/- mice trap IgM-IC less efficiently on FDCs. Localization of IgM-IC in B6 or p50-/- mice was determined by IH 16 h after injection. ER-TR9 identifies marginal zone macrophages (MZM) and FDC-M2 identifies FDCs. IgM-IC (which appear blue in this and all subsequent figures and are identified by arrows) are localized to FDCs in spleens from both groups of mice, but FDCs from B6 mice show more intense staining, indicating that more IgM-IC are trapped in these mice. All IH stains were performed on serial sections and were developed side-by-side for identical periods of time."
1087843,2,"p50-/- mice contain reduced numbers of MZ B cells that bind high levels of IgM-IC A. B cell subsets and IgM-IC binding. Splenocytes from B6 or p50-/- mice were analyzed for B cell subsets by FACS using CD21/CD23 or B220/CD1d expression. Histograms on the right show binding of IgM-IC to MZ and FO B cells 1 h after i.v. injection (shaded region); clear profiles represent uninjected control mice. Although spleen cells from p50-/- mice contained reduced numbers of MZ B cells, the cells present in the MZ B cell gate bind IgM-IC at high levels over background, similar to levels of binding of IgM-IC to B6 MZ B cells. B. In vitro binding assay showing binding of IgM-IC to MZ B cells (shaded region) compared with FO B cells (clear region). MZ B cells from both B6 and p50-/- mice bind high levels of IgM-IC compared to FO B cells. C. Immunofluorescence shows the presence of IgMhi cells (red) in the MZ as demarcated by MOMA-1 (marginal metallophilic macrophages, blue) staining. p50-/- mice possess some IgM+ cells in the MZ outside of the MOMA-1 ring, consistent with the presence of appropriately positioned MZ B cells in these mice."
1087843,3,p50-/- mice accumulate MZ B cells with age that have the capacity to bind high levels of IgM-IC A. FACS profile of splenocytes from 2 and 6 month old B6 and 6 month p50-/- mice reveal the presence of normal numbers of MZ B cells in spleens of the p50-/- mice. Histograms illustrate binding of IgM-IC to p50-/- MZ B cells as described in Figure 2A. B. In vitro IgM-IC binding assay. Binding to MZ B cells (shaded profiles); binding to FO B cells (clear profiles).
1087843,4,"Phenotypic and histological analysis of MZ B cells in p50-/- mice A. FACS profile of splenocytes from 2 and 6 month old B6 and 6 month old p50-/- mice revealed by B220/CD1d and B220/CD9 profiles. B. FACS histograms showing IgM levels on MZ and FO B cells (shaded and clear regions, respectively) as determined by CD21/23 profiles. Cells present in the MZ B cell gate in p50-/- mice express higher levels of IgM compared with FO B cells, similar to B6 mice. C. IF reveals well demarcated IgMhi cells (in red) in the MZ outside of the laminin staining (which identifies the marginal sinus; in green) in 6 month p50-/- mice."
1087843,5,"Deteriorated FDCs in aged p50-/- mice correlates with reduced IgM-IC localization A. 2 month and 6 month old B6 mice and 6 month old p50-/- mice were injected with IgM-IC and analyzed by IH for IgM-IC localization 16 h later. IgM-IC were present on FDCs in 2 and 6 month B6 mice (see arrows), but were not deposited onto FDCs in p50-/- mice. B. Intense CD21 staining (designated by arrows) was less visible in the spleens of p50-/- mice, indicating that FDC networks were poorly developed in these mice. This suggests that reduced IgM-IC localization may be attributed to the loss of functional FDC networks in p50-/- mice. The magnifications noted refer to the objective used, not the absolute magnification."
1134656,1,"Cluster statistics A: Histogram showing the log number of clusters as a function of log cluster size, based on the clustering at Pearson correlation coefficient 0.75 cut-off. Numbers on the x axis denote cluster size intervals (2), (3–4), (5–8), (9–16),... B: Co-expression as a predictor for shared function, protein interaction and paralogy. We identified all gene pairs that correlated above or below a threshold T (X-axis). We measured the fraction of such pairs for which there was (i) a BIND database protein-protein interaction recorded in human, (ii) at least one shared gene ontology term, and (iii) evidence of paralogy. We then computed the relative probability for genes above T with this feature, compared to gene pairs below T. At expression correlation 0.80, co-expression was associated with a 100-fold relative probability for genes to encode protein interactors, a 10-fold probability for genes to share functional annotation, but only a 3-fold probability for genes to be paralogs. C: Fraction of clusters with at least one over-represented GO term (Y axis), as a function of cluster size (X axis). GO term over-representations were computed at a 10% false discovery rate."
1134656,2,"A smooth muscle differentiation battery: The bar chart (left) illustrates the average expression level of cluster members (Y axis) across arbitrarily ordered tissues (X axis) in two species (red = mouse and blue = human). Three tables list over-represented functional terms (upper small table), over represented motifs (PFMs) (middle table), and cluster members (lower table)."
1134656,3,B-lymphocyte differentiation battery: Tables and charts are organized as in figure 2.
1134656,4,Testis selective battery: Over representation of RFX and SOX17 motifs indicates new roles for these factors as coordinators of testis selective gene expression. Tables and charts are organized as in figure 2.
1134656,5,"Endoplasmatic reticulum associated genes: Over representation of XBP-1, NRF and RTS motifs suggest novel functions for NRF and ETS family factors in the regulation of ER-related genes. Tables and charts are organized as in figure 2."
1134656,6,Ribosomal genes: Tables and charts are organized as in figure 2.
1134656,7,NF-kappaB pathway: Over representation of REL and NFkappaB motifs indicates feed back signalling. Tables and charts are organized as in figure 2.
1134656,8,"EMSA validation of EBF binding sites: A: The figure displays EMSAs in which binding of EBF to a mb-1 promoter EBF site is competed for by the inclusion of 300 or 1000-fold molar excess of unlabelled oligonucleotides that correspond to the predicted motifs. The name of the gene and the position of the motif is given in the figure. (m) indicates mouse and (h) human. ""EBF"" shows the position of the DNA/protein complex, and ""Probe"" indicates the position of free DNA. See supplementary information for a detailed description of the sites. B: The mb-1 promoter EBF site interacts specifically with EBF protein in a pre-B cell nuclear extract. The figure displays an autoradiogram in which a labelled EBF binding site from the mb-1 promoter has been incubated with nuclear extracts from 40EI pre-B cells and competitors or antibodies as indicated. EBF denotes the bound EBF protein and EBF-SS the super-shifted complex obtained by the addition of the EBF reactive antibody to the reaction mixture."
1134656,9,"False discovery rate estimation. A: Illustration of how false discovery rates (FDRs) were estimated by use of simulations. Values on the y axis represent the number of motifs below a certain p-score (x axis). Triangles show results for observed data, filled circles show results for permuted data (error bars show the 90% confidence interval from 100 simulations). The FDR was calculated as the ratio between the simulated expectation and the observation. Red dotted line: The number of clusters with at least one enriched motif. Note that several motifs where over-represented in the same cluster. B: Removal of paralogous genes from each cluster did not affect the number of detected motifs. Consequently, co-expressed paralogs is not an important source of false positives. C: The amount of DNA used per gene, and the phylogenetic footprinting stringency has a strong effect on the number of detected over-represented motifs. The sensitivity is higher when the amount of DNA is reduced. Error bars in B and C were obtained by using the 5th and 95thpercentiles in the simulation to define the FDR."
1156890,1,"Hybridization images of polyA mRNA and nuclear run-on (NRO) RNA. Depicted are signals in fields of arrays corresponding to untreated (time 0), as well as 5, and 30 min after induction of Jurkat cells using 40 ng/ml PMA and 1 μM Ionomycin (P+I). Two-color overlays contrast either 5 min or 30 min (red) versus 0 (green) for polyA mRNA and NRO RNAs."
1156890,2,"Distributions of significantly regulated genes in both polyA mRNA and nuclear run-on (NRO) RNA. For this analysis, a gene was considered to be up- or down-regulated in either polyA mRNA RNA or NRO RNA (Altered Gene Expression) if it was significantly different from the baseline at any point during the time course of activation; all other genes are in the 'Unaltered Gene Expression' category. The number and per cent of genes in each of 8 possible regulatory categories are displayed."
1156890,3,Comparison between polyA mRNA and nuclear run-on RNA of immediate early gene activation in Jurkat T cells. A.1 Heatmap of relative gene expression intensities (Z scores). A.2 Graphical representation of the same data illustrating an immediately apparent up-regulation of gene expression in NRO but not polyA mRNA. B. Single end-point PCR validation of up-regulation in polyA mRNA by 1 hour of a subset of genes shown to be activated within 5 minutes by nuclear run-on RNA. C. Patterns of polyA mRNA and nuclear run-on RNA levels for NFKB1 and its inhibitor (NFKBIA).
1156890,4,"Global comparison of gene expression changes in polyA mRNA and NRO RNA. A. At each time period indicated columns correspond to the values derived by subtracting the Z ratio of NRO RNA from the Z ratio of polyA mRNA for every gene. Equivalency between calculations varies around 0, data is aligned using a combined average index, and is displayed from left to right to represent the highest average positive Z ratio difference to the lowest average negative Z ratio difference. Columns in red correspond to genes exhibiting significant differences (Z ratio difference values greater or less than ± 1.5) in gene expression changes when comparing polyA mRNA and NRO RNA for each gene at each time point. B. Hierarchical clustering of all significant changes in gene expression in either NRO or polyA mRNA across the time course of activation. The median Z score data for each gene is individually normalized to its baseline value in for the sake of this comparison."
1156890,5,"Frequency distribution of gene expression patterns generated from polyA mRNA or NRO RNA. The top 20 patterns for each method is shown. Significant changes in gene expression were assigned a 1, -1, or 0 for up, down, or no change, respectively. In addition, a value of -1, 0, or 1 (low, moderate, or high) was assigned to each gene according to its relative intensity at baseline (0 time). The absolute numbers of genes in each pattern are reported in the column labeled Top 20 and the percentage of those genes relative to all significantly regulated genes can be found in the column labeled % Sig. Totals are as indicated at the bottom of each column. Filled-in boxes denote patterns equally shared in the top 20 between both methods"
1156890,6,"Differential distribution of transcriptional and polyA mRNA up- (A) or down- (B) regulated gene expression patterns during Jurkat T cell activation. The number of genes consistently regulated (up or down at every time point) are correlated with their relative expression baselines (Z score: high>1, 1>medium>-1, low<-1)."
1156890,7,Persistence of stability-regulated changes in gene expression in the presence of Actinomycin D. A. Effect of Actinomycin D on the (P+I)-induced changes in the expression patterns of gene deemed to be transcriptionally regulated. Z ratio comparisons are made to the baseline or unactivated state. B. Lack of an effect of Actinomycin D on the (P+I)-induced changes in the expression patterns of genes deemed to be stability regulated. The absolute differences (Z diff) between the activated and un-activated state for both polyA mRNA and NRO RNA for a subset of these genes is shown. C. Comparison of the Z ratios for all significantly regulated genes in the presence or absence of Actinomycin D showing no corresponding regulation in NRO RNA. Data is sorted by polyA mRNA (without ActD) values and a significance threshold of Z ratios > ± 1.5 was used for these calculations.
1156890,8,Regulation of apoptotic pathways during T cell activation involves changes in gene expression by both mRNA transcriptional and mRNA stability mechanisms. Genes colored in red and blue were up- or down-regulated in polyA mRNA only. Genes colored in yellow and purple were up- or down-regulated in NRO RNA. Pathway is from a Kegg map modified in Genmapp2.0 [27].
1156890,9,Enrichment of NFAT and NFκB transcription factor-binding sites in the promoter regions of genes upregulated after 60 min of treatment of human Jurkat T cells with PMA + Ionomycin. Color gradient from bright red to bright green is directly proportional to Z ratios and indicates the increase (red) or decrease (green) of gene expression relative to baseline at each of the indicated time points.
1159166,1,"Strategy for Generating Ews-ERG Invertor Gene by Homologous Recombination (A) The method for making invertor mice is described in detail elsewhere [35]. In summary, an invertor cassette comprising a short intronic region with an acceptor splice site, human ERG cDNA sequence (shown in Figure S1), a polyA site, and the MC1neopA gene all flanked by loxP sites (depicted by black triangles) was knocked in, using homologous recombination, into Ews intron 8. The transcription orientation of the targeted ERG cDNA invertor cassette was opposite from that of the endogenous Ews gene after initial homologous recombination. Germ line carrier mice of this targeted allele were crossed with Cre-expressing mouse strains [36], and, as indicated in the right hand side of the diagram, the invertor cassette is turned around to create a transcription orientation identical with that of Ews. Thus, after transcription, a pre-mRNA is made with the donor splice site of Ews exon 7 adjacent to the acceptor site of the invertor cassette, allowing post-transcriptional fusion of Ews with ERG in an analogous format to that found in human sarcomas with t(21;22). (B) Genomic sequence adjacent to the Ews exon 7 and the ERG invertor cassette (the derived amino acid sequence is shown in the single letter code) obtained from DNA of ES cells and of thymus after Cre-mediated inversion. The Ews intron 7/8 donor splice site is indicated by an arrow. The boxed sequence ( TCTAG/ CGAT) corresponds to the ligation of filled-in XbaI (Ews genomic) and ClaI (ERG invertor cassette) sites (for detailed description see [35]). The boxed XbaI site ( TCTAGA) corresponds to the position of cloning of the mouse Af4 intronic sequence (shaded) in the ERG invertor cassette. On the 3′ side of the fused XbaI-ClaI sites, there is a loxP site originating from the ERG invertor cassette (see Figure S1) followed by the Af4 intron 4 (shaded) upstream of the ERG cDNA sequence. The Af4 acceptor splice site is indicated by an arrow, and is followed by the ERG cDNA sequence. A NotI site used for cloning the amplified ERG sequence is boxed (see also Figure S1) (note this sequence is non-contiguous and the dots represent a gap; the full sequence appears in [35])."
1159166,2,"Incidence of Haematological Malignancy and Characteristics of Ews-ERG Invertor Mice Cohorts of 29 Ews-ERG; Rag1-Cre mice and 20 Ews-ERG control mice were monitored over a period of approximately 17 mo. Mice were culled and a post-mortem conducted when signs of ill health were observed. Leukaemia/lymphoma was established by various criteria (see Materials and Methods). Top panel shows the survival curve of Ews-ERG; Rag1-Cre (+Cre) or Ews-ERG (−Cre) mice as a function of time (days). Bottom panel shows the histology of blood and bone marrow from leukaemic mice (M21 and M20, respectively). Blood smears were stained with May-Grünwald-Giemsa stain and photographed at 400× magnification, whilst bone marrow was photographed at 1,000×."
1159166,3,"Clonality of T Cell Neoplasias inEws-ERG Invertor Mice Genomic DNA was prepared from various tissues of invertor mice with thymomas. Genomic analysis was carried out using filter hybridisation to assess the presence of the inverted ERG cassette in the tumour cells (A), and to assess whether the lymphocytes involved in the tumours were clonal T (B) or B cells (C). (A) Inversion hybridisation autoradiograph. DNA was prepared from the thymoma and other tissues of M18, cleaved with EcoRI and hybridised to the 5′ Ews probe (which detects a 5-kb targeted ERG cassette fragment or a 6.5-kb Cre-inverted fragment). If the ERG cassette is inverted by Cre activity, the size of the EcoRI fragment increases from the initial targeted gene size, as indicated in the maps below the figure. The data shown are for DNA extracted from spleen (spl), thymus (thy), liver (liv), kidney (kid) or tail (ES cell DNA is used as a control). The Cre-mediated inverted band (∼6.5 kb) is evident in thymus DNA (thymoma). The summary of the data from the cohort of invertor mice is in Table 2. Note that despite extensive infiltration of spleen detected by histology, we cannot see the inverted band by Southern blot; this presumably reflects regional clustering of neoplastic cells in spleen. Restriction fragment sizes are represented as germ line (GL), inverted allele of ERG cassette (inv) and initial targeted Ews allele (Tgt). The organisation of the targeted Ews allele is indicated underneath. The hybridisation autoradiograph shows the location of Ews exon 7 and the initial targeted orientation (bottom) or inverted orientation of ERG invertor cassette after Cre-mediated recombination (top). a, acceptor splice site. (B) Autoradiograph showing rearrangement of T cell receptor β locus. A T cell receptor Jβ2 probe [40] (diagrammatically shown below the autoradiograph) detects a 5-kb germ line HindIII Jβ2 band whilst V-D-Jβ2 joins in T cells result in new HindIII-sized bands depending on the nature of the rearrangement. Each of 12 thymoma DNAs that were compared showed one or two Jβ2 alleles rearranged, signifying that these tumours were clonal T cells. In some thymoma samples, there is almost complete absence of the germ line band, indicating that the thymuses of these mice are solely comprised of malignant clonal T cells. DNA sequence analysis of the V-D-J junctions of mice M2, M5, M13, and M18 showed functional V-D-J joins (see Table 2). (C) Autoradiograph showing rearrangement status of immunoglobulin heavy-chain genes. A Cμ intron probe [41] (diagrammatically shown below the autoradiograph) was used to hybridise a set of thymoma DNAs for the presence of Igh rearranged bands. Only two samples showed rearrangements. (D) Detection of Ews-Erg fusion protein in thymoma cells. Single cell suspensions were made of T cells from a normal thymus (wt) or from the thymoma of M6, protein fractionated on 4%–20% acrylamide gel, and transferred to nylon membranes. Specific proteins were detected with anti-Ews or anti-ERG antibody."
1159166,4,"B and T Cells Express the Ews-ERG Fusion RNA A 96-d-old mouse with both Ews-ERG and Rag1-Cre alleles was used as a source of spleen and thymus cells. Single cell suspensions of spleen cells were labelled with anti-B220 or with anti-Thy1.2 and were purified using a MoFlo preparative flow cytometer. Estimated purities were achieved of greater than 95%. cDNA was prepared from RNA extracted from sorted cells or from aliquots of unsorted populations and RT-PCR (approximately 3,400 B220+ or 6,400 Thy1.2+ cell equivalents per PCR reaction) carried out with specific Pax5 (A), CD3 (B) or Ews-ERG (C) primers. PCR reaction products were fractionated on 1% agarose gels and either stained with ethidium bromide and photographed (A and B) or gel blotted and hybridised with an Ews-ERG probe (C)"
1159166,5,"Analysis of Cell Surface Antigens of Thymomas from Ews-ERG Invertor Mice Using Flow Cytometry Thymus tissue was resected from mice with thymoma and FACS analysis performed to determine T cell phenotype (summarised in Table 1). The data in the figure show representative flow diagrams of three tumour-bearing mice (M2, M3, and M4) compared with a wild-type C57BL/6 control (wt), using anti-Thy1 (y-axis) plus anti-B220 (x-axis) antibodies or using anti-CD8 (y-axis) plus anti-CD4 (x-axis) antibodies. The three thymomas show a range of CD4 and CD8 co-expression phenotypes characterizing the thymomas generated in the Ews-ERG; Rag1-Cre invertor mice.."
2542994,1,Gli-null iMEF morphology in monolayer cell culture. Indicated iMEFs were grown to confluence in monolayer culture and imaged at 40× magnification.
2542994,2,"Transcriptional Hh-responsiveness of generated iMEFs. Indicated iMEFs were plated at confluence and treated ± Shh ligand. After 24 hrs, expression of Ptc1 was determined by Real-Time RT-PCR. A. Basal and Shh-induced expression of Ptc1. Values represent the mean ± SEM of 3–5 replicate experiments, * indicates P ≤ 0.05 (paired t-test). B. Ptc1 expression plotted as fold induction (Shh/Veh). Values represent the mean ± SEM of three replicate experiments. The letters above the bars denote the groups produced by the ANOVA pair-wise differences. Genotypes sharing a letter are not statistically significant at p ≤ 0.05 (Fisher's LSD)."
2542994,3,"Non-transcriptional Hh-responsiveness of the generated iMEFs. A. Example of a migration assay using wild type (Gli3+/+) iMEFs in a Transwell system with varying concentrations of Shh as chemoattractant. Fluorescence was read every two minutes and expressed as relative fluorescence unit (RFU). B. Example of a migration assay using wild type (Gli3+/+), Gli1-/-2-/- and Gli2-/-3-/- iMEFs with 2 μg/ml Shh as chemoattractant. No-attractant condition was subtracted and migration starting points were set to t = 0. Robust migration was observed for each cell line. C. Total migration data from several experiments as performed for B, pooled and expressed as fraction of wild type iMEF migration (Gli3+/+, set to 1, n = 5). To determine whether the migration response was significantly different relative to wild type, a 95% confidence interval was calculated based on the mean and standard deviation of the observations. Reported significant differences thus have a P value of < 0.05."
2542994,4,"Hedgehog pathway specificity in migratory response of Gli2-/-3-/- iMEFs. A. Migration of Gli2-/-3-/- iMEFs was performed using the Smo agonist purmorphamine or 20% FCS as attractants as well as 2 μg/ml Shh in the presence of no inhibitor (control), the Smo antagonist cyclopamine or the LPS inhibitor PMB. Preincubation time with inhibitors following detachment was 10 minutes. B. Migration responses of Gli2-/-3-/- iMEFs transfected with a SuFu or control vector or preincubated with the leukotriene synthesis inhibitor MK-886 or translation inhibitor, cycloheximide. No-attractant condition was subtracted and migration starting points were set to t = 0."
2542994,5,"Stable over-expression of several Hh components drives constitutive pathway activity. WT iMEFs were infected with retrovirus encoding, hShh-GFP, hGli1-GFP, ΔNmGli2-GFP, hSmo-GFP or an empty GFP IRIS vector. Stable over-expresser cell lines produced by GFP sorting were plated at confluence. Following 24 hrs, expression of Ptc1 was determined by Real-Time RT-PCR. Values represent the mean ± SEM of three replicate experiments, * indicates P ≤ 0.05 (paired t-test) vs. GFP iMEFs."
2569962,1,Time course of events in a trial with a divided attention cue and an auditory target.
2569962,2,Greater levels of activity were noted in visual cortex during attend vision trials (Vis) than attend audition trials (Aud; A). Greater levels of activity were also present in auditory cortex during attend audition trials than attend vision trials (B) Statistical maps are thresholded at p < 0.001 and corrected for multiple comparisons using extent correction (p < 0.05).
2569962,3,"Examination of sub-threshold (t>3.00, uncorrected) activity during attention to audition (depicted in the left column) or vision (depicted in the right column) indicated that decreases in activity levels in the unattended sensory cortex were the main source of differences between auditory attention and visual attention trials. Circles indicate the approximate locations of the ROI for peak activity differences between attend audition and attend vision trials (based on results shown in Fig. 2). The % signal change in visual cortex ROI is negative during trials where participants are cued to pay attention to audition and subsequently receive an auditory target (top graph, hatched bar). Very little signal change was noted in this same region of visual cortex when participants were cued to pay attention to vision and subsequently received a visual target (top graph, gray bar). In the auditory cortex ROI, small increases in signal were noted on trials where participants received an auditory attention cue and auditory target (bottom graph, hatched bar). Decreases in signal were also noted in this same region on trials where participants received a visual attention cue followed by a visual target (bottom graph, gray bar). Asterisk (*) indicates a significant change from baseline activity levels, p < 0.05."
2569962,4,"Comparisons between trials where no target was presented after the attention cue demonstrate that there were greater levels of activity in visual cortex during attend vision trials than attend audition trials (using a correction threshold of p < 0.001, cluster extent p < 0.05; A). Greater levels of activity were also present in auditory cortex during attend audition trials than attend vision trials (using a correction threshold of p < 0.005, cluster extent p < 0.05; B)."
2569962,5,"Examination of sub-threshold (t> 2.50, uncorrected) activity during attention to audition (depicted in the left column) or vision (depicted in the right column) indicated that decreases in activity levels in the unattended sensory cortex were the main source of differences between the auditory attention trials and the visual attention trials where no target followed the attention cue. Circles indicate the approximate locations of the ROI for peak activity differences between attend audition and attend vision trials (based on results shown in Fig.2). The % signal in visual cortex ROI decreased significantly below baseline during trials where participants are cued to pay attention to audition but received no auditory target (top graph, hatched bar). No significant signal change was noted in this same region of visual cortex when participants were cued to pay attention to vision but subsequently received no visual target (top graph, gray bar). In the auditory cortex ROI, no change in signal was noted on trials where participants received an auditory attention cue but no auditory target (bottom graph, hatched bar). However, slight decreases in signal were noted in this same region on trials where participants received a visual attention cue but no visual target (bottom graph, gray bar). Asterisk (*) indicates a significant change from baseline activity levels (p < 0.05); cross (+) indicates a trend towards a change from baseline activity (p < 0.10)."
2569962,6,"Analysis of activity in the visual cortex indicated that there was significantly greater deactivation during attention to the auditory modality than during attention to the visual modality, and that the absence of a target did not diminish this effect (A). In the auditory cortex, there was significantly less activity during visual attention than during auditory attention (B). This effect was modulated by the target such that the absence of a target reduced the magnitude of both the activation observed during auditory attention and the deactivation observed during visual attention (B)."
20459090,1,"Correlation between chemical shift perturbations and docking of small molecules. A) CXCR4 residues D20 and sY21 occupy a cleft on the CXCL12 surface bordered by residues in the N-loop (H17 and V18) and β3-strand (V49). B) HSQC spectra of 250 µM [U-15N] CXCL12 acquired in the presence of 0, 0.5 and 1.25 mM 1709621. C) HSQC shift perturbations induced by binding of three ZINC compounds identify H17, V18 and V49 (purple bars)."
20459090,2,"3-(naphthalene-2-carbonylthio carbamoylamino)benzoic acid (ZINC ID 310454) binds CXCL12 and inhibits CXCR4-mediated Ca2+-flux. A) CXCL12 chemical shift perturbations induced by ligand binding. B) A consistent set of perturbed residues (red) surround the docked 310454 (naphthyl) and 308174 (phenyl) compounds, but R12 (blue) is shifted only when the naphthylene is present. C) Modifications to the naphthyl (308174) or benzoic acid (2827223) groups reduced CXCL12 binding affinity relative to 310454. D) Ca2+-flux of THP-1 cells in response to 30 nM CXCL12 followed by 10 nM of the chemokine CCL2/MCP-1 (upper panel), 10 nM CCL2/MCP-1 pre-incubated with ZINC ID 310454 followed by 30 nM CXCL12 (middle panel) and 30 nM CXCL12 pre-incubated with 100 µM ZINC ID 310454 followed by 10 nM CCL2/MCP-1."
21183645,1,"Redefined FK228 biosynthetic (dep) gene cluster and putative operon organization. (A) All redefined depgenes are shown by solid black bars, open reading frames (ORFs) beyond the dep gene cluster are shown by white bars with solid outlines, and a pseudogene (“depN”) is shown by a white bar with a dotted outline. Previously annotated gene (orf) names that have been revised are in parentheses. Wavy lines with arrowheads indicate putative operons. (B) Relative levels of FK228 produced by the wild-type strain (CvWT), 14 gene deletion mutant strains, a complementation strain, and an overproduction strain of Chromobacterium violaceum no. 968, detected and quantified by LC-MS. Data are mean values of results from duplicate experiments, with error bars indicating standard deviation."
21183645,2,"Transcriptional regulation of dep genes by a newly identified pathway regulatory gene, depR. (A) Detection of individual gene expression by semiquantitative RT-PCR from an RNA sample of the wild-type strain. (B) Amplification of individual gene expression by semiquantitative RT-PCR from an RNA sample of the ΔdepRmutant strain. 16S rRNA gene amplification was included as a control reaction."
21183645,3,Detection of putative operon organization of the dep gene cluster and neighboring genes. (A) Detection of transcriptional coupling between two adjacent genes by overlap RT-PCR from an RNA sample of the wild-type strain. (B) Control reactions showing PCR amplification of an intergenic region of two adjacent genes from a genomic DNA sample of the wild-type strain. The unusually large amplicon of depD-depE was due to a special consideration in primer design to avoid two highly homologous intragenic regions toward the 3′ end of depD.
21183648,1,"Identification of missing genes necessary for FK228 biosynthesis in Chromobacterium violaceum no. 968. (A) Local genetic map of two candidate PPTase-encoding genes, with the sfp gene product postulated to participate in phosphopantetheinylation of carrier proteins of the FK228 biosynthetic pathway. (B) Local genetic map of three candidate AT-encoding genes, with the fabD1 and fabD2 gene products postulated to provide AT activities to complement the AT-less PKS modules on DepBC proteins for FK228 biosynthesis. (C) Scheme of two AT-less PKS modules on DepBC proteins that require a PPTase for carrier protein phosphopantetheinylation and a trans AT for polyketide chain elongation in FK228 biosynthesis. An inactive DH domain is shown in light gray and labeled as DHi. KS, AT, ACP, DH, KR, and PPTase are standard abbreviations of domain/enzyme names that have been described in the text."
21183648,2,Reconstitution of FK228 biosynthesis in E. coli cells. (A) Scheme of a three-plasmid approach for reconstitution of FK228 biosynthetic pathway in E. coli BL21(DE3) cells. Only one cell containing one copy of each plasmid is shown for simplicity. A series of engineered strains was generated with different combinations of plasmids or different genes on plasmids (Table ​(Table1).1). (B) Examination of gene expression by semiquantitative RT-PCR in engineered strain SW07 cultivated under aerobic conditions. The 16S rRNA gene was amplified as an internal control.
21183648,3,"Levels of FK228 produced by recombinant E. coli strains relative to the wild-type Chromobacterium violaceum no. 968 cultivated under aerobic conditions unless indicated by an asterisk, which indicates anaerobic conditions. Data are mean values of results from duplicate experiments, with error bars indicating standard deviation. Detailed strain information and FK228 levels are provided in Table ​Table11 and in Table S2 in the supplemental material."
22473769,1,Patient disposition in bapineuzumab Studies 201 and 202. Number of cases in the bapineuzumab and placebo groups in each study are given from the patients receiving at least 1 infusion after randomization to cases that completed the study and had both baseline and week 54 cerebrospinal fluid (CSF) data.
22473769,2,"Changes in cerebrospinal fluid (CSF) biomarker levels between baseline and week 54 in the pooled bapineuzumab Studies 201 and 202. Values are given as changes in absolute levels (pg/mL), showing both individual values and mean (standard error of the mean). Significances are based on an analysis of covariance model as described in the methods section: T-tau P = .03 within the bapineuzumab group; P-tau P = .001 within the bapineuzumab group; P = .03 for the differences between the bapineuzumab and placebo groups; and AβX-42 P = .02 within the bapineuzumab group. Aβ indicates β-amyloid; P-tau, phosphorylated tau; and T-tau, total tau."
22473769,3,"Pharmacokinetics of bapineuzumab. Cerebrospinal fluid (CSF) to serum concentrations of bapineuzumab at different doses at end of study (week 54). Values given as mean (standard error of the mean) (percentage). Ten cases at a treatment dose of 0.15 mg/kg, 5 cases at 0.5 mg/kg, 6 cases at 1.0 mg/kg, and 4 cases at 2.0 mg/kg. The mean (standard error of the mean) absolute bapineuzumab levels in serum and CSF were 1650 (118) ng/mL and 4.9 (1.2) ng/mL, respectively, in the 0.15 mg/kg cohort; 6290 (1060) ng/mL and 18.1 (6.0) ng/mL, respectively, in the 0.5 mg/kg cohort; 11 460 (1700) ng/mL and 27.2 (5.1) ng/mL, respectively, in the 1.0 mg/kg cohort; and 17 660 (1510) ng/mL and 44.7 (7.7) ng/mL, respectively, in the 2.0 mg/kg cohort."
2891020,1,Binding screenings of monoclonal sequences from RNA pool with the target (light chain of BoNT/A) and control proteins.
2891020,2,"Binding specificity and affinity of aptmers. Panel A, Binidng specificity of aptamers to light chain of BoNTA. Panel B: Binding curve for the aptamers to light chain of BoNT/A. The error bars represent the standard deviation of duplicate measurements."
2891020,3,"Inhibition of aptamers on the endopeptidase activity of BoNT/A LC. Panel A: the dose-response curve for aptamer-mediated BoNT/A LC endopepidase inhibition. The curve was fit using non-linear polynomial regression. Panel B: Lineweaver-Burk plot of BoNT/A LC inhibition with and without inhibitor aptamers (B-1, aptamer S132B-C22; B-2, aptamer S132B-C12; B-3, S132B-aptamer C11). The error bars represent the standard deviation of six measurements."
2891020,4,"RNA aptamer docking with light chain of BoNT/A. The red ball on the light chain represents zinc. Blue ribbons represent the 5'-flank region, the purple ribbons represent the 3'-flank region, the cyan ribbons represent the core sequence of the aptamer. Panel A, S132B-C11; panel B, S132B-C12; and panel C, S132B-C22. Detail interactions between aptamer and light chain are described in the text part of the article."
