Sentences,length,sent_fig_caption-1,sent_fig_caption-2
Chemokines are a family of small  secreted proteins that orchestrate cell migration by activating a set of G-protein coupled receptors  GPCRs .,21,1.20181563213474,1.19400751442969
The immune system relies on chemokine signaling to direct lymphocyte homing  orchestrate inflammatory responses  and stimulate wound healing.,18,1.26935292169889,1.25218069626135
Outside of these normal functions  chemokines and their receptors also participate in numerous disease states  including HIV/AIDS  asthma  autoimmune diseases  and cancer.,22,1.25976026507062,1.25375190916017
Most drug discovery research is directed at GPCRs1  and therapeutic modulation of chemokine signaling is correspondingly directed at the receptors rather than the ligands.,24,1.24652523580666,1.21339273602541
Small molecule antagonists targeting chemokine receptors are at various stages of development  the HIV entry inhibitor Maraviroc  which blocks the CCR5 coreceptor  was recently approved by the FDA for clinical use2.,31,1.20800558879448,1.22698033608301
Chemokine variants and peptidomimetics are also viewed as potential inhibitors3.,10,1.22831570974545,1.21641586164657
Because it directs stem cell homing4 and participates in nearly every aspect of cancer progression-growth  metastasis  and neovascularization5-the CXCL12/CXCR4 signaling axis is of increasing interest for drug discovery.,28,1.2437516104764,1.22364683591201
"In principle  inhibitors targeting the chemokine ligand would also be useful  but small  <10 kDa  proteins traditionally have been considered too small to be ""druggable"".",25,1.20095010453032,1.19052065286126
However  Fesik and coworkers successfully used NMR-based fragment screening to identify micromolar ligands for FKBP12  a 12 kDa protein  and defined structure-activity relationships  SAR  that enabled the subsequent design of potent nanomolar inhibitor6.,33,1.18352594469872,1.19056778230215
The serendipitous discovery by Wells and colleagues of an IL-2 inhibitor that binds the cytokine ligand rather than the receptor demonstrated that shallow  solvent-exposed clefts on small  secreted proteins can serve as legitimate sites for drug discovery7.,37,1.17009734519354,1.18053869006717
The recent report of a chalcone that binds CXCL12 and prevents CXCR4 activation suggests that chemokines are legitimate targets for inhibition8.,21,1.1623999526683,1.10216706728594
Tyrosine O-sulfation is an important posttranslational modification in the N-terminal extracellular domain of chemokine receptors that contributes to specific chemokine recognition.,21,1.21590802435644,1.19323959388828
CXCR4 sulfation at residues 7  12 and 21 enhances its interaction with CXCL129-11  and the NMR structure of a soluble dimeric CXCL12:CXCR4 complex revealed a specific binding pocket for each sulfotyrosine9.,32,0.991023964919933,1.02353190474349
In a recent NMR study using full-length CXCR4  methyl-containing side chains in all three sulfotyrosine recognition sites exhibited saturation transfer effects12  reinforcing the functional relevance of CXCL12:CXCR4 contacts we observed in the soluble complex and validated by mutagenesis9.,39,1.08077877185317,1.12399325758526
Of the three CXCR4 sulfotyrosines  sY21 was reported to make the largest contribution to CXCL12 binding9   11.,17,1.08181102085375,1.11632359089231
Consequently  we hypothesized that small molecules targeting the sY21 site could act as chemokine inhibitors and designed a structure-based screen for compounds that bind CXCL12 and prevent CXCR4 signaling.,29,1.06067516129203,1.10285460997338
We performed an in silico screen of compounds from the ZINC virtual compound library using DOCK 3.5.54 at the site on CXCL12 occupied by CXCR4 residues D20 and sY21  Figure-1  in our NMR structure of the complex  PDB ID 2K05,42,0.88514491317754,0.95761363403546
After examining 1000 compounds with the best docking scores  five that appeared most complementary to the sY21 site were selected for NMR titrations with -CXCL12 to assess binding affinity and specificity.,31,1.10478100689709,1.12287555555312
Mapping of ligand-induced 1 H-15 N HSQC shift perturbations  Figure-1B  indicated that three of the five compounds  ZINC IDs 1709621  4202287  16954065  bound weakly but specifically to CXCL12 in the CXCR4 sY21 site  Figure-1 .,34,0.834131842700711,0.946902137293094
Perturbations induced by ZINC compound 4900356  while significant  were consistent with nonspecific interactions at multiple sites.,16,1.10789039345851,1.10554632624134
Compared to the other four compounds  ZINC 310454 produced larger shifts for more CXCL12 residues  Figure-2 .,16,0.95912433158415,0.965831643566719
While the pattern of shift perturbations is distinct from the other molecules  their distribution on the CXCL12 surface is consistent with the docking pose for this compound  Figure-2   which is considerably larger than the others.,35,0.96555261364273,1.062891555985
Nonlinear fitting of chemical shift perturbations showed that 310454 bound CXCL12 significantly more tightly  K d = 64 ± 15 µM  than the other compounds  similar to the affinities exhibited by successful 'hits' from other NMR-based drug discovery efforts. Figure-2 and Supporting Figure-2 .,39,0.972813144834845,1.00509185233953
To further probe the structure-activity relationships of 310454-mediated CXCL12 inhibition  we measured the binding of five related compounds by NMR  Figure-2 and Supporting Figure-2 .,24,1.0594757825579,1.03035863391505
Removal or replacement of the carboxylic acid with a methyl ketone or bromine established the critical importance of this functional group  as evidenced by complete loss of binding.,28,1.20364583683553,1.1093014421717
Indeed  the presence of one or more carboxylic acid groups was a common feature of the original five compounds identified through in silico screening.,24,1.14294731279471,1.11528523068525
Substitution of the naphthyl group with a phenyl ring lowered the affinity by ~10-fold and altered the pattern of shift perturbations in a manner consistent with the predicted binding mode  Figure-2 .,31,1.06816611853563,1.00178288812143
Thus  both charged and hydrophobic interactions contribute the affinity and specificity of 310454 for the CXCL12 sulfotyrosine binding pocket.,19,1.10746692273031,1.06941286341277
To test 310454 as an inhibitor of CXCL12-mediated signaling  we measured CXCR4 activation by monitoring intracellular Ca 2+ levels in THP-1 cells  which express high levels of CXCR4 and CCR2.,30,1.17830078145114,1.14914120665078
Addition of 100 µM 310454 alone induced no Ca 2+-flux in THP-1 cells.,13,1.19630018252783,1.12101579761212
Preincubation of chemokine with 100 µM 310454 had no effect on MCP-1/CCR2 signaling but abolished the CXCL12-mediated Ca 2+-flux response  Figure-2 .,21,1.19273356392939,1.10369739651035
We conclude that 310454 is a selective inhibitor of CXCL12 that acts by blocking a key interaction with sY21 in the CXCR4 N-terminus.,23,1.14372644635691,1.12468965028167
Our results reinforce the concept that small cytokines are viable drug targets8.,12,1.26599175417776,1.28257269276501
The uncertainty in side chain positions associated with NMR structure ensembles is often viewed as a barrier to successful in silico ligand screening.,23,1.19799540235995,1.20898520946097
However  using a single NMR-derived conformer  we exploited details of CXCR4 sY21 recognition by CXCL12 to search for compounds that would occupy the same site and satisfy a similar set of polar and hydrophobic contacts.,35,1.04380016416326,1.08609565882462
Four unrelated compounds bind the selected site  and one  3- naphthalene-2-carbonylthio carbamoylamino benzoic acid  inhibits CXCL12 activation of its receptor CXCR4 at micromolar concentrations.,24,1.07598700820185,0.973692047291444
SAR analysis confirmed the orientation of the bound ligand and demonstrated a requirement for the benzoic acid functional group  suggesting that it may mimic the negatively-charged sulfotyrosine.,27,1.18173930471408,1.09268041818106
We speculate that sulfotyrosine binding sites on other chemokines and elsewhere on the CXCL12 surface could be similarly targeted with small molecules.,22,1.05766208418075,1.09208564398359
By linking micromolar ligands that bind adjacent sites  it may be possible to design novel  high-affinity inhibitors of CXCL12 and other chemokines.,22,1.16090248323072,1.10849944015725
