Sentences,length,sent_fig_caption-1,sent_fig_caption-2,sent_fig_caption-3,sent_fig_caption-4,sent_fig_caption-5,sent_fig_caption-6,sent_fig_caption-7
The mechanism by which bacillus Calmette-Guérin  BCG  functions for antitumor effect in the treatment of bladder cancer remains an area of active investigation.,23,1.12640741764415,0.94230361609097,1.0052416241594,1.0188138729753,0.956357561344321,0.901652129193661,0.945388758821503
Intravesical instillation of BCG elicits a complex humoral and cellular immune response in the host.,15,1.10916132443517,0.866499573951881,0.934442932990626,0.880810214704692,0.96454989960106,0.945465467827541,0.947987999833886
Evidence supports a role for this response  via a cell-mediated effector arm  in contributing to BCG's antitumor effect.,18,1.18182594896856,0.977134300474259,1.04858269299273,0.964916803560417,1.0834698328649,1.02010276607257,1.07211010834794
Although clearly stimulating a host response  BCG also elicits a direct  pharmacogenetic response in the tumor cell.,17,1.11140085065517,0.866252850251858,0.991769866719379,0.913537750099954,0.975568877316824,0.985317879342187,1.04081468537156
Work by our group has shown that BCG mediated crosslinking of tumor cell surface integrins activates intracellular signaling pathways and gene transactivation.,22,1.17416154898008,1.018674772116,1.00505876159668,1.02206207232136,0.983746067664067,0.947992458950976,0.929545969989303
The extent to which BCG induced alterations in gene expression contribute to a direct antitumor effect remains unclear.,18,1.08359048603818,0.928998847143533,0.928035361250792,0.829192894012297,0.987736381923711,0.952639406457741,1.00652717880427
A number of investigators have shown an in vitro antiproliferative effect of BCG against urothelial carcinoma tumor cells.,18,1.15430200576328,0.926637330635387,0.937699994325536,0.944168333505938,1.0567442351514,0.962427545296096,0.963107924724854
However  the need to add mycobacteria to the cell culture has made it difficult to distinguish a true BCG effect from culture artifact.,23,1.17165004552931,0.990900845230073,1.00968482151045,0.989825923441746,1.06744684291461,1.0499254568497,1.06055485902967
Changes in pH  byproducts of the BCG preparation  and/or bacterial toxins have the potential to influence experimental outcome and yet fail to represent a relevant in vivo mechanism.,28,1.10629678319775,0.901906189773258,0.934174687234826,0.887580390424226,1.00587783375019,0.971970588504476,0.95356179896056
Our group recently reported on the use of a nonbiologic model that reproduces BCG induced signaling to determine whether BCG exerts a direct antitumor effect.,25,1.18313694292511,1.00822720164965,0.986847985998769,0.972781683953199,1.04038549069898,0.959844572772599,1.0155820546109
Our results show that BCG decreases cell proliferation as measured by 2 separate assays of cell viability.,17,1.12800526519583,0.970055714283456,0.991813429337372,1.00979726924373,1.03489350561009,0.989163952754972,1.05141934620146
Cell cycle analysis showed that BCG induced cell cycle arrest at the G1/S interface.,14,1.14983031529413,1.01163032353671,1.09189636588789,1.00447549040521,1.03581244758018,1.02419011874096,1.08499729580456
These results were reproduced by the nonbiologic signaling model in which 51-integrin receptors are cross-linked via antibodies.,17,1.10511170309146,1.06336971629229,1.1127059668144,1.11191193660923,1.07852176838678,1.02561515945791,0.962173184808548
Peptide fragments that inhibit the ability of fibronectin to function as a bridge for BCG mediated crosslinking of these receptors block BCG's effect.,23,1.15351721204948,0.998107257094237,0.979022440706589,0.999430614939483,0.964158235929485,0.923121046635663,0.862595261641411
Cell cycle arrest in response to BCG provides additional evidence in support of a direct antitumor effect of this therapy.,20,1.15578720307596,0.848923185926548,0.932846566713374,0.875721529204543,1.00260004688439,0.923129352582767,0.97952504840555
In an effort to define further the mechanism by which BCG exerts a direct anti-proliferative effect  this work studied the effect of BCG on the expression of selected cell cycle regulatory proteins.,32,1.11112629462246,0.872829667527944,0.937403839755705,0.91318806212919,0.972723478840185,0.805602228955416,0.915174161179024
Our findings show that BCG up-regulates tumor cell expression of the cyclin-dependent kinase inhibitor p21.,15,1.06968060433444,0.976361920765855,0.992879570334099,0.932826949558937,0.905017605637777,0.864886576767364,0.968344573188259
p21 expression in response to BCG occurs via an immediate early pathway that does not require p53.,17,1.07988930581477,0.889241617790921,0.982041225489705,0.779037254106986,0.86601185666537,0.825793900251157,1.06685311650584
Increases in p21 expression are reproduced by antibody mediated cross-linking of 51 integrin  suggesting that the BCG mediated cross-linking of cell surface integrins is the initial event in p21 transactivation.,30,1.0005184284967,0.869695760752554,0.927901768077182,0.912003747068919,0.846047821786583,0.760778139633866,0.724304459398058
The human transitional carcinoma cell lines 253J and T24 were obtained from American Type Cell Culture  Rockville  MD .,18,1.15983095715109,0.920120566094962,0.980854476006546,1.04102919382309,1.11855086537266,1.10806554208016,1.05769601714014
Cells were maintained at 37°C  5% carbon dioxide in RPMI 1640  Gibco BRL  Grand Island  NY  supplemented with 10% fetal bovine serum  penicillin  and streptomycin  complete media .,27,1.17548787855637,1.0791154493539,1.0704919109147,1.10071212599227,1.20675969652242,1.15347977692054,1.13956962293947
Tice BCG  Organon Inc.  West Orange  NJ   living organisms of an attenuated  Bacillus of Calmette and Guerin strain of Mycobacterium bovis  were used in the experiments.,26,1.09091169136973,1.00457126375352,1.00355387116501,1.05665835416765,1.05303630340269,0.995188524508708,0.990736516773106
Freeze-dried BCG was reconstituted in complete media at an estimated concentration of 2.5*10^7 viable organisms/ml  dilution assumed average viability of 4*10^8 organisms per vial based upon manufacturer's specified range of 1 to 8*10^8 per vial .,36,1.1926590016728,0.946155857442976,0.938026340721042,1.07980430534874,1.05851603892166,0.991112484255715,1.01952332650691
Antibody mediated cross-linking of 51 integrin was performed as previously described.,11,1.18666402207336,1.14227714691747,1.1401935802768,1.19937161956543,1.13669762293968,1.04566906115122,0.900044115109278
Briefly  the following mouse mAbs were used: anti-5 Ab was purchased from Santa Cruz Biotechnology  Santa Cruz  CA .,18,1.11416097513168,1.16501852067308,1.18181674409639,1.22659109830424,1.17582348178452,1.16574534966161,1.13970974233205
Affinity purified F ab 2 goat anti-mouse antibody was purchased from BioSource International  Inc.  Camarillo  CA .,16,1.2712400846588,1.17475153271263,1.1652447425639,1.25643436039,1.21981732831761,1.23012669396706,1.1491912701792
Cells were resuspended in 10% fetal bovine serum RPMI-1640 and cultured at 37°C for 45 minutes after trypsinization  then resuspended in RPMI-1640 serum-free medium  4*10^7 cells/300 l/tube   and incubated with anti-5 integrin mAb  5 g/ml  for 30 minutes at 4°C and washed with cold phosphate buffered saline.,47,1.16575955741728,1.01719201934154,0.995397898351444,1.05432493705995,1.13467625110597,1.12005744091701,1.00183163403186
To initiate receptor cross-linking  F ab 2 goat anti-mouse F ab 2 Ab  100 g/ml  was added after warming the cells to 37°C in RPMI-1640 medium.,26,1.15056805790302,0.966128708196197,0.927456209134247,0.98098628891402,1.11868713354324,1.06587006801419,0.957593759366305
Cells were incubated at 37°C.,5,1.25966732096124,1.15343138160572,1.15470803488723,1.18219560601775,1.21684724012662,1.19422692499639,1.16905485956068
Cells were harvested by pelleting the cells for 5 minutes at 500 g.,13,1.17172344549808,1.02886718354918,1.05717306367272,1.14164789485667,1.06368130711111,1.08898485739109,1.03308096517304
Cells were plated at 1*10^5 cells/24-well plate in 0.5 ml of complete media without antibiotics.,16,1.15349591383864,0.999812213035496,1.00916330185468,1.0892733165732,1.09937392044633,1.08144677084778,1.06704544687057
Twenty-four hours after plating  cells were transfected for 6 hours with 1 g of the constructed complementary deoxyribonucleic acid  cDNA  by lipofectamine 2000 reagent  Gibco BRL .,26,1.12281349942434,0.99890417428155,0.966322679924087,1.09600418501852,1.04132988115761,1.03428770447562,1.01305202390825
Cells were subsequently stimulated for 6 hours with 1*10^7 BCG.,10,1.22090717783774,0.984458607604002,1.01569333421223,1.02140702147666,1.07342246915983,1.07982395902517,1.10691681327884
Cells were lysed in 50 l of 1 Reporter lysis buffer  Promega Corp.  Madison  WI .,15,1.07475405693934,1.04052982488133,0.945349815863118,1.11608529541282,1.11523049925593,1.10076314930066,1.0313218936188
Luciferase activity present in 25 l of extract was evaluated with the Luciferase Reporter Assay System  Promega .,17,0.950688191198865,0.98284385208923,0.882305046628441,1.10248560751617,1.00544826926671,0.971274246076116,0.900118874433569
Luminescence was quantitated on a luminometer  AutoLumat LB953 for experiment 2  AutoLumatPlus LB953 for experiments 3 and 5  Berthold Detection Systems USA  Oak Ridge  TN .,25,1.19461017220788,1.03129670528644,0.99682662438219,1.12063082619653,1.12084571279441,1.12932384777901,1.06797715797139
Luciferase activity was normalized between samples by protein assay  Bio-Rad  Hercules  CA .,12,1.13142314150376,1.13522511784341,1.04287035318287,1.14254131041567,1.14272351969307,1.08383018300831,1.11540198872241
"Reporter constructs  including the ""full length"" p21 promoter  2281 base pair   and a series of p21 promoter 5’ deletion constructs containing or lacking known p53 response elements  were used to transfect transiently the human transitional cell carcinoma line 253J.",39,0.856059089010071,0.821032535456692,0.790431854962448,0.927872649955445,0.695508329219686,0.920066252443206,0.824109824586803
The full-length p21 promoter was a kind gift of Dr. Bert Vogelstein.,12,0.966813344564131,1.04611608627906,0.936105568321368,1.07598800152752,0.90478773145302,0.950998212416786,0.87401541592724
5’ deletions included constructs having sequential deletions of the p53 response elements present at 2280 and 1384 bp upstream of the transcription start site.,24,1.02717909361354,0.996912855038997,0.989333802194618,1.01267032284172,0.827315624031451,0.966346029580331,0.882849322835287
The 2.3-kilobase p21 promoter was released by Hind III digestion and ligated into Hind III site of pGL3-Basic vector.,20,0.9985002088587,0.997109747112361,0.883587996861777,1.11070420680573,0.928676138673091,0.969119250077222,0.922666347585436
The 5’ deletion DNA fragments were made by polymerase chain reaction  PCR  amplification using paired oligonucleotides containing Kpn I or Hind III and cloned directly into pGL3-Basic vector  Promega .,29,1.09950307589985,1.11648923709687,1.07358077362479,1.15135775107762,1.05375480736436,1.09190889876994,1.0722019791112
The pGL3-Basic vector plasmids containing the region from 1301  1512  2217  and 2281 in the 5’ end of the p21 promoter were cloned.,23,0.945041000142338,0.976386430585422,0.865659019671927,1.04630982800184,0.91488472583299,0.976195266800214,0.860405704025236
DNA sequencing was used to verify the junction sequences for all clones that were chosen for further use.,18,1.08675872103864,1.06505908478866,1.06264729177161,1.089605342375,1.06662720281127,1.07403192643634,1.05648488550026
Figure-1 provides a schematic of the reporter constructs.,8,0.906052273253202,1.07029721517903,0.954194000373616,1.10608996194041,1.02113251331667,1.04774643870179,0.874696276719486
RT-PCR for p21 transcripts was performed as previously described.,9,1.12679755066929,1.13541847382058,1.10417319673128,1.13462302171043,1.02863978067266,1.04433401468895,1.11923402565603
The amplified DNA was analyzed on a 1.5% agarose gel and photographed.,13,1.14514565250354,1.01277468264581,0.951101586566661,1.11518461038764,1.06884428746033,1.07652737356362,1.02227216479813
RT-PCR and/or Western blot analysis was used to screen the human urothelial carcinoma tumor cell lines T24 and 253J for BCG induced alterations in the following cell cycle regulatory proteins: cyclin D1  p27  and p21.,35,1.01303965572267,0.708839884745263,0.820445286813941,0.877971689631508,0.932697822910907,0.846210078563229,0.911871474305051
These proteins were selected because of their known involvement in cell progression through G1.,14,1.14616652687742,1.00896423206811,1.08234066033882,1.05979192262128,1.06768771772954,1.00445789015052,1.04944596934121
To determine if p21 gene transactivation contributed to BCG mediated increases in p21 protein levels  human urothelial carcinoma cells were transiently transfected with a full-length  2281 bp  p21 promoter reporter construct.,31,0.959666118562604,0.87396936403479,0.753611106118866,0.824975844752842,0.84306965040836,0.86036169091832,0.841587706279644
Luciferase expression in response to BCG exposure was determined as previously described.,12,1.09239253356881,0.907797421211523,0.890254710814126,0.700659963782074,1.00002776830478,1.00636275975739,1.05409914492816
p21 transactivation is recognized as occurring via both p53 dependent and p53 independent mechanisms.,14,1.11320210345959,1.09317390629959,1.04593303940035,0.999682890686199,0.891544426923797,0.989280410313247,1.02704819352906
In p53 dependent expression  p53 binds to response elements present in the p21 5= regulatory region and promotes transactivation.,19,0.97358913219609,0.842665886751401,0.903062330731054,0.776422899713664,0.748468686002573,0.887343385057595,0.929685055235934
A series of experiments were conducted to determine if BCG induced expression of p21 was dependent upon p53.,18,1.08632719659172,0.946692006947664,0.897523310985479,0.837094260123676,0.906418058156603,0.863506243557853,0.933129923332716
In an initial set of experiments  the presence or absence of mutations in the p53 gene was determined in each cell line.,22,1.03016136472089,0.848318164901803,0.946814422965888,0.966447416606226,0.946173151279215,0.910040506949102,0.891003579775655
Paired oligonucleotides were designed using GCG Seqweb software  Accelrys Software Inc.  San Diego  CA  to amplify full-length p53 cDNA.,19,1.13868027214215,1.19121786394137,1.13787042963106,1.11616597310464,1.14971718489887,1.15920806565793,1.17923977809491
Total ribonucleic acid  RNA  was extracted from the T24 and 253J cells as described using TRIzol reagent  Gibco BRL  according to the manufacturer's protocols.,24,1.13107778447128,0.931345892513423,0.869875818599678,0.948158492231065,1.09772416316149,0.999229368740926,0.981505595454067
Aliquots of RNA  1 g  were reverse transcribed using a kit supplied by Perkin-Elmer Cetus Corps  Emeryville  CA .,18,1.19338777018797,1.12379194295604,1.05910602702972,1.1950782747578,1.13300870972095,1.08944107895301,1.09513636825421
Full-length p53 cDNA was amplified and cloned into pcDNA3.1D/V5-His-TOPO vector  Invitrogen  Corp.  Carlsbad  CA .,15,1.14024808189252,1.15418244157709,1.04914350553801,1.08670016213366,1.09166107117115,1.13146572141799,1.11613723001981
DNA sequencing verified the entire sequence of the cloned cDNA.,10,1.1018378459962,1.11442427558704,1.1032052696735,1.17124186681107,1.05844188643426,1.05529152916998,0.982730594006418
Western blotting determined p53 expression by 253J and T24 cells  in response to BCG.,14,1.07266071276232,0.72839116725186,0.755845601586092,0.542952121233627,0.945359133985721,0.885673595619928,0.98826410760812
A final series of experiments was conducted in 253J cells to determine if activation of the p21 promoter in response to BCG was dependent upon the presence of an intact p53 response element.,33,0.981934678024347,0.711313084333236,0.757331658982257,0.770987579779813,0.831611046053361,0.762601472764651,0.79920450619054
This experiment was only conducted in 253J cells because the ability of mutant p53  T24 cells  to signal through the p53 response element is unclear.,25,1.04389865411722,0.803987097728781,0.811091667887431,0.787350200760614,0.877053211804634,0.811362689643217,0.886788750660809
The aforementioned 5= deletion constructs of the p21 5’ regulatory region were used in transient transfection assay measuring reporter transactivation in response to BCG.,24,0.71998955419713,0.834966670700424,0.79222630539029,0.873983300918761,0.754239032391681,0.854911475925507,0.833067853987469
These included constructs having sequential deletions of the p53 response elements present at 2280 and 1384 bp upstream of the transcription start sit  Figure-1 .,24,0.98918104334745,0.996151192551665,0.997207678155779,1.01669652112867,0.836137676861667,0.971733748104987,0.886346753665122
Experiments were conducted to determine whether BCG mediated transactivation of p21 required protein synthesis or occurred as a result direct signaling without interposed protein synthesis  immediate early .,27,1.12875352515389,0.958970654042708,0.963607298062262,0.953737283724366,0.918967322740892,0.795122019983473,0.9472412012308
253J cells were exposed to BCG  with or without pretreatment with the protein synthesis inhibitor cycloheximide.,16,1.13610822442889,0.908850556072167,0.906098590957433,0.836971127619597,1.00589938061904,0.869472525383806,1.02428440321087
At intervals after BCG exposure  cellular protein was collected and Western blot analysis for p21 performed.,16,1.11113221579827,0.979314996701058,0.935421319447551,0.864726238275546,1.0083775440394,0.918265605550508,1.04786677784532
A parallel experiment collected messenger  m RNA from cycloheximide treated cells for use in RT-PCR for p21.,17,1.07431998087768,0.975724756459027,0.96233433930753,0.978696513330073,1.07138165434152,0.969331676109805,1.02122648952778
Prior work by our group has shown that BCG initiates intracellular signaling as a consequence of cross-linking integrin receptors present on the tumor cell surface.,25,1.17725090498495,0.982143735333186,1.01529207357183,1.0334715165368,1.03894636081207,0.952747656912837,0.930839513242976
Integrin-mediated signaling results in transactivation of interleukin-6 and contributes to BCG induced cell cycle arrest.,15,1.10908194111507,0.919018450510481,0.906730877665946,0.857779788002659,1.00711172578727,0.930297824978373,0.952090912597154
Experiments were performed to determine if antibody mediated cross-linking of 51 results in p21 transactivation.,15,1.01306131145657,1.00284520041583,0.979751529108284,0.997183655261365,0.981463198703853,0.885177356599204,0.796250186549752
"253J and T24 cells were transiently transfected with the ""full length"" luciferase p21 promoter reporter construct.",16,0.840535491678677,0.905685069727026,0.645856499414094,0.935901228955908,0.876768181380639,0.97577867169644,0.805719868787282
Antibody mediated cross-linking of 5 integrin was performed as previously described.,11,1.1893847105444,1.09966025287785,1.09755866235186,1.19155960840842,1.08970650141903,1.02960833524536,0.891575944049641
Except where indicated  experiments evaluating p21 were performed in triplicate.,10,1.05888449250929,1.04614304090355,1.0720942053333,1.07721819950067,1.06425439852744,1.03013784808469,1.09178866664452
Results are shown as the average value 1 standard error.,10,1.19671019302955,1.08752893121614,1.09212033999522,1.20214720142449,1.05294159265446,1.15043912328559,1.05096633467245
p21 was found to be up-regulated in both cell lines in response to BCG.,14,1.06873147887343,0.753850680851057,0.896039176216881,0.729168147646653,0.909570417707661,0.920473505410347,1.04597266869457
A representative Western blot for p21 is shown in Figure-2.,10,1.06268613774455,0.949329445142968,1.01303708101633,1.01908127771769,1.02312201744383,0.996949930820497,1.01670405577827
BCG increased p21 protein expression 3.8 and 2.5-fold in T24 and 253J cells  respectively.,16,1.04822315080875,0.697669026103965,0.627662104244548,0.657065489871778,0.960041113291381,0.878875272676456,0.941620736644313
BCG exposure resulted in transactivation of the p21 reporter construct in both cell lines.,14,0.885006216469395,0.818910106567783,0.731588947044681,0.761274664256841,0.794474555699298,0.841162063120713,0.799798922404018
Figure-3 shows a 2.1 and 1.7-fold increase in the activity of the p21 luciferase promoter reporter construct  relative to controls  in 253J and T24 cells  respectively  after exposure to BCG.,32,0.923950655635504,0.622119516197363,0.291671580577954,0.642385180574094,0.813236097252762,0.858065169764446,0.620050929863277
The T24 cell line was found to have the previously reported p53 mutation as an in-frame deletion of tyrosine 126.,20,1.09915865565157,0.897641281158619,0.91964352946514,0.957705291945601,0.954191745310516,0.965980329979262,0.929946530886236
BCG exposure inhibited p53 expression in 253J and T24 cells.,10,1.08021000135734,0.838085550587222,0.778475270390279,0.532908593869537,0.976974680453795,0.949385767776274,1.00554472815642
Figure-4 shows a decrease in p53 expression in both cell lines as a function of time after BCG exposure.,19,1.09065383865763,0.782991551616636,0.849225600481118,0.559321751971295,0.96882470547362,0.921792851037723,0.939381645078168
Figure-5 reveals the basal and BCG induced activity of luciferase p21 promoter reporter constructs with intact or deleted p53 response elements.,21,0.871711806952477,0.906562670930336,0.7450612481301,0.898566191903738,0.607354124198334,0.870533361558676,0.831834677342833
BCG induced transactivation of the reporter construct remained intact after the deletion of each p53 response element.,17,0.967479077974514,0.943294440604718,0.842490089284323,0.881157776993527,0.714576220938954,0.890132577090219,0.792841297866875
BCG induced transactivation of the reporter construct was 145% of control in the wild-type reporter  p21 p53a b  compared to 148% of control in the construct lacking the most 5’ p53 response element  p21 p53a .,35,0.867028606863916,0.825381201852334,0.742013741223904,0.891406737221741,0.687122692282718,0.792052236538266,0.744560796813477
Comparison of constructs with and without the second  3’  p53 response element showed 111% BCG induction in the p53 intact construct  p21 p53a  compared to 134% induction in the p53 deficient construct  p21 .,33,0.917445540755181,0.787427847809662,0.796164905729175,0.78308436036798,0.676497100341551,0.795834216284313,0.822453135445322
Interestingly  successive deletion of DNA from 2281 to 1512 increased the basal activation of the p21 reporter construct  suggesting the presence of negative regulatory elements in this region.,28,0.982342783504904,0.960579336562327,0.841603972474374,1.0088408449297,0.874717917070861,0.888679677207107,0.774539518332108
BCG exposure increased p21 protein expression  Western blot  in control cells.,11,1.0588194502716,0.899019776859511,0.905446617398269,0.673924742429733,0.993736689257246,0.862810201125435,1.05976400097164
Cycloheximide effectively blocked p21 protein expression in BCG exposed cells  Western blot .,12,1.05117229445505,0.927908202823023,0.965986714233738,0.771685936597203,1.00348838581342,0.842007036766047,1.08414848159077
p21 mRNA levels increased in response to BCG independent of cycloheximide  RT-PCR .,12,1.06355840422125,0.872631772314251,0.910658934046043,0.764255692697548,0.906285356481987,0.815218405610644,0.985501836244883
The results of this experiment are shown in Figure-6.,9,1.07809190364798,1.00254263285549,1.07275675323258,1.08121341942296,1.03617318547551,0.979917373890065,0.927493804138139
These findings indicate the immediate early nature of the p21 response to BCG.,13,1.08998365581852,0.913694562879373,0.983494299841146,0.885364514850114,0.870023618773173,0.854988214946321,0.938098823351743
This experiment was performed in duplicate.,6,1.16044500041969,1.07097780405763,1.12780745117988,1.12678955700103,1.21015972659693,1.09698744637888,1.15179938203943
Antibody mediated cross-linking of 5 integrin resulted in a 152% and 195% increase in luciferase expression in 253J and T24 cells  respectively.,22,1.0834586313229,0.744156816178335,0.668924639747787,0.753521481104687,0.982461893493207,0.942944987650735,0.661660399084598
"No increase, relative to untreated controls  was observed in cells treated with only the primary or secondary antibody. Figure-7 shows the results of these experiments.",18,1.11111874435748,0.867746115038857,0.878748881909046,0.947228421504104,1.0574455166333,0.993972004929952,0.924650600194923
Figure-7 shows the results of these experiments.,7,1.15600193973384,1.10302597629817,1.12875246562961,1.16475073588502,1.09478453261973,1.06359823523832,0.971620300321651
Findings from our recent studies indicate that exposure of human urothelial carcinoma tumor cells to BCG induces cell cycle arrest at the G1/S interface.,24,1.16501718240457,0.91620873815058,0.954511904626596,0.939616536929346,1.03249306995127,0.979847958673837,1.02277216105786
Control of the cell cycle is mediated through both positive and negative regulators.,13,1.15110906092619,0.98991715315064,1.01022358627421,1.06131612150379,0.974690308218649,0.976966416982226,0.901157226657901
Positive regulators of proliferation consist of cyclins and their associated cyclin-dependent kinases  CDKs .,13,1.19869035962246,1.09962315395318,1.06573878529758,1.10007885089985,1.04259936423859,1.03913297723367,1.01588305613087
These enzymatically active complexes are responsible for the selective phosphorylation of proteins upon which progression through the cell cycle is contingent.,21,1.14659379611193,1.04032069486258,1.09298826485516,1.11535437304347,0.976282665104193,0.990109286339914,0.973661710967927
The classic example of this sequence is the regulation of pRb phosphorylation.,12,1.13273430353841,1.08249933552483,1.09371488017379,1.13178704033815,1.01827282371846,0.993202685618402,0.95311315746397
Activation of cyclin D/CDK4  CDK6 complex followed by cyclin E/CDK2 activation culminates in phosphorylation of pRb  RB release of E2F  E2F dependent gene transactivation  and subsequent progression of cells from G1 to S phase.,34,1.09144843422215,0.958374079256256,0.94353438325025,0.967756134421984,0.988422541085966,0.873167492666524,0.88427180602608
Several families of negative regulators termed CDK inhibitors provide opposing forces to cell cycle progression.,15,1.19416447990807,1.0823077377395,1.10439797554562,1.09004202865735,1.1061640504478,1.05823872690127,1.09016639513482
As a result of their interaction with the cyclin/CDK complex  these inhibitors block the activity of the CDKs and  consequently  serve as impediments to progression through specific checkpoints in the cell cycle.,32,1.10335478581012,0.902720326669078,0.938966489236795,0.989181394051191,1.00667582546797,0.92639383843153,0.876450244155913
In addition to their role in regulating the cell cycle  the CDK inhibitors may have an additional role in determining the outcome of cell cycle blockade.,26,1.0964195109287,0.890131981307056,1.00410939504717,1.01675308125106,1.03213668309436,0.958741305061401,0.957639268043018
Consequently  these proteins may be regulators of cellular senescence  terminal differentiation  and apoptosis.,13,1.18124145812381,1.09641586449183,1.08018710734905,1.08282726258387,1.07074691474283,1.03668556132296,1.05030293524032
The CDK inhibitor p21  also known as CIP1 or WAF1  was cloned from senescent fibroblasts and found to be able to associate with and inhibit a wide spectrum of CDKs.,30,1.10852930486245,0.917005190128946,0.890157865302378,0.951978682268473,0.925884523990109,0.955031999624218,0.943191172997428
p21 forms a quaternary complex consisting of cyclins  their associated CDKs  proliferating cell nuclear antigen  and  finally  p21.,18,1.13225131671738,1.01612411471657,0.97841850265096,1.03091844455998,0.970527485147032,0.982301486551675,0.977052237455471
Depending upon on the stoichiometric ratio of p21 in association with these complexes  the kinase activity of the complex may be functional or inhibited.,24,1.05957259040682,0.983347464050531,0.981149033445212,1.06010227364228,0.954979941199504,0.905433026538158,0.898669846197489
p21 appears to function predominantly in controlling the activity of CDKs responsible for G1 progression via its effect on preventing pRb phosphorylation.,22,1.06009633796128,0.979014028529531,0.951439649817767,1.00792700475792,0.935951565715832,0.866315997132154,0.951862527105402
Multiple studies have shown that activation of p21 culminates in G1 arrest  and disruption of its activity can be associated with progression through the cell cycle as well as the ability of the cells to bypass cellular senescence.,38,1.08686720553479,0.885344434377014,0.933941920583371,1.00523050405143,0.978256540930128,0.89623666464952,0.8539240859487
Given its critical role in regulating cell cycle progression  p21 could be considered a putative tumor suppressor gene.,18,1.07824848873732,0.967945921812863,0.99605899619685,1.00392860503389,1.01965560169202,1.01924135928458,1.04093895548862
However  p21 mutations in human cancers  including urothelial carcinoma  have been exceedingly rare.,13,1.1302845296579,1.05064770369524,1.10701383553901,1.08474043333963,1.09435891775385,1.07841694272868,1.14197814251784
Transcriptional regulation of p21 is known to occur via both p53 dependent and independent mechanisms.,15,1.10222910124825,1.02862726164311,0.960111338102262,0.911975120667319,0.871334852966276,0.918482717780417,0.960742783370892
In the classical p53 dependent pathway  DNA damage results in p53 activation.,12,1.03490220365186,1.01374078676045,1.08167861714756,0.966840277274324,0.946593701649788,0.968574888741812,1.02289689869899
p53 then interacts with response elements present on the promoter region of p21 to increase expression of p21  which subsequently interacts with CDKs to affect cell cycle arrest.,28,1.04128292882234,0.895057044025889,0.928167185058931,0.873614231071988,0.796361743938314,0.841648586478216,0.906903706809403
p53 independent activation of p21 has occurred via a spectrum of mechanisms/substances  including cytokines  vitamins  pharmacologic agents  steroids  and environmental stresses.,21,1.15071555946454,1.0455421400385,1.00773431144179,0.99906847733147,1.01448302602331,0.972591978804845,0.962053443194197
The role of p21 in the biology of urothelial carcinoma has undergone preliminary assessment.,14,1.05527886166078,0.976649348521021,1.03370345144444,1.0506953924532,1.00856043086182,0.9486013093503,0.944907221705353
Mouse models of urothelial carcinogenesis suggest that p21 does not appear to be involved in the development of urothelial carcinoma.,20,1.08186326995087,0.960949600842229,0.993869228974792,1.01728668942017,0.988389728561309,0.946323053127622,0.939104988833297
Ectopic expression of p21 in urothelial carcinoma cell lines supports a role in regulating cell cycle progression at the G1 checkpoint but does not support a role for inducing apoptosis.,30,1.0680933372507,0.844413363058743,0.96118944022868,0.950380321236966,0.961946831972679,0.935950398304631,0.950212711034734
There is conflicting data in the literature regarding the value of p21 as a prognostic variable for disease outcome or response to treatment.,23,1.08526159029363,0.890142413335616,0.939070356139096,0.957568435667003,0.925949373163839,0.949124790440737,0.913134442485321
The prognostic value of p21 has been evaluated in the specific setting of BCG treatment.,15,1.01925604813473,0.942191025683026,0.959178511434881,0.960644675447293,0.915958491580618,0.895746949181193,0.918369387840234
Immunohistochemical studies evaluating the expression of p53 and p21 in normal urothelium after BCG treatment suggest that BCG induces expression of both of these proteins in the non-neoplastic bladder epithelium .,30,1.01583292053919,0.842149279122448,0.879237367818647,0.728532600233774,0.876989734327843,0.844587926789692,0.848939930068449
Studies in urothelial carcinoma evaluated p53 mutations using a yeast hybrid system  and showed that p53 mutations were associated with a loss of p53 dependent p21 expression and were correlated with decreased BCG responsiveness .,34,1.09935769414601,0.893867493306022,0.888751744195345,0.811665757905868,0.932270188894215,0.900054075517142,0.967919957523219
However  in another study  pretreatment levels of p53  p21  or KI67  as determined by immunohistochemistry  were not predictive of tumor responsiveness to BCG.,23,1.10050604601805,0.93568007921021,0.91604658376326,0.90391881901662,0.883597924170987,0.860886999576242,0.966872973848888
These authors suggested that p21 expression was regulated by a p53 independent mechanism.,13,1.14445669443273,1.07854853439708,1.0579348261646,0.957053757007431,0.974964999475306,0.981741278285694,1.07072550170085
To our knowledge  the current study is the first to investigate specifically the ability of BCG to modulate p21 expression in neoplastic urothelial cells.,24,1.06514347796611,0.862351614632241,0.853365288869765,0.839867159628463,0.940708684670763,0.873310729986325,0.914084219862718
Our results show that in 2 human bladder tumor cell lines  BCG transactivates p21 expression  as evidenced by increased levels of p21 protein and activation of a p21 promoter reporter construct.,31,0.981785248359502,0.766396090943743,0.712052014082104,0.839532205673603,0.82832670102778,0.778681760631013,0.764102615119071
Inhibition of protein synthesis with cycloheximide failed to inhibit p21 mRNA increases after BCG exposure.,15,1.09676134744481,0.992247826734118,0.922796359837552,0.745425809394417,0.965566932821822,0.747753692148901,0.992918152847643
Cellular p53 levels appear to decrease after BCG exposure  and deletion of p53 responsive elements with the p21 promoter had no effect on BCG activation of p21 promoter reporter constructs in cells with wild-type p53.,35,0.923768517821139,0.853252576613703,0.705039550997538,0.734802880547898,0.661933297418723,0.777894239619057,0.806751939847997
These observations show that p21 transactivation in response to BCG occurs via an immediate early pathway that does not require p53.,21,1.0984454298806,0.925584903528443,0.981781395122141,0.867873602004103,0.863767596152661,0.838413704735892,1.045193526213
Finally  antibody mediated cross-linking of 51 integrins present on the tumor cell membrane transactivates a p21 promoter reporter construct.,19,0.935549602187913,0.987410188385088,0.821937755708441,1.06156298218546,0.893884902113503,0.922571331690267,0.656944149067249
Although not proving this to be the mechanism for BCG mediated p21 activation  this finding together with prior reports showing integrin cross-linking to be the mechanism of action for BCG mediate regulation of other genes  interleukin 6   strongly suggests that integrin cross-linking induced signal transduction is a common mechanism through which BCG affects gene regulation.,55,1.14255819358068,0.945127388198705,0.95768646608102,0.978119665825072,0.905843850010601,0.890698517444481,0.874328617652222
Earlier work by our group showed that BCG mediated cross-linking of 51 integrin induces human transitional cell carcinoma lines to undergo cell cycle arrest at the G1/S interface.,28,1.17242692182067,0.890527137672985,1.01348737050104,1.00783896195345,1.02620963271418,0.947091179736416,0.942877677731689
The finding that BCG increases p21 expression  together with the previously shown cell cycle regulatory effect of p21 in urothelial carcinoma cell lines  supports a mechanistic role for p21 in mediating BCG's cell cycle regulatory effect.,36,1.01878012260642,0.793122482320538,0.907270720083863,0.906014433620568,0.8801091234061,0.8309034558763,0.906395931212326
Further study  both in the laboratory as well as the clinic  will be required to define the relationship between BCG induced p21 expression and an antitumor response.,27,1.08035874313778,0.834027713720925,0.924305480419645,0.861699574560647,0.883990992249412,0.902021657473671,0.951053943673211
