Fig,Caption
1,Figure-1 The p21 promoter reporter constructs used in transient transfection assays. TATA thymine adenine thymine adenine.
2,"Figure-2 BCG induces p21 expression in human bladder cancer cell lines. A 3.8 and 2.5-fold increase in baseline p21 protein (Western blot) was observed in T24 and 253J cells, respectively, in response to BCG. The time course of the response differed between the 2 cell lines with an early (6 hour [h]) maximal response observed in T24 compared to a 24-hour peak response in 253J cells."
3,"Figure-3 BCG transactivates a p21 promoter reporter construct in 253J and T24 cells. After exposure to BCG, the activity of a p21 luciferase promoter reporter construct was increased 2.1 and 1.7-fold, relative to controls, in 253J and T24 cells, respectively. RLU # relative luciferase units."
4,Figure-4 p53 expression decreases in response to BCG exposure. Both 253J and T24 cells showed a time-dependent decrease in p53 protein expression after exposure to BCG. 
5,Figure-5 p53 response elements within the p21 promoter are not required for BCG mediated p21 transactivation. The 5’ deletion constructs of the p21 promoter lacking 1 (p21 p53a) or both (p21) known p53 response elements remain BCG responsive. RLU = relative luciferase units.
6,"Figure-6 BCG mediated transactivation of p21 occurs via an immediate early pathway. Inhibition of protein synthesis using cycloheximide (CHX) inhibits p21 protein induction while having no effect on the induction of p21 mRNA in response to BCG. The Western blot illustrates the inhibition of p21 protein synthesis by CHX. rtPCR demonstrates increased p21 RNA expression despite CHX. This experiment was performed in 253J cells. h, hour."
7,"Figure-7 Antibody mediated cross-linking of #5#1 integrin transactivates a p21 luciferase promoter reporter construct. Antibody mediated cross-linking of #5#1 increased the transactivation of a p21 promoter reporter construct to 152% and 195% of controls in 253J and T24 cells, respectively. The results are shown for the time of peak induction occurring 15 minutes after the addition of the secondary, cross-linking antibody. GAM = goat anti-mouse; RLU =relative luciferase units."
