Peripheral blood was collected from patients with polycythemia vera who presented for treatment at The Queen Elizabeth Hospital  Adelaide  Australia.,"Figure-2 Expression of seven RT-PCR markers in 5 separate single MDA-MB-453 cells lysed with 100 normal PBMNC. Lane M – pUC19/HpaII molecular weight marker. The following 3 lanes are amplifications from 100 PBMNC only. The following 5 lanes are amplifications from one MDA-MB-453 cell in 100 PBMNC, Lane C is the cDNA positive control, Lane G is the genomic DNA control (G), Lane R is the RT – negative control; Lanes labelled N are the PCR negative controls. Genomic bands can be seen for many ELF3 amplifications."
Informed consent was obtained in all cases and ethics approval was obtained from The Queen Elizabeth Hospital Ethics of Human Research Committee.,"Figure-2 Expression of seven RT-PCR markers in 5 separate single MDA-MB-453 cells lysed with 100 normal PBMNC. Lane M – pUC19/HpaII molecular weight marker. The following 3 lanes are amplifications from 100 PBMNC only. The following 5 lanes are amplifications from one MDA-MB-453 cell in 100 PBMNC, Lane C is the cDNA positive control, Lane G is the genomic DNA control (G), Lane R is the RT – negative control; Lanes labelled N are the PCR negative controls. Genomic bands can be seen for many ELF3 amplifications."
Mononuclear cells were collected by centrifugation through a Ficoll gradient  washed with phosphate-buffered saline  PBS  and counted using a haemocytometer.,"Figure-2 Expression of seven RT-PCR markers in 5 separate single MDA-MB-453 cells lysed with 100 normal PBMNC. Lane M – pUC19/HpaII molecular weight marker. The following 3 lanes are amplifications from 100 PBMNC only. The following 5 lanes are amplifications from one MDA-MB-453 cell in 100 PBMNC, Lane C is the cDNA positive control, Lane G is the genomic DNA control (G), Lane R is the RT – negative control; Lanes labelled N are the PCR negative controls. Genomic bands can be seen for many ELF3 amplifications."
In the course of this investigation  PBMNCs from eight different patients were used.,"Figure-2 Expression of seven RT-PCR markers in 5 separate single MDA-MB-453 cells lysed with 100 normal PBMNC. Lane M – pUC19/HpaII molecular weight marker. The following 3 lanes are amplifications from 100 PBMNC only. The following 5 lanes are amplifications from one MDA-MB-453 cell in 100 PBMNC, Lane C is the cDNA positive control, Lane G is the genomic DNA control (G), Lane R is the RT – negative control; Lanes labelled N are the PCR negative controls. Genomic bands can be seen for many ELF3 amplifications."
The breast cancer cell lines MDA-MB-453  T47-D  MDA-MB-468  MCF-7  were cultured in DMEM  pH 7.4  Invitrogen  Carlsbad  CA  supplemented with 100 U/ml penicillin  100 µg/ml streptomycin  160 µg/ml L-glutamine and 10% heat-inactivated fetal bovine serum  JRH Biosciences  Lenexa  KS  in 75 cm 2 vented tissue culture flasks at 37°C in a 5% CO 2 environment.,"Figure-2 Expression of seven RT-PCR markers in 5 separate single MDA-MB-453 cells lysed with 100 normal PBMNC. Lane M – pUC19/HpaII molecular weight marker. The following 3 lanes are amplifications from 100 PBMNC only. The following 5 lanes are amplifications from one MDA-MB-453 cell in 100 PBMNC, Lane C is the cDNA positive control, Lane G is the genomic DNA control (G), Lane R is the RT – negative control; Lanes labelled N are the PCR negative controls. Genomic bands can be seen for many ELF3 amplifications."
Log phase cells were collected at less than 90% confluency by trypsin digestion and centrifugation for 5 min at 1000 rpm  resuspended in phosphate buffered saline  PBS  and counted using a haemocytometer.,"Figure-2 Expression of seven RT-PCR markers in 5 separate single MDA-MB-453 cells lysed with 100 normal PBMNC. Lane M – pUC19/HpaII molecular weight marker. The following 3 lanes are amplifications from 100 PBMNC only. The following 5 lanes are amplifications from one MDA-MB-453 cell in 100 PBMNC, Lane C is the cDNA positive control, Lane G is the genomic DNA control (G), Lane R is the RT – negative control; Lanes labelled N are the PCR negative controls. Genomic bands can be seen for many ELF3 amplifications."
The cell lines were purchased from the American Type Culture Collection  ATCC  Rockville  MD .,"Figure-2 Expression of seven RT-PCR markers in 5 separate single MDA-MB-453 cells lysed with 100 normal PBMNC. Lane M – pUC19/HpaII molecular weight marker. The following 3 lanes are amplifications from 100 PBMNC only. The following 5 lanes are amplifications from one MDA-MB-453 cell in 100 PBMNC, Lane C is the cDNA positive control, Lane G is the genomic DNA control (G), Lane R is the RT – negative control; Lanes labelled N are the PCR negative controls. Genomic bands can be seen for many ELF3 amplifications."
A dilute suspension of a cell line was prepared in calcium and magnesium free Dulbecco's PBS.,"Figure-2 Expression of seven RT-PCR markers in 5 separate single MDA-MB-453 cells lysed with 100 normal PBMNC. Lane M – pUC19/HpaII molecular weight marker. The following 3 lanes are amplifications from 100 PBMNC only. The following 5 lanes are amplifications from one MDA-MB-453 cell in 100 PBMNC, Lane C is the cDNA positive control, Lane G is the genomic DNA control (G), Lane R is the RT – negative control; Lanes labelled N are the PCR negative controls. Genomic bands can be seen for many ELF3 amplifications."
Single cells were visualised using an inverted phase microscope and selected by using a micropipette to draw up the cell in a 1 µl volume.,"Figure-2 Expression of seven RT-PCR markers in 5 separate single MDA-MB-453 cells lysed with 100 normal PBMNC. Lane M – pUC19/HpaII molecular weight marker. The following 3 lanes are amplifications from 100 PBMNC only. The following 5 lanes are amplifications from one MDA-MB-453 cell in 100 PBMNC, Lane C is the cDNA positive control, Lane G is the genomic DNA control (G), Lane R is the RT – negative control; Lanes labelled N are the PCR negative controls. Genomic bands can be seen for many ELF3 amplifications."
The cell was deposited into a 0.5 ml microcentrifuge tube containing 100 peripheral blood mononuclear cells in 1 µl of calcium and magnesium free Dulbecco's PBS.,"Figure-2 Expression of seven RT-PCR markers in 5 separate single MDA-MB-453 cells lysed with 100 normal PBMNC. Lane M – pUC19/HpaII molecular weight marker. The following 3 lanes are amplifications from 100 PBMNC only. The following 5 lanes are amplifications from one MDA-MB-453 cell in 100 PBMNC, Lane C is the cDNA positive control, Lane G is the genomic DNA control (G), Lane R is the RT – negative control; Lanes labelled N are the PCR negative controls. Genomic bands can be seen for many ELF3 amplifications."
Aliquots that contained 100 mononuclear cells only were included as controls for the specificity of the RT-PCR.,"Figure-2 Expression of seven RT-PCR markers in 5 separate single MDA-MB-453 cells lysed with 100 normal PBMNC. Lane M – pUC19/HpaII molecular weight marker. The following 3 lanes are amplifications from 100 PBMNC only. The following 5 lanes are amplifications from one MDA-MB-453 cell in 100 PBMNC, Lane C is the cDNA positive control, Lane G is the genomic DNA control (G), Lane R is the RT – negative control; Lanes labelled N are the PCR negative controls. Genomic bands can be seen for many ELF3 amplifications."
The cell mixture was lysed in a 15 µl volume of solution containing 0.3 % v/v Nonidet P-40 detergent  Sigma   500 ng random hexamers  Pharmacia  Uppsala  Sweden   20 U of RNasin  Promega  Madison  WI  and 10 mM DTT.,"Figure-2 Expression of seven RT-PCR markers in 5 separate single MDA-MB-453 cells lysed with 100 normal PBMNC. Lane M – pUC19/HpaII molecular weight marker. The following 3 lanes are amplifications from 100 PBMNC only. The following 5 lanes are amplifications from one MDA-MB-453 cell in 100 PBMNC, Lane C is the cDNA positive control, Lane G is the genomic DNA control (G), Lane R is the RT – negative control; Lanes labelled N are the PCR negative controls. Genomic bands can be seen for many ELF3 amplifications."
Following 70°C denaturation for 3 minutes  reverse transcription was initiated by the addition of 5× First Strand Buffer  200 U of Superscript II  Invitrogen   0.5 mM of each deoxynucleotide triphosphate  Roche  Mannheim  Germany   with Ultra-pure water  Fisher Biotech  Perth  Australia  to a final volume of 30 µl.,"Figure-2 Expression of seven RT-PCR markers in 5 separate single MDA-MB-453 cells lysed with 100 normal PBMNC. Lane M – pUC19/HpaII molecular weight marker. The following 3 lanes are amplifications from 100 PBMNC only. The following 5 lanes are amplifications from one MDA-MB-453 cell in 100 PBMNC, Lane C is the cDNA positive control, Lane G is the genomic DNA control (G), Lane R is the RT – negative control; Lanes labelled N are the PCR negative controls. Genomic bands can be seen for many ELF3 amplifications."
The reaction was incubated at 42°C for 50 minutes  and then the reverse transcriptase was inactivated at 70°C for 10 minutes.,"Figure-2 Expression of seven RT-PCR markers in 5 separate single MDA-MB-453 cells lysed with 100 normal PBMNC. Lane M – pUC19/HpaII molecular weight marker. The following 3 lanes are amplifications from 100 PBMNC only. The following 5 lanes are amplifications from one MDA-MB-453 cell in 100 PBMNC, Lane C is the cDNA positive control, Lane G is the genomic DNA control (G), Lane R is the RT – negative control; Lanes labelled N are the PCR negative controls. Genomic bands can be seen for many ELF3 amplifications."
After reverse transcription  4 µl of cDNA was used as the template in a single round of PCR amplification with 200 nM of each gene specific primer pair Table 1   1 U of Hot Star Taq  Qiagen  Valencia  CA   2.5 mM MgCl 2   and 200 µM of each deoxynucleotide triphosphate  in the supplied PCR buffer.,"Figure-2 Expression of seven RT-PCR markers in 5 separate single MDA-MB-453 cells lysed with 100 normal PBMNC. Lane M – pUC19/HpaII molecular weight marker. The following 3 lanes are amplifications from 100 PBMNC only. The following 5 lanes are amplifications from one MDA-MB-453 cell in 100 PBMNC, Lane C is the cDNA positive control, Lane G is the genomic DNA control (G), Lane R is the RT – negative control; Lanes labelled N are the PCR negative controls. Genomic bands can be seen for many ELF3 amplifications."
Cycling conditions included an initial denaturation step at 95°C for 15 minutes  then 1 minute at each of 94°C  66-68°C and 72°C for 45-55 cycles and a final extension of 7 minutes at 72°C.,"Figure-2 Expression of seven RT-PCR markers in 5 separate single MDA-MB-453 cells lysed with 100 normal PBMNC. Lane M – pUC19/HpaII molecular weight marker. The following 3 lanes are amplifications from 100 PBMNC only. The following 5 lanes are amplifications from one MDA-MB-453 cell in 100 PBMNC, Lane C is the cDNA positive control, Lane G is the genomic DNA control (G), Lane R is the RT – negative control; Lanes labelled N are the PCR negative controls. Genomic bands can be seen for many ELF3 amplifications."
Amplification products were visualised by ethidium bromide staining following separation by electrophoresis through agarose gels.,"Figure-2 Expression of seven RT-PCR markers in 5 separate single MDA-MB-453 cells lysed with 100 normal PBMNC. Lane M – pUC19/HpaII molecular weight marker. The following 3 lanes are amplifications from 100 PBMNC only. The following 5 lanes are amplifications from one MDA-MB-453 cell in 100 PBMNC, Lane C is the cDNA positive control, Lane G is the genomic DNA control (G), Lane R is the RT – negative control; Lanes labelled N are the PCR negative controls. Genomic bands can be seen for many ELF3 amplifications."
In each case an RT negative control  made up of the components of the RT reaction mixture with or without lysis mix  and without the addition of RNA  was used as the template in the PCR reaction  no cDNA made and therefore no amplification expected .,"Figure-2 Expression of seven RT-PCR markers in 5 separate single MDA-MB-453 cells lysed with 100 normal PBMNC. Lane M – pUC19/HpaII molecular weight marker. The following 3 lanes are amplifications from 100 PBMNC only. The following 5 lanes are amplifications from one MDA-MB-453 cell in 100 PBMNC, Lane C is the cDNA positive control, Lane G is the genomic DNA control (G), Lane R is the RT – negative control; Lanes labelled N are the PCR negative controls. Genomic bands can be seen for many ELF3 amplifications."
The PCR negative control contains the reagents of the PCR reaction but lacks template.,"Figure-2 Expression of seven RT-PCR markers in 5 separate single MDA-MB-453 cells lysed with 100 normal PBMNC. Lane M – pUC19/HpaII molecular weight marker. The following 3 lanes are amplifications from 100 PBMNC only. The following 5 lanes are amplifications from one MDA-MB-453 cell in 100 PBMNC, Lane C is the cDNA positive control, Lane G is the genomic DNA control (G), Lane R is the RT – negative control; Lanes labelled N are the PCR negative controls. Genomic bands can be seen for many ELF3 amplifications."
Cell line cDNA was included as a positive control for the PCR reaction.,"Figure-2 Expression of seven RT-PCR markers in 5 separate single MDA-MB-453 cells lysed with 100 normal PBMNC. Lane M – pUC19/HpaII molecular weight marker. The following 3 lanes are amplifications from 100 PBMNC only. The following 5 lanes are amplifications from one MDA-MB-453 cell in 100 PBMNC, Lane C is the cDNA positive control, Lane G is the genomic DNA control (G), Lane R is the RT – negative control; Lanes labelled N are the PCR negative controls. Genomic bands can be seen for many ELF3 amplifications."
Genomic DNA  100 ng  was used to confirm that a product of equal size to the cDNA product would not be amplified from the DNA in the cell lysate.,"Figure-2 Expression of seven RT-PCR markers in 5 separate single MDA-MB-453 cells lysed with 100 normal PBMNC. Lane M – pUC19/HpaII molecular weight marker. The following 3 lanes are amplifications from 100 PBMNC only. The following 5 lanes are amplifications from one MDA-MB-453 cell in 100 PBMNC, Lane C is the cDNA positive control, Lane G is the genomic DNA control (G), Lane R is the RT – negative control; Lanes labelled N are the PCR negative controls. Genomic bands can be seen for many ELF3 amplifications."
The expression of each of the RT-PCR markers was assessed for its suitability as a breast cancer marker.,"Figure-2 Expression of seven RT-PCR markers in 5 separate single MDA-MB-453 cells lysed with 100 normal PBMNC. Lane M – pUC19/HpaII molecular weight marker. The following 3 lanes are amplifications from 100 PBMNC only. The following 5 lanes are amplifications from one MDA-MB-453 cell in 100 PBMNC, Lane C is the cDNA positive control, Lane G is the genomic DNA control (G), Lane R is the RT – negative control; Lanes labelled N are the PCR negative controls. Genomic bands can be seen for many ELF3 amplifications."
RNA was extracted from seven breast cancer cell lines  reverse transcribed into cDNA then amplified using primers specific for the different markers Table 1 .,"Figure-2 Expression of seven RT-PCR markers in 5 separate single MDA-MB-453 cells lysed with 100 normal PBMNC. Lane M – pUC19/HpaII molecular weight marker. The following 3 lanes are amplifications from 100 PBMNC only. The following 5 lanes are amplifications from one MDA-MB-453 cell in 100 PBMNC, Lane C is the cDNA positive control, Lane G is the genomic DNA control (G), Lane R is the RT – negative control; Lanes labelled N are the PCR negative controls. Genomic bands can be seen for many ELF3 amplifications."
Transcripts corresponding to EpCAM were amplified from all of the cell lines tested  Figure-1. Panel 1 .,"Figure-2 Expression of seven RT-PCR markers in 5 separate single MDA-MB-453 cells lysed with 100 normal PBMNC. Lane M – pUC19/HpaII molecular weight marker. The following 3 lanes are amplifications from 100 PBMNC only. The following 5 lanes are amplifications from one MDA-MB-453 cell in 100 PBMNC, Lane C is the cDNA positive control, Lane G is the genomic DNA control (G), Lane R is the RT – negative control; Lanes labelled N are the PCR negative controls. Genomic bands can be seen for many ELF3 amplifications."
This validates the use of antibodies that recognise epitopes of this protein as the immunobead label for magnetic isolation of the breast carcinoma cells  and confirms earlier results which showed uniform bright fluorescence in breast cancer cell lines and biopsies stained with one of these antibodies  Ber-Ep4.,"Figure-2 Expression of seven RT-PCR markers in 5 separate single MDA-MB-453 cells lysed with 100 normal PBMNC. Lane M – pUC19/HpaII molecular weight marker. The following 3 lanes are amplifications from 100 PBMNC only. The following 5 lanes are amplifications from one MDA-MB-453 cell in 100 PBMNC, Lane C is the cDNA positive control, Lane G is the genomic DNA control (G), Lane R is the RT – negative control; Lanes labelled N are the PCR negative controls. Genomic bands can be seen for many ELF3 amplifications."
ELF3  EphB4 and MUC1 were amplified in all cell lines at consistently high levels  Figure-1  panels 2  3 and 4 .,"Figure-2 Expression of seven RT-PCR markers in 5 separate single MDA-MB-453 cells lysed with 100 normal PBMNC. Lane M – pUC19/HpaII molecular weight marker. The following 3 lanes are amplifications from 100 PBMNC only. The following 5 lanes are amplifications from one MDA-MB-453 cell in 100 PBMNC, Lane C is the cDNA positive control, Lane G is the genomic DNA control (G), Lane R is the RT – negative control; Lanes labelled N are the PCR negative controls. Genomic bands can be seen for many ELF3 amplifications."
EGFR expression was also easily detectable  Figure-1  panel 5  even though several reports have suggested it is expressed at low levels in MCF-7 and T47-D and is not expressed in MDA-MB-453 .,"Figure-2 Expression of seven RT-PCR markers in 5 separate single MDA-MB-453 cells lysed with 100 normal PBMNC. Lane M – pUC19/HpaII molecular weight marker. The following 3 lanes are amplifications from 100 PBMNC only. The following 5 lanes are amplifications from one MDA-MB-453 cell in 100 PBMNC, Lane C is the cDNA positive control, Lane G is the genomic DNA control (G), Lane R is the RT – negative control; Lanes labelled N are the PCR negative controls. Genomic bands can be seen for many ELF3 amplifications."
MGB1 transcripts were amplified from all cell lines except for MCF-7  Figure-1  panel 2  and CEA was amplified from all cell lines except PMC42  Figure-1 panel 6 .,"Figure-2 Expression of seven RT-PCR markers in 5 separate single MDA-MB-453 cells lysed with 100 normal PBMNC. Lane M – pUC19/HpaII molecular weight marker. The following 3 lanes are amplifications from 100 PBMNC only. The following 5 lanes are amplifications from one MDA-MB-453 cell in 100 PBMNC, Lane C is the cDNA positive control, Lane G is the genomic DNA control (G), Lane R is the RT – negative control; Lanes labelled N are the PCR negative controls. Genomic bands can be seen for many ELF3 amplifications."
Tubes that contained 100 PBMNCs and one tumor cell were used to determine the sensitivity of each RT-PCR marker.,"Figure-2 Expression of seven RT-PCR markers in 5 separate single MDA-MB-453 cells lysed with 100 normal PBMNC. Lane M – pUC19/HpaII molecular weight marker. The following 3 lanes are amplifications from 100 PBMNC only. The following 5 lanes are amplifications from one MDA-MB-453 cell in 100 PBMNC, Lane C is the cDNA positive control, Lane G is the genomic DNA control (G), Lane R is the RT – negative control; Lanes labelled N are the PCR negative controls. Genomic bands can be seen for many ELF3 amplifications."
Most of the sensitivity tests were performed using MDA-MB-453 cells but four different breast cancer cell lines have been included in this part of the study  two that are ER negative  MDA-MB-453  and MDA-MB-468  and two that are ER positive  MCF-7 and T47-D .,"Figure-2 Expression of seven RT-PCR markers in 5 separate single MDA-MB-453 cells lysed with 100 normal PBMNC. Lane M – pUC19/HpaII molecular weight marker. The following 3 lanes are amplifications from 100 PBMNC only. The following 5 lanes are amplifications from one MDA-MB-453 cell in 100 PBMNC, Lane C is the cDNA positive control, Lane G is the genomic DNA control (G), Lane R is the RT – negative control; Lanes labelled N are the PCR negative controls. Genomic bands can be seen for many ELF3 amplifications."
Analysing the samples to which a single breast cancer cell had been added to 100 PBMNC showed that we can detect the tumor cell most often with ELF3  40/43 -93%  and EpCAM  36/40 -89%   Figure-2 and Figure-3  table-2 and table-3 .,"Figure-2 Expression of seven RT-PCR markers in 5 separate single MDA-MB-453 cells lysed with 100 normal PBMNC. Lane M – pUC19/HpaII molecular weight marker. The following 3 lanes are amplifications from 100 PBMNC only. The following 5 lanes are amplifications from one MDA-MB-453 cell in 100 PBMNC, Lane C is the cDNA positive control, Lane G is the genomic DNA control (G), Lane R is the RT – negative control; Lanes labelled N are the PCR negative controls. Genomic bands can be seen for many ELF3 amplifications."
EphB4 specific amplification detected 31/40  77.5%   MUC1 10/20  67%   CEA 9/20  45%   EGFR 19/43  44%  and MGB1 9/35  26% .,"Figure-2 Expression of seven RT-PCR markers in 5 separate single MDA-MB-453 cells lysed with 100 normal PBMNC. Lane M – pUC19/HpaII molecular weight marker. The following 3 lanes are amplifications from 100 PBMNC only. The following 5 lanes are amplifications from one MDA-MB-453 cell in 100 PBMNC, Lane C is the cDNA positive control, Lane G is the genomic DNA control (G), Lane R is the RT – negative control; Lanes labelled N are the PCR negative controls. Genomic bands can be seen for many ELF3 amplifications."
Tubes that contained 100 PBMNCs only were included to determine specificity  Table 2 .,"Figure-2 Expression of seven RT-PCR markers in 5 separate single MDA-MB-453 cells lysed with 100 normal PBMNC. Lane M – pUC19/HpaII molecular weight marker. The following 3 lanes are amplifications from 100 PBMNC only. The following 5 lanes are amplifications from one MDA-MB-453 cell in 100 PBMNC, Lane C is the cDNA positive control, Lane G is the genomic DNA control (G), Lane R is the RT – negative control; Lanes labelled N are the PCR negative controls. Genomic bands can be seen for many ELF3 amplifications."
After combining the data obtained from several different experiments and several different normal individuals in reactions using the appropriate number of amplification cycles  we found no expression of EGFR  0/27   MGB1  0/24   EphB4 0/21   EpCAM  0/21  or CEA  0/18   Figure-2 and Figure-3  Table 2 .,"Figure-2 Expression of seven RT-PCR markers in 5 separate single MDA-MB-453 cells lysed with 100 normal PBMNC. Lane M – pUC19/HpaII molecular weight marker. The following 3 lanes are amplifications from 100 PBMNC only. The following 5 lanes are amplifications from one MDA-MB-453 cell in 100 PBMNC, Lane C is the cDNA positive control, Lane G is the genomic DNA control (G), Lane R is the RT – negative control; Lanes labelled N are the PCR negative controls. Genomic bands can be seen for many ELF3 amplifications."
Only ELF3 and MUC1 gave positive bands.,"Figure-2 Expression of seven RT-PCR markers in 5 separate single MDA-MB-453 cells lysed with 100 normal PBMNC. Lane M – pUC19/HpaII molecular weight marker. The following 3 lanes are amplifications from 100 PBMNC only. The following 5 lanes are amplifications from one MDA-MB-453 cell in 100 PBMNC, Lane C is the cDNA positive control, Lane G is the genomic DNA control (G), Lane R is the RT – negative control; Lanes labelled N are the PCR negative controls. Genomic bands can be seen for many ELF3 amplifications."
These results were for 45 cycles of amplification except for CEA which was run for 55 cycles.,"Figure-2 Expression of seven RT-PCR markers in 5 separate single MDA-MB-453 cells lysed with 100 normal PBMNC. Lane M – pUC19/HpaII molecular weight marker. The following 3 lanes are amplifications from 100 PBMNC only. The following 5 lanes are amplifications from one MDA-MB-453 cell in 100 PBMNC, Lane C is the cDNA positive control, Lane G is the genomic DNA control (G), Lane R is the RT – negative control; Lanes labelled N are the PCR negative controls. Genomic bands can be seen for many ELF3 amplifications."
We also examined ELF3  EphB4 and MUC1 at 55 cycles in a small number of experiments.,"Figure-2 Expression of seven RT-PCR markers in 5 separate single MDA-MB-453 cells lysed with 100 normal PBMNC. Lane M – pUC19/HpaII molecular weight marker. The following 3 lanes are amplifications from 100 PBMNC only. The following 5 lanes are amplifications from one MDA-MB-453 cell in 100 PBMNC, Lane C is the cDNA positive control, Lane G is the genomic DNA control (G), Lane R is the RT – negative control; Lanes labelled N are the PCR negative controls. Genomic bands can be seen for many ELF3 amplifications."
We amplified transcripts that corresponded to ELF3  1/6   EphB4  3/12  and MUC1  3/12  in some of the PBMNC control tubes.,"Figure-2 Expression of seven RT-PCR markers in 5 separate single MDA-MB-453 cells lysed with 100 normal PBMNC. Lane M – pUC19/HpaII molecular weight marker. The following 3 lanes are amplifications from 100 PBMNC only. The following 5 lanes are amplifications from one MDA-MB-453 cell in 100 PBMNC, Lane C is the cDNA positive control, Lane G is the genomic DNA control (G), Lane R is the RT – negative control; Lanes labelled N are the PCR negative controls. Genomic bands can be seen for many ELF3 amplifications."
The ELF3 and EphB4 bands were visible following ethidium bromide staining but were less intense than the band amplified after the addition of a single tumor cell and in no cases were all three of the PBMNC controls positive in the same experiment.,"Figure-2 Expression of seven RT-PCR markers in 5 separate single MDA-MB-453 cells lysed with 100 normal PBMNC. Lane M – pUC19/HpaII molecular weight marker. The following 3 lanes are amplifications from 100 PBMNC only. The following 5 lanes are amplifications from one MDA-MB-453 cell in 100 PBMNC, Lane C is the cDNA positive control, Lane G is the genomic DNA control (G), Lane R is the RT – negative control; Lanes labelled N are the PCR negative controls. Genomic bands can be seen for many ELF3 amplifications."
We assume that the ELF3 band is a result of amplification of illegitimate transcripts.,"Figure-2 Expression of seven RT-PCR markers in 5 separate single MDA-MB-453 cells lysed with 100 normal PBMNC. Lane M – pUC19/HpaII molecular weight marker. The following 3 lanes are amplifications from 100 PBMNC only. The following 5 lanes are amplifications from one MDA-MB-453 cell in 100 PBMNC, Lane C is the cDNA positive control, Lane G is the genomic DNA control (G), Lane R is the RT – negative control; Lanes labelled N are the PCR negative controls. Genomic bands can be seen for many ELF3 amplifications."
This band was eliminated when only 35 cycles of amplification  0/15  were performed but because only a small amount of product was amplified after 45 or 55 cycles in these controls we could distinguish samples that contained tumor cells and those that did not through comparison of the intensity of bands.,"Figure-2 Expression of seven RT-PCR markers in 5 separate single MDA-MB-453 cells lysed with 100 normal PBMNC. Lane M – pUC19/HpaII molecular weight marker. The following 3 lanes are amplifications from 100 PBMNC only. The following 5 lanes are amplifications from one MDA-MB-453 cell in 100 PBMNC, Lane C is the cDNA positive control, Lane G is the genomic DNA control (G), Lane R is the RT – negative control; Lanes labelled N are the PCR negative controls. Genomic bands can be seen for many ELF3 amplifications."
Analysing the samples to which a single breast cancer cell had been added to 100 PBMNC showed that we could still detect the tumor cell most often with ELF3  15/16 -94% .,"Figure-2 Expression of seven RT-PCR markers in 5 separate single MDA-MB-453 cells lysed with 100 normal PBMNC. Lane M – pUC19/HpaII molecular weight marker. The following 3 lanes are amplifications from 100 PBMNC only. The following 5 lanes are amplifications from one MDA-MB-453 cell in 100 PBMNC, Lane C is the cDNA positive control, Lane G is the genomic DNA control (G), Lane R is the RT – negative control; Lanes labelled N are the PCR negative controls. Genomic bands can be seen for many ELF3 amplifications."
Tests using single tumour cells in a 100 PBMNC background detected 15/16  94%  of tumour cells after 35 cycles.,"Figure-2 Expression of seven RT-PCR markers in 5 separate single MDA-MB-453 cells lysed with 100 normal PBMNC. Lane M – pUC19/HpaII molecular weight marker. The following 3 lanes are amplifications from 100 PBMNC only. The following 5 lanes are amplifications from one MDA-MB-453 cell in 100 PBMNC, Lane C is the cDNA positive control, Lane G is the genomic DNA control (G), Lane R is the RT – negative control; Lanes labelled N are the PCR negative controls. Genomic bands can be seen for many ELF3 amplifications."
Unlike ELF3  the MUC1 PBMNC band was of comparable intensity to those achieved after tumor cell addition making it impossible to distinguish samples that contain tumor cells from those that don't  Figure-2 .,"Figure-2 Expression of seven RT-PCR markers in 5 separate single MDA-MB-453 cells lysed with 100 normal PBMNC. Lane M – pUC19/HpaII molecular weight marker. The following 3 lanes are amplifications from 100 PBMNC only. The following 5 lanes are amplifications from one MDA-MB-453 cell in 100 PBMNC, Lane C is the cDNA positive control, Lane G is the genomic DNA control (G), Lane R is the RT – negative control; Lanes labelled N are the PCR negative controls. Genomic bands can be seen for many ELF3 amplifications."
The development of optimized methods for detecting tumor cells in the peripheral blood and bone marrow of cancer patients may enhance our ability to identify those patients in need of further therapy.,"Figure-2 Expression of seven RT-PCR markers in 5 separate single MDA-MB-453 cells lysed with 100 normal PBMNC. Lane M – pUC19/HpaII molecular weight marker. The following 3 lanes are amplifications from 100 PBMNC only. The following 5 lanes are amplifications from one MDA-MB-453 cell in 100 PBMNC, Lane C is the cDNA positive control, Lane G is the genomic DNA control (G), Lane R is the RT – negative control; Lanes labelled N are the PCR negative controls. Genomic bands can be seen for many ELF3 amplifications."
Nested RT-PCR of PBMNCs has been the most common method to detect epithelial -specific markers.,"Figure-2 Expression of seven RT-PCR markers in 5 separate single MDA-MB-453 cells lysed with 100 normal PBMNC. Lane M – pUC19/HpaII molecular weight marker. The following 3 lanes are amplifications from 100 PBMNC only. The following 5 lanes are amplifications from one MDA-MB-453 cell in 100 PBMNC, Lane C is the cDNA positive control, Lane G is the genomic DNA control (G), Lane R is the RT – negative control; Lanes labelled N are the PCR negative controls. Genomic bands can be seen for many ELF3 amplifications."
Due to the high level of sensitivity of nested RT-PCR  even low levels of illegitimate transcription in PBMNCs can cause false-positive results.,"Figure-2 Expression of seven RT-PCR markers in 5 separate single MDA-MB-453 cells lysed with 100 normal PBMNC. Lane M – pUC19/HpaII molecular weight marker. The following 3 lanes are amplifications from 100 PBMNC only. The following 5 lanes are amplifications from one MDA-MB-453 cell in 100 PBMNC, Lane C is the cDNA positive control, Lane G is the genomic DNA control (G), Lane R is the RT – negative control; Lanes labelled N are the PCR negative controls. Genomic bands can be seen for many ELF3 amplifications."
Nested RT-PCR is also more time consuming and stringent procedures need to be observed in order to minimise the risk of false positives due to PCR product cross contamination.,"Figure-2 Expression of seven RT-PCR markers in 5 separate single MDA-MB-453 cells lysed with 100 normal PBMNC. Lane M – pUC19/HpaII molecular weight marker. The following 3 lanes are amplifications from 100 PBMNC only. The following 5 lanes are amplifications from one MDA-MB-453 cell in 100 PBMNC, Lane C is the cDNA positive control, Lane G is the genomic DNA control (G), Lane R is the RT – negative control; Lanes labelled N are the PCR negative controls. Genomic bands can be seen for many ELF3 amplifications."
It is thus desirable that the RT-PCR is performed in a single round to avoid potential contamination problems.,"Figure-2 Expression of seven RT-PCR markers in 5 separate single MDA-MB-453 cells lysed with 100 normal PBMNC. Lane M – pUC19/HpaII molecular weight marker. The following 3 lanes are amplifications from 100 PBMNC only. The following 5 lanes are amplifications from one MDA-MB-453 cell in 100 PBMNC, Lane C is the cDNA positive control, Lane G is the genomic DNA control (G), Lane R is the RT – negative control; Lanes labelled N are the PCR negative controls. Genomic bands can be seen for many ELF3 amplifications."
The use of immunobead enrichment prior to reverse transcription has allowed the use of a single round of PCR amplification to screen a whole blood sample.,"Figure-2 Expression of seven RT-PCR markers in 5 separate single MDA-MB-453 cells lysed with 100 normal PBMNC. Lane M – pUC19/HpaII molecular weight marker. The following 3 lanes are amplifications from 100 PBMNC only. The following 5 lanes are amplifications from one MDA-MB-453 cell in 100 PBMNC, Lane C is the cDNA positive control, Lane G is the genomic DNA control (G), Lane R is the RT – negative control; Lanes labelled N are the PCR negative controls. Genomic bands can be seen for many ELF3 amplifications."
Our original methodology used blotting and detection with an oligonucleotide to increase sensitivity but this is no longer necessary with the more efficient RT-PCR assays presented here  in particular because of the use of a hot start Taq polymerase.,"Figure-2 Expression of seven RT-PCR markers in 5 separate single MDA-MB-453 cells lysed with 100 normal PBMNC. Lane M – pUC19/HpaII molecular weight marker. The following 3 lanes are amplifications from 100 PBMNC only. The following 5 lanes are amplifications from one MDA-MB-453 cell in 100 PBMNC, Lane C is the cDNA positive control, Lane G is the genomic DNA control (G), Lane R is the RT – negative control; Lanes labelled N are the PCR negative controls. Genomic bands can be seen for many ELF3 amplifications."
To improve RT-PCR detection further  the identification of epithelial or carcinoma cell specific markers that are expressed at a sufficient level to enable detection of a single cell after only one round of non-nested PCR are needed.,"Figure-2 Expression of seven RT-PCR markers in 5 separate single MDA-MB-453 cells lysed with 100 normal PBMNC. Lane M – pUC19/HpaII molecular weight marker. The following 3 lanes are amplifications from 100 PBMNC only. The following 5 lanes are amplifications from one MDA-MB-453 cell in 100 PBMNC, Lane C is the cDNA positive control, Lane G is the genomic DNA control (G), Lane R is the RT – negative control; Lanes labelled N are the PCR negative controls. Genomic bands can be seen for many ELF3 amplifications."
For this reason  we have used single tumor cells in a background of 100 PBMNCs to screen seven different RT-PCR assays in order to identify the best ones for inclusion in a panel for the immunobead RT-PCR based detection of circulating tumor cells.,"Figure-2 Expression of seven RT-PCR markers in 5 separate single MDA-MB-453 cells lysed with 100 normal PBMNC. Lane M – pUC19/HpaII molecular weight marker. The following 3 lanes are amplifications from 100 PBMNC only. The following 5 lanes are amplifications from one MDA-MB-453 cell in 100 PBMNC, Lane C is the cDNA positive control, Lane G is the genomic DNA control (G), Lane R is the RT – negative control; Lanes labelled N are the PCR negative controls. Genomic bands can be seen for many ELF3 amplifications."
We used breast cancer cell lines as the source of tumor cells.,"Figure-2 Expression of seven RT-PCR markers in 5 separate single MDA-MB-453 cells lysed with 100 normal PBMNC. Lane M – pUC19/HpaII molecular weight marker. The following 3 lanes are amplifications from 100 PBMNC only. The following 5 lanes are amplifications from one MDA-MB-453 cell in 100 PBMNC, Lane C is the cDNA positive control, Lane G is the genomic DNA control (G), Lane R is the RT – negative control; Lanes labelled N are the PCR negative controls. Genomic bands can be seen for many ELF3 amplifications."
Whereas breast cancer cell lines may have different levels of expression of markers compared to disseminated breast cancer cells  cells from different individuals  and even within an individual  are likely to display considerable heterogeneity.,"Figure-2 Expression of seven RT-PCR markers in 5 separate single MDA-MB-453 cells lysed with 100 normal PBMNC. Lane M – pUC19/HpaII molecular weight marker. The following 3 lanes are amplifications from 100 PBMNC only. The following 5 lanes are amplifications from one MDA-MB-453 cell in 100 PBMNC, Lane C is the cDNA positive control, Lane G is the genomic DNA control (G), Lane R is the RT – negative control; Lanes labelled N are the PCR negative controls. Genomic bands can be seen for many ELF3 amplifications."
We sought to overcome this difficulty by using a number of cell lines.,"Figure-2 Expression of seven RT-PCR markers in 5 separate single MDA-MB-453 cells lysed with 100 normal PBMNC. Lane M – pUC19/HpaII molecular weight marker. The following 3 lanes are amplifications from 100 PBMNC only. The following 5 lanes are amplifications from one MDA-MB-453 cell in 100 PBMNC, Lane C is the cDNA positive control, Lane G is the genomic DNA control (G), Lane R is the RT – negative control; Lanes labelled N are the PCR negative controls. Genomic bands can be seen for many ELF3 amplifications."
The use of cell lines has the great advantage of providing reproducible controls to test the sensitivity of the RT-PCR assays during studies of patient material.,"Figure-2 Expression of seven RT-PCR markers in 5 separate single MDA-MB-453 cells lysed with 100 normal PBMNC. Lane M – pUC19/HpaII molecular weight marker. The following 3 lanes are amplifications from 100 PBMNC only. The following 5 lanes are amplifications from one MDA-MB-453 cell in 100 PBMNC, Lane C is the cDNA positive control, Lane G is the genomic DNA control (G), Lane R is the RT – negative control; Lanes labelled N are the PCR negative controls. Genomic bands can be seen for many ELF3 amplifications."
The immunobead enrichment step relies on the expression of an epithelial cell adhesion molecule  EpCAM   current gene symbol  TACTSD1  tumor-associated calcium signal transducer 1   which is recognized by an antibody on immunobeads.,"Figure-2 Expression of seven RT-PCR markers in 5 separate single MDA-MB-453 cells lysed with 100 normal PBMNC. Lane M – pUC19/HpaII molecular weight marker. The following 3 lanes are amplifications from 100 PBMNC only. The following 5 lanes are amplifications from one MDA-MB-453 cell in 100 PBMNC, Lane C is the cDNA positive control, Lane G is the genomic DNA control (G), Lane R is the RT – negative control; Lanes labelled N are the PCR negative controls. Genomic bands can be seen for many ELF3 amplifications."
We considered this to be an appropriate positive control  as any cell that is detected using the immunobeads should express the EpCAM gene.,"Figure-2 Expression of seven RT-PCR markers in 5 separate single MDA-MB-453 cells lysed with 100 normal PBMNC. Lane M – pUC19/HpaII molecular weight marker. The following 3 lanes are amplifications from 100 PBMNC only. The following 5 lanes are amplifications from one MDA-MB-453 cell in 100 PBMNC, Lane C is the cDNA positive control, Lane G is the genomic DNA control (G), Lane R is the RT – negative control; Lanes labelled N are the PCR negative controls. Genomic bands can be seen for many ELF3 amplifications."
All of the breast cancer cell lines expressed the EpCAM gene and no message was detected in any of 24 aliquots that contained 100 PBMNC.,"Figure-2 Expression of seven RT-PCR markers in 5 separate single MDA-MB-453 cells lysed with 100 normal PBMNC. Lane M – pUC19/HpaII molecular weight marker. The following 3 lanes are amplifications from 100 PBMNC only. The following 5 lanes are amplifications from one MDA-MB-453 cell in 100 PBMNC, Lane C is the cDNA positive control, Lane G is the genomic DNA control (G), Lane R is the RT – negative control; Lanes labelled N are the PCR negative controls. Genomic bands can be seen for many ELF3 amplifications."
Tests of the single tumor cell and 100 PBMNC aliquots with EpCAM showed that it was also expressed to a sufficient level to enable detection of the tumor cell in 31/35  89%  cases after 45 cycles of PCR amplification.,"Figure-2 Expression of seven RT-PCR markers in 5 separate single MDA-MB-453 cells lysed with 100 normal PBMNC. Lane M – pUC19/HpaII molecular weight marker. The following 3 lanes are amplifications from 100 PBMNC only. The following 5 lanes are amplifications from one MDA-MB-453 cell in 100 PBMNC, Lane C is the cDNA positive control, Lane G is the genomic DNA control (G), Lane R is the RT – negative control; Lanes labelled N are the PCR negative controls. Genomic bands can be seen for many ELF3 amplifications."
We therefore consider EpCAM a useful addition to a marker panel for the detection of breast tumor cells.,"Figure-2 Expression of seven RT-PCR markers in 5 separate single MDA-MB-453 cells lysed with 100 normal PBMNC. Lane M – pUC19/HpaII molecular weight marker. The following 3 lanes are amplifications from 100 PBMNC only. The following 5 lanes are amplifications from one MDA-MB-453 cell in 100 PBMNC, Lane C is the cDNA positive control, Lane G is the genomic DNA control (G), Lane R is the RT – negative control; Lanes labelled N are the PCR negative controls. Genomic bands can be seen for many ELF3 amplifications."
It is possible that the sensitivity with this marker can be improved if more PCR cycles are performed.,"Figure-2 Expression of seven RT-PCR markers in 5 separate single MDA-MB-453 cells lysed with 100 normal PBMNC. Lane M – pUC19/HpaII molecular weight marker. The following 3 lanes are amplifications from 100 PBMNC only. The following 5 lanes are amplifications from one MDA-MB-453 cell in 100 PBMNC, Lane C is the cDNA positive control, Lane G is the genomic DNA control (G), Lane R is the RT – negative control; Lanes labelled N are the PCR negative controls. Genomic bands can be seen for many ELF3 amplifications."
Mucin 1  MUC1  is another epithelial glycoprotein expressed in breast epithelial cells.,"Figure-2 Expression of seven RT-PCR markers in 5 separate single MDA-MB-453 cells lysed with 100 normal PBMNC. Lane M – pUC19/HpaII molecular weight marker. The following 3 lanes are amplifications from 100 PBMNC only. The following 5 lanes are amplifications from one MDA-MB-453 cell in 100 PBMNC, Lane C is the cDNA positive control, Lane G is the genomic DNA control (G), Lane R is the RT – negative control; Lanes labelled N are the PCR negative controls. Genomic bands can be seen for many ELF3 amplifications."
It is a commonly used if controversial marker for detection of circulating tumor cells .,"Figure-2 Expression of seven RT-PCR markers in 5 separate single MDA-MB-453 cells lysed with 100 normal PBMNC. Lane M – pUC19/HpaII molecular weight marker. The following 3 lanes are amplifications from 100 PBMNC only. The following 5 lanes are amplifications from one MDA-MB-453 cell in 100 PBMNC, Lane C is the cDNA positive control, Lane G is the genomic DNA control (G), Lane R is the RT – negative control; Lanes labelled N are the PCR negative controls. Genomic bands can be seen for many ELF3 amplifications."
Recently  it was reported that that immunomagnetic separation followed by MUC1-specific real time RTPCR allowed the semi-quantitative detection of circulating mammary cells if amplification above a cycle threshold value of 38 was obtained .,"Figure-2 Expression of seven RT-PCR markers in 5 separate single MDA-MB-453 cells lysed with 100 normal PBMNC. Lane M – pUC19/HpaII molecular weight marker. The following 3 lanes are amplifications from 100 PBMNC only. The following 5 lanes are amplifications from one MDA-MB-453 cell in 100 PBMNC, Lane C is the cDNA positive control, Lane G is the genomic DNA control (G), Lane R is the RT – negative control; Lanes labelled N are the PCR negative controls. Genomic bands can be seen for many ELF3 amplifications."
Using our assay  MUC1 transcripts were detected in 1/6 100 PBMNC only samples and 10/15 tumor cell samples.,"Figure-2 Expression of seven RT-PCR markers in 5 separate single MDA-MB-453 cells lysed with 100 normal PBMNC. Lane M – pUC19/HpaII molecular weight marker. The following 3 lanes are amplifications from 100 PBMNC only. The following 5 lanes are amplifications from one MDA-MB-453 cell in 100 PBMNC, Lane C is the cDNA positive control, Lane G is the genomic DNA control (G), Lane R is the RT – negative control; Lanes labelled N are the PCR negative controls. Genomic bands can be seen for many ELF3 amplifications."
Although we did not use real-time PCR for our assay  the intensity of the positive bands in the PBMNC only samples was comparable to that obtained with the tumor cell samples and it was concluded that detection of MUC1 transcripts would result in too many false positive results to warrant its inclusion in our panel.,"Figure-2 Expression of seven RT-PCR markers in 5 separate single MDA-MB-453 cells lysed with 100 normal PBMNC. Lane M – pUC19/HpaII molecular weight marker. The following 3 lanes are amplifications from 100 PBMNC only. The following 5 lanes are amplifications from one MDA-MB-453 cell in 100 PBMNC, Lane C is the cDNA positive control, Lane G is the genomic DNA control (G), Lane R is the RT – negative control; Lanes labelled N are the PCR negative controls. Genomic bands can be seen for many ELF3 amplifications."
"Interestingly  during the course of this study it was reported that a majority of CK + /MUC1 +  tumor cells circulating in the blood of patients with advanced breast cancer also displayed apoptotic features such as an ""inclusion type"" cytokeratin staining pattern and nuclear condensation with apoptosis-related DNA strand breaks.","Figure-2 Expression of seven RT-PCR markers in 5 separate single MDA-MB-453 cells lysed with 100 normal PBMNC. Lane M – pUC19/HpaII molecular weight marker. The following 3 lanes are amplifications from 100 PBMNC only. The following 5 lanes are amplifications from one MDA-MB-453 cell in 100 PBMNC, Lane C is the cDNA positive control, Lane G is the genomic DNA control (G), Lane R is the RT – negative control; Lanes labelled N are the PCR negative controls. Genomic bands can be seen for many ELF3 amplifications."
It was concluded that the predictive value of such CK + /MUC1 +  positive cells should be considered separately when analysing tumor cell dissemination  further supporting our decision not to include MUC1.,"Figure-2 Expression of seven RT-PCR markers in 5 separate single MDA-MB-453 cells lysed with 100 normal PBMNC. Lane M – pUC19/HpaII molecular weight marker. The following 3 lanes are amplifications from 100 PBMNC only. The following 5 lanes are amplifications from one MDA-MB-453 cell in 100 PBMNC, Lane C is the cDNA positive control, Lane G is the genomic DNA control (G), Lane R is the RT – negative control; Lanes labelled N are the PCR negative controls. Genomic bands can be seen for many ELF3 amplifications."
Elevated levels of serum carcinoembryonic antigenCEA are commonly used as a clinical tool in the diagnosis and monitoring of metastasis but the use of CEA as an immunobead RT-PCR marker has given varying results.,"Figure-2 Expression of seven RT-PCR markers in 5 separate single MDA-MB-453 cells lysed with 100 normal PBMNC. Lane M – pUC19/HpaII molecular weight marker. The following 3 lanes are amplifications from 100 PBMNC only. The following 5 lanes are amplifications from one MDA-MB-453 cell in 100 PBMNC, Lane C is the cDNA positive control, Lane G is the genomic DNA control (G), Lane R is the RT – negative control; Lanes labelled N are the PCR negative controls. Genomic bands can be seen for many ELF3 amplifications."
CEA has been considered to show no diagnostic value as a RT-PCR marker for the detection of micrometastases because it is expressed in the blood and lymph nodes of patients without cancer .,"Figure-2 Expression of seven RT-PCR markers in 5 separate single MDA-MB-453 cells lysed with 100 normal PBMNC. Lane M – pUC19/HpaII molecular weight marker. The following 3 lanes are amplifications from 100 PBMNC only. The following 5 lanes are amplifications from one MDA-MB-453 cell in 100 PBMNC, Lane C is the cDNA positive control, Lane G is the genomic DNA control (G), Lane R is the RT – negative control; Lanes labelled N are the PCR negative controls. Genomic bands can be seen for many ELF3 amplifications."
However  in a comparison of immunobead RT-PCR and regular RT-PCR amplification  it was shown that immunobead isolation increases the specificity of CEA .,"Figure-2 Expression of seven RT-PCR markers in 5 separate single MDA-MB-453 cells lysed with 100 normal PBMNC. Lane M – pUC19/HpaII molecular weight marker. The following 3 lanes are amplifications from 100 PBMNC only. The following 5 lanes are amplifications from one MDA-MB-453 cell in 100 PBMNC, Lane C is the cDNA positive control, Lane G is the genomic DNA control (G), Lane R is the RT – negative control; Lanes labelled N are the PCR negative controls. Genomic bands can be seen for many ELF3 amplifications."
Using 55 PCR cycles for CEA  we found amplification in none of the PBMNC only samples and gained a positive result for 45% of the single tumor cell samples we tested.,"Figure-2 Expression of seven RT-PCR markers in 5 separate single MDA-MB-453 cells lysed with 100 normal PBMNC. Lane M – pUC19/HpaII molecular weight marker. The following 3 lanes are amplifications from 100 PBMNC only. The following 5 lanes are amplifications from one MDA-MB-453 cell in 100 PBMNC, Lane C is the cDNA positive control, Lane G is the genomic DNA control (G), Lane R is the RT – negative control; Lanes labelled N are the PCR negative controls. Genomic bands can be seen for many ELF3 amplifications."
Thus  CEA appears to be a very useful marker when immunobead enrichment is performed prior to RT-PCR.,"Figure-2 Expression of seven RT-PCR markers in 5 separate single MDA-MB-453 cells lysed with 100 normal PBMNC. Lane M – pUC19/HpaII molecular weight marker. The following 3 lanes are amplifications from 100 PBMNC only. The following 5 lanes are amplifications from one MDA-MB-453 cell in 100 PBMNC, Lane C is the cDNA positive control, Lane G is the genomic DNA control (G), Lane R is the RT – negative control; Lanes labelled N are the PCR negative controls. Genomic bands can be seen for many ELF3 amplifications."
Epidermal growth factor receptor  EGFR  HER1  ErbB1  is a tyrosine kinase whose activation plays an important role in the regulation of cell proliferation  differentiation and survival with a pivotal role in maintenance and repair of epithelial tissues.,"Figure-2 Expression of seven RT-PCR markers in 5 separate single MDA-MB-453 cells lysed with 100 normal PBMNC. Lane M – pUC19/HpaII molecular weight marker. The following 3 lanes are amplifications from 100 PBMNC only. The following 5 lanes are amplifications from one MDA-MB-453 cell in 100 PBMNC, Lane C is the cDNA positive control, Lane G is the genomic DNA control (G), Lane R is the RT – negative control; Lanes labelled N are the PCR negative controls. Genomic bands can be seen for many ELF3 amplifications."
EGFR is overexpressed in 50-70% of human primary breast  lung  and colon carcinomas.,"Figure-2 Expression of seven RT-PCR markers in 5 separate single MDA-MB-453 cells lysed with 100 normal PBMNC. Lane M – pUC19/HpaII molecular weight marker. The following 3 lanes are amplifications from 100 PBMNC only. The following 5 lanes are amplifications from one MDA-MB-453 cell in 100 PBMNC, Lane C is the cDNA positive control, Lane G is the genomic DNA control (G), Lane R is the RT – negative control; Lanes labelled N are the PCR negative controls. Genomic bands can be seen for many ELF3 amplifications."
A study using nested RT-PCR and Southern blotting to detect EGFR transcripts in blood samples from patients with metastatic colon cancer found that 10.5% of healthy donors were positive which suggests that their assay detected illegitimate transcription.,"Figure-2 Expression of seven RT-PCR markers in 5 separate single MDA-MB-453 cells lysed with 100 normal PBMNC. Lane M – pUC19/HpaII molecular weight marker. The following 3 lanes are amplifications from 100 PBMNC only. The following 5 lanes are amplifications from one MDA-MB-453 cell in 100 PBMNC, Lane C is the cDNA positive control, Lane G is the genomic DNA control (G), Lane R is the RT – negative control; Lanes labelled N are the PCR negative controls. Genomic bands can be seen for many ELF3 amplifications."
However  none of the 27 PBM-NC only aliquots tested in our assay yielded EGFR amplification products and 19/43  44%  single tumor cells were detected.,"Figure-2 Expression of seven RT-PCR markers in 5 separate single MDA-MB-453 cells lysed with 100 normal PBMNC. Lane M – pUC19/HpaII molecular weight marker. The following 3 lanes are amplifications from 100 PBMNC only. The following 5 lanes are amplifications from one MDA-MB-453 cell in 100 PBMNC, Lane C is the cDNA positive control, Lane G is the genomic DNA control (G), Lane R is the RT – negative control; Lanes labelled N are the PCR negative controls. Genomic bands can be seen for many ELF3 amplifications."
A comparison of the results obtained for the two ER positive cell lines  6/20  with those obtained for the two ER negative cell lines  13/23  suggests that ER status will affect the efficacy of this marker but it remains a useful marker.,"Figure-2 Expression of seven RT-PCR markers in 5 separate single MDA-MB-453 cells lysed with 100 normal PBMNC. Lane M – pUC19/HpaII molecular weight marker. The following 3 lanes are amplifications from 100 PBMNC only. The following 5 lanes are amplifications from one MDA-MB-453 cell in 100 PBMNC, Lane C is the cDNA positive control, Lane G is the genomic DNA control (G), Lane R is the RT – negative control; Lanes labelled N are the PCR negative controls. Genomic bands can be seen for many ELF3 amplifications."
Mammaglobin 1  MGB1  expression is limited to mammary epithelium and is often up-regulated in human breast cancer.,"Figure-2 Expression of seven RT-PCR markers in 5 separate single MDA-MB-453 cells lysed with 100 normal PBMNC. Lane M – pUC19/HpaII molecular weight marker. The following 3 lanes are amplifications from 100 PBMNC only. The following 5 lanes are amplifications from one MDA-MB-453 cell in 100 PBMNC, Lane C is the cDNA positive control, Lane G is the genomic DNA control (G), Lane R is the RT – negative control; Lanes labelled N are the PCR negative controls. Genomic bands can be seen for many ELF3 amplifications."
The gene has been localised to chromosome 11q13 in a region frequently amplified in breast cancer.,"Figure-2 Expression of seven RT-PCR markers in 5 separate single MDA-MB-453 cells lysed with 100 normal PBMNC. Lane M – pUC19/HpaII molecular weight marker. The following 3 lanes are amplifications from 100 PBMNC only. The following 5 lanes are amplifications from one MDA-MB-453 cell in 100 PBMNC, Lane C is the cDNA positive control, Lane G is the genomic DNA control (G), Lane R is the RT – negative control; Lanes labelled N are the PCR negative controls. Genomic bands can be seen for many ELF3 amplifications."
Using nested RT-PCR  it was shown that MGB1 transcripts are detectable in blood from breast cancer patients.,"Figure-2 Expression of seven RT-PCR markers in 5 separate single MDA-MB-453 cells lysed with 100 normal PBMNC. Lane M – pUC19/HpaII molecular weight marker. The following 3 lanes are amplifications from 100 PBMNC only. The following 5 lanes are amplifications from one MDA-MB-453 cell in 100 PBMNC, Lane C is the cDNA positive control, Lane G is the genomic DNA control (G), Lane R is the RT – negative control; Lanes labelled N are the PCR negative controls. Genomic bands can be seen for many ELF3 amplifications."
2001  analysed lymph nodes from breast cancer and normal patients and suggest that MGB1 is a more sensitive and more specific RT-PCR marker than a panel of six other markers that included CEA  CK19 and MUC1 .,"Figure-2 Expression of seven RT-PCR markers in 5 separate single MDA-MB-453 cells lysed with 100 normal PBMNC. Lane M – pUC19/HpaII molecular weight marker. The following 3 lanes are amplifications from 100 PBMNC only. The following 5 lanes are amplifications from one MDA-MB-453 cell in 100 PBMNC, Lane C is the cDNA positive control, Lane G is the genomic DNA control (G), Lane R is the RT – negative control; Lanes labelled N are the PCR negative controls. Genomic bands can be seen for many ELF3 amplifications."
MGB1 transcripts were not detected by us in any of the PBMNC only aliquots.,"Figure-2 Expression of seven RT-PCR markers in 5 separate single MDA-MB-453 cells lysed with 100 normal PBMNC. Lane M – pUC19/HpaII molecular weight marker. The following 3 lanes are amplifications from 100 PBMNC only. The following 5 lanes are amplifications from one MDA-MB-453 cell in 100 PBMNC, Lane C is the cDNA positive control, Lane G is the genomic DNA control (G), Lane R is the RT – negative control; Lanes labelled N are the PCR negative controls. Genomic bands can be seen for many ELF3 amplifications."
In our hands  MGB1 transcripts were only detected in 9/35  26%  of the single tumor cells tested but because this marker is mammaryspecific  its inclusion in a panel of RT-PCR markers is warranted.,"Figure-2 Expression of seven RT-PCR markers in 5 separate single MDA-MB-453 cells lysed with 100 normal PBMNC. Lane M – pUC19/HpaII molecular weight marker. The following 3 lanes are amplifications from 100 PBMNC only. The following 5 lanes are amplifications from one MDA-MB-453 cell in 100 PBMNC, Lane C is the cDNA positive control, Lane G is the genomic DNA control (G), Lane R is the RT – negative control; Lanes labelled N are the PCR negative controls. Genomic bands can be seen for many ELF3 amplifications."
It is possible that the sensitivity with this marker can be improved if more PCR cycles are performed.,"Figure-2 Expression of seven RT-PCR markers in 5 separate single MDA-MB-453 cells lysed with 100 normal PBMNC. Lane M – pUC19/HpaII molecular weight marker. The following 3 lanes are amplifications from 100 PBMNC only. The following 5 lanes are amplifications from one MDA-MB-453 cell in 100 PBMNC, Lane C is the cDNA positive control, Lane G is the genomic DNA control (G), Lane R is the RT – negative control; Lanes labelled N are the PCR negative controls. Genomic bands can be seen for many ELF3 amplifications."
ELF3  also known as Epithelial-Specific with serine bo X  ESX   is a member of the Ets multigene family of transcriptional regulators and is localised to chromosome 1q32 in a region known to be amplified in 50% of early breast cancers.ELF3 mRNA expression is restricted to tissues of epithelial origin  including normal and malignant human mammary ductal epithelium with no expression reported in lympho-haematopoietic tissues.,"Figure-2 Expression of seven RT-PCR markers in 5 separate single MDA-MB-453 cells lysed with 100 normal PBMNC. Lane M – pUC19/HpaII molecular weight marker. The following 3 lanes are amplifications from 100 PBMNC only. The following 5 lanes are amplifications from one MDA-MB-453 cell in 100 PBMNC, Lane C is the cDNA positive control, Lane G is the genomic DNA control (G), Lane R is the RT – negative control; Lanes labelled N are the PCR negative controls. Genomic bands can be seen for many ELF3 amplifications."
In our assay  faint bands were visible at 188 bp both after 45 cycles  1/6  and after 55 cycles  5/30  in the PBMNC only aliquots.,"Figure-2 Expression of seven RT-PCR markers in 5 separate single MDA-MB-453 cells lysed with 100 normal PBMNC. Lane M – pUC19/HpaII molecular weight marker. The following 3 lanes are amplifications from 100 PBMNC only. The following 5 lanes are amplifications from one MDA-MB-453 cell in 100 PBMNC, Lane C is the cDNA positive control, Lane G is the genomic DNA control (G), Lane R is the RT – negative control; Lanes labelled N are the PCR negative controls. Genomic bands can be seen for many ELF3 amplifications."
However the strong intensity of the bands for the 40/43  93%  samples with a single tumor cell was considered indicative of a positive result in these cases.,"Figure-2 Expression of seven RT-PCR markers in 5 separate single MDA-MB-453 cells lysed with 100 normal PBMNC. Lane M – pUC19/HpaII molecular weight marker. The following 3 lanes are amplifications from 100 PBMNC only. The following 5 lanes are amplifications from one MDA-MB-453 cell in 100 PBMNC, Lane C is the cDNA positive control, Lane G is the genomic DNA control (G), Lane R is the RT – negative control; Lanes labelled N are the PCR negative controls. Genomic bands can be seen for many ELF3 amplifications."
Decreasing the cycle number to 35 eliminated the weak band in the PBMNC only aliquots  0/15   yet still allowed consistent detection of the tumor cells in our assay  15/16 -94%  and therefore ELF3 is a useful marker for inclusion in our panel.,"Figure-2 Expression of seven RT-PCR markers in 5 separate single MDA-MB-453 cells lysed with 100 normal PBMNC. Lane M – pUC19/HpaII molecular weight marker. The following 3 lanes are amplifications from 100 PBMNC only. The following 5 lanes are amplifications from one MDA-MB-453 cell in 100 PBMNC, Lane C is the cDNA positive control, Lane G is the genomic DNA control (G), Lane R is the RT – negative control; Lanes labelled N are the PCR negative controls. Genomic bands can be seen for many ELF3 amplifications."
EphB4 is a member of the Eph family of receptor protein tyrosine kinases and has recently been reported to be upregulated in cancers from prostate  breast  endometrium  lung and colon.,"Figure-2 Expression of seven RT-PCR markers in 5 separate single MDA-MB-453 cells lysed with 100 normal PBMNC. Lane M – pUC19/HpaII molecular weight marker. The following 3 lanes are amplifications from 100 PBMNC only. The following 5 lanes are amplifications from one MDA-MB-453 cell in 100 PBMNC, Lane C is the cDNA positive control, Lane G is the genomic DNA control (G), Lane R is the RT – negative control; Lanes labelled N are the PCR negative controls. Genomic bands can be seen for many ELF3 amplifications."
It is thought to play an important role in the development and oncogenesis of various tissues through modifications to cell-cell communication and adhesion.,"Figure-2 Expression of seven RT-PCR markers in 5 separate single MDA-MB-453 cells lysed with 100 normal PBMNC. Lane M – pUC19/HpaII molecular weight marker. The following 3 lanes are amplifications from 100 PBMNC only. The following 5 lanes are amplifications from one MDA-MB-453 cell in 100 PBMNC, Lane C is the cDNA positive control, Lane G is the genomic DNA control (G), Lane R is the RT – negative control; Lanes labelled N are the PCR negative controls. Genomic bands can be seen for many ELF3 amplifications."
Although EphB4 was detected in some PB-MNC cell only controls at 55 cycles the level of intensity of the corresponding bands on agarose gels was low and decreasing the cycle number to 45 resulted in no positive samples out of 21 tests.,"Figure-2 Expression of seven RT-PCR markers in 5 separate single MDA-MB-453 cells lysed with 100 normal PBMNC. Lane M – pUC19/HpaII molecular weight marker. The following 3 lanes are amplifications from 100 PBMNC only. The following 5 lanes are amplifications from one MDA-MB-453 cell in 100 PBMNC, Lane C is the cDNA positive control, Lane G is the genomic DNA control (G), Lane R is the RT – negative control; Lanes labelled N are the PCR negative controls. Genomic bands can be seen for many ELF3 amplifications."
Using EphB4 specific primers with 45 cycles we could detect 77.5% of single tumor cells  31/ 40  proving this to be an useful marker in this assay.,"Figure-2 Expression of seven RT-PCR markers in 5 separate single MDA-MB-453 cells lysed with 100 normal PBMNC. Lane M – pUC19/HpaII molecular weight marker. The following 3 lanes are amplifications from 100 PBMNC only. The following 5 lanes are amplifications from one MDA-MB-453 cell in 100 PBMNC, Lane C is the cDNA positive control, Lane G is the genomic DNA control (G), Lane R is the RT – negative control; Lanes labelled N are the PCR negative controls. Genomic bands can be seen for many ELF3 amplifications."
The various markers used here show different degrees of heterogeneity i.e the numbers of single tumor cells that they are detected in.,"Figure-2 Expression of seven RT-PCR markers in 5 separate single MDA-MB-453 cells lysed with 100 normal PBMNC. Lane M – pUC19/HpaII molecular weight marker. The following 3 lanes are amplifications from 100 PBMNC only. The following 5 lanes are amplifications from one MDA-MB-453 cell in 100 PBMNC, Lane C is the cDNA positive control, Lane G is the genomic DNA control (G), Lane R is the RT – negative control; Lanes labelled N are the PCR negative controls. Genomic bands can be seen for many ELF3 amplifications."
Interestingly  the more heterogeneous markers also gave the least false positives in the controls.,"Figure-2 Expression of seven RT-PCR markers in 5 separate single MDA-MB-453 cells lysed with 100 normal PBMNC. Lane M – pUC19/HpaII molecular weight marker. The following 3 lanes are amplifications from 100 PBMNC only. The following 5 lanes are amplifications from one MDA-MB-453 cell in 100 PBMNC, Lane C is the cDNA positive control, Lane G is the genomic DNA control (G), Lane R is the RT – negative control; Lanes labelled N are the PCR negative controls. Genomic bands can be seen for many ELF3 amplifications."
It is unclear whether this is due to the sensitivity of the test or due to stochastic differences in whether a cell expresses a transcript or not.,"Figure-2 Expression of seven RT-PCR markers in 5 separate single MDA-MB-453 cells lysed with 100 normal PBMNC. Lane M – pUC19/HpaII molecular weight marker. The following 3 lanes are amplifications from 100 PBMNC only. The following 5 lanes are amplifications from one MDA-MB-453 cell in 100 PBMNC, Lane C is the cDNA positive control, Lane G is the genomic DNA control (G), Lane R is the RT – negative control; Lanes labelled N are the PCR negative controls. Genomic bands can be seen for many ELF3 amplifications."
Heterogeneity at the single cell level must be taken into account when designing an RT-PCR assay and this study is the first one to address this.,"Figure-2 Expression of seven RT-PCR markers in 5 separate single MDA-MB-453 cells lysed with 100 normal PBMNC. Lane M – pUC19/HpaII molecular weight marker. The following 3 lanes are amplifications from 100 PBMNC only. The following 5 lanes are amplifications from one MDA-MB-453 cell in 100 PBMNC, Lane C is the cDNA positive control, Lane G is the genomic DNA control (G), Lane R is the RT – negative control; Lanes labelled N are the PCR negative controls. Genomic bands can be seen for many ELF3 amplifications."
Using a panel of several markers will reduce this source of error.,"Figure-2 Expression of seven RT-PCR markers in 5 separate single MDA-MB-453 cells lysed with 100 normal PBMNC. Lane M – pUC19/HpaII molecular weight marker. The following 3 lanes are amplifications from 100 PBMNC only. The following 5 lanes are amplifications from one MDA-MB-453 cell in 100 PBMNC, Lane C is the cDNA positive control, Lane G is the genomic DNA control (G), Lane R is the RT – negative control; Lanes labelled N are the PCR negative controls. Genomic bands can be seen for many ELF3 amplifications."
This can be seen in table 3 where nearly every tumour cell is positive for more than one marker.,"Figure-2 Expression of seven RT-PCR markers in 5 separate single MDA-MB-453 cells lysed with 100 normal PBMNC. Lane M – pUC19/HpaII molecular weight marker. The following 3 lanes are amplifications from 100 PBMNC only. The following 5 lanes are amplifications from one MDA-MB-453 cell in 100 PBMNC, Lane C is the cDNA positive control, Lane G is the genomic DNA control (G), Lane R is the RT – negative control; Lanes labelled N are the PCR negative controls. Genomic bands can be seen for many ELF3 amplifications."
One T-47D cell is negative for all 5 markers tested and it is possible that this cell was not viable at the time of selection.,"Figure-2 Expression of seven RT-PCR markers in 5 separate single MDA-MB-453 cells lysed with 100 normal PBMNC. Lane M – pUC19/HpaII molecular weight marker. The following 3 lanes are amplifications from 100 PBMNC only. The following 5 lanes are amplifications from one MDA-MB-453 cell in 100 PBMNC, Lane C is the cDNA positive control, Lane G is the genomic DNA control (G), Lane R is the RT – negative control; Lanes labelled N are the PCR negative controls. Genomic bands can be seen for many ELF3 amplifications."
The need to be both specific and sensitive may entail finding a balance between the specificity and sensitivity.,"Figure-2 Expression of seven RT-PCR markers in 5 separate single MDA-MB-453 cells lysed with 100 normal PBMNC. Lane M – pUC19/HpaII molecular weight marker. The following 3 lanes are amplifications from 100 PBMNC only. The following 5 lanes are amplifications from one MDA-MB-453 cell in 100 PBMNC, Lane C is the cDNA positive control, Lane G is the genomic DNA control (G), Lane R is the RT – negative control; Lanes labelled N are the PCR negative controls. Genomic bands can be seen for many ELF3 amplifications."
Our findings in the PBMNC suggest that illegitimate transcription occurs in all cells rather than a subset.,"Figure-2 Expression of seven RT-PCR markers in 5 separate single MDA-MB-453 cells lysed with 100 normal PBMNC. Lane M – pUC19/HpaII molecular weight marker. The following 3 lanes are amplifications from 100 PBMNC only. The following 5 lanes are amplifications from one MDA-MB-453 cell in 100 PBMNC, Lane C is the cDNA positive control, Lane G is the genomic DNA control (G), Lane R is the RT – negative control; Lanes labelled N are the PCR negative controls. Genomic bands can be seen for many ELF3 amplifications."
When large numbers of cells are present or the assay is very sensitive  false positives will be common.,"Figure-2 Expression of seven RT-PCR markers in 5 separate single MDA-MB-453 cells lysed with 100 normal PBMNC. Lane M – pUC19/HpaII molecular weight marker. The following 3 lanes are amplifications from 100 PBMNC only. The following 5 lanes are amplifications from one MDA-MB-453 cell in 100 PBMNC, Lane C is the cDNA positive control, Lane G is the genomic DNA control (G), Lane R is the RT – negative control; Lanes labelled N are the PCR negative controls. Genomic bands can be seen for many ELF3 amplifications."
ELF3 had a fairly high false positive rate of amplification in PBMNC at 45 cycles presumably due to detecting illegitimate transcription in a very small number of these cells.,"Figure-2 Expression of seven RT-PCR markers in 5 separate single MDA-MB-453 cells lysed with 100 normal PBMNC. Lane M – pUC19/HpaII molecular weight marker. The following 3 lanes are amplifications from 100 PBMNC only. The following 5 lanes are amplifications from one MDA-MB-453 cell in 100 PBMNC, Lane C is the cDNA positive control, Lane G is the genomic DNA control (G), Lane R is the RT – negative control; Lanes labelled N are the PCR negative controls. Genomic bands can be seen for many ELF3 amplifications."
However  ELF3 was one of the more robust markers giving very strong amplification of single tumour cells at 45 cycles.,"Figure-2 Expression of seven RT-PCR markers in 5 separate single MDA-MB-453 cells lysed with 100 normal PBMNC. Lane M – pUC19/HpaII molecular weight marker. The following 3 lanes are amplifications from 100 PBMNC only. The following 5 lanes are amplifications from one MDA-MB-453 cell in 100 PBMNC, Lane C is the cDNA positive control, Lane G is the genomic DNA control (G), Lane R is the RT – negative control; Lanes labelled N are the PCR negative controls. Genomic bands can be seen for many ELF3 amplifications."
Amplification from the controls was eliminated when only 35 cycles of amplification were performed.,"Figure-2 Expression of seven RT-PCR markers in 5 separate single MDA-MB-453 cells lysed with 100 normal PBMNC. Lane M – pUC19/HpaII molecular weight marker. The following 3 lanes are amplifications from 100 PBMNC only. The following 5 lanes are amplifications from one MDA-MB-453 cell in 100 PBMNC, Lane C is the cDNA positive control, Lane G is the genomic DNA control (G), Lane R is the RT – negative control; Lanes labelled N are the PCR negative controls. Genomic bands can be seen for many ELF3 amplifications."
Because only a small amount of product was amplified after 45 cycles in these controls we could distinguish samples that contained tumor cells and those that did not through comparison of the intensity of bands.,"Figure-2 Expression of seven RT-PCR markers in 5 separate single MDA-MB-453 cells lysed with 100 normal PBMNC. Lane M – pUC19/HpaII molecular weight marker. The following 3 lanes are amplifications from 100 PBMNC only. The following 5 lanes are amplifications from one MDA-MB-453 cell in 100 PBMNC, Lane C is the cDNA positive control, Lane G is the genomic DNA control (G), Lane R is the RT – negative control; Lanes labelled N are the PCR negative controls. Genomic bands can be seen for many ELF3 amplifications."
This suggests that this and similar markers will be useful in a real-time PCR methodology where positive signals can be more readily differentiated from background signals.,"Figure-2 Expression of seven RT-PCR markers in 5 separate single MDA-MB-453 cells lysed with 100 normal PBMNC. Lane M – pUC19/HpaII molecular weight marker. The following 3 lanes are amplifications from 100 PBMNC only. The following 5 lanes are amplifications from one MDA-MB-453 cell in 100 PBMNC, Lane C is the cDNA positive control, Lane G is the genomic DNA control (G), Lane R is the RT – negative control; Lanes labelled N are the PCR negative controls. Genomic bands can be seen for many ELF3 amplifications."
As mentioned  one question is whether cell lines are truly representative of circulating tumor cells.,"Figure-2 Expression of seven RT-PCR markers in 5 separate single MDA-MB-453 cells lysed with 100 normal PBMNC. Lane M – pUC19/HpaII molecular weight marker. The following 3 lanes are amplifications from 100 PBMNC only. The following 5 lanes are amplifications from one MDA-MB-453 cell in 100 PBMNC, Lane C is the cDNA positive control, Lane G is the genomic DNA control (G), Lane R is the RT – negative control; Lanes labelled N are the PCR negative controls. Genomic bands can be seen for many ELF3 amplifications."
A large number of circulating tumor cells are believed to be in G0  whereas the cell line controls used are from log phase cells.,"Figure-2 Expression of seven RT-PCR markers in 5 separate single MDA-MB-453 cells lysed with 100 normal PBMNC. Lane M – pUC19/HpaII molecular weight marker. The following 3 lanes are amplifications from 100 PBMNC only. The following 5 lanes are amplifications from one MDA-MB-453 cell in 100 PBMNC, Lane C is the cDNA positive control, Lane G is the genomic DNA control (G), Lane R is the RT – negative control; Lanes labelled N are the PCR negative controls. Genomic bands can be seen for many ELF3 amplifications."
We compared the expression of ELF3  EphB4 and EGFR in cells grown under conditions of serum starvation  during log phase and at full confluence  data not shown .,"Figure-2 Expression of seven RT-PCR markers in 5 separate single MDA-MB-453 cells lysed with 100 normal PBMNC. Lane M – pUC19/HpaII molecular weight marker. The following 3 lanes are amplifications from 100 PBMNC only. The following 5 lanes are amplifications from one MDA-MB-453 cell in 100 PBMNC, Lane C is the cDNA positive control, Lane G is the genomic DNA control (G), Lane R is the RT – negative control; Lanes labelled N are the PCR negative controls. Genomic bands can be seen for many ELF3 amplifications."
We saw no appreciable difference in the expression levels of any of these 3 genes under any of the conditions tested.,"Figure-2 Expression of seven RT-PCR markers in 5 separate single MDA-MB-453 cells lysed with 100 normal PBMNC. Lane M – pUC19/HpaII molecular weight marker. The following 3 lanes are amplifications from 100 PBMNC only. The following 5 lanes are amplifications from one MDA-MB-453 cell in 100 PBMNC, Lane C is the cDNA positive control, Lane G is the genomic DNA control (G), Lane R is the RT – negative control; Lanes labelled N are the PCR negative controls. Genomic bands can be seen for many ELF3 amplifications."
Whereas it is difficult to model the clinical situation  where patterns of gene expression are likely to be heterogeneous  the assay presented in this communication is useful for testing potential RT-PCR markers and as a meaningful control in the determination of the presence of disseminated tumor cells in clinical samples.,"Figure-2 Expression of seven RT-PCR markers in 5 separate single MDA-MB-453 cells lysed with 100 normal PBMNC. Lane M – pUC19/HpaII molecular weight marker. The following 3 lanes are amplifications from 100 PBMNC only. The following 5 lanes are amplifications from one MDA-MB-453 cell in 100 PBMNC, Lane C is the cDNA positive control, Lane G is the genomic DNA control (G), Lane R is the RT – negative control; Lanes labelled N are the PCR negative controls. Genomic bands can be seen for many ELF3 amplifications."
To fully validate these markers  a clinical study using immunomagnetically enriched cells from patients is needed.,"Figure-2 Expression of seven RT-PCR markers in 5 separate single MDA-MB-453 cells lysed with 100 normal PBMNC. Lane M – pUC19/HpaII molecular weight marker. The following 3 lanes are amplifications from 100 PBMNC only. The following 5 lanes are amplifications from one MDA-MB-453 cell in 100 PBMNC, Lane C is the cDNA positive control, Lane G is the genomic DNA control (G), Lane R is the RT – negative control; Lanes labelled N are the PCR negative controls. Genomic bands can be seen for many ELF3 amplifications."
Such a study is currently in progress.,"Figure-2 Expression of seven RT-PCR markers in 5 separate single MDA-MB-453 cells lysed with 100 normal PBMNC. Lane M – pUC19/HpaII molecular weight marker. The following 3 lanes are amplifications from 100 PBMNC only. The following 5 lanes are amplifications from one MDA-MB-453 cell in 100 PBMNC, Lane C is the cDNA positive control, Lane G is the genomic DNA control (G), Lane R is the RT – negative control; Lanes labelled N are the PCR negative controls. Genomic bands can be seen for many ELF3 amplifications."
Immunobead RT-PCR is a powerful methodology for the detection of disseminated carcinoma cells.,"Figure-2 Expression of seven RT-PCR markers in 5 separate single MDA-MB-453 cells lysed with 100 normal PBMNC. Lane M – pUC19/HpaII molecular weight marker. The following 3 lanes are amplifications from 100 PBMNC only. The following 5 lanes are amplifications from one MDA-MB-453 cell in 100 PBMNC, Lane C is the cDNA positive control, Lane G is the genomic DNA control (G), Lane R is the RT – negative control; Lanes labelled N are the PCR negative controls. Genomic bands can be seen for many ELF3 amplifications."
We need RT-PCR assays that are sensitive enough to detect very low numbers of captured carcinoma cells As haematopoietic cells may be non-specifically retained during immunomagnetic enrichment of epithelial cells  these RT-PCR markers also need to be tested for their specificity.,"Figure-2 Expression of seven RT-PCR markers in 5 separate single MDA-MB-453 cells lysed with 100 normal PBMNC. Lane M – pUC19/HpaII molecular weight marker. The following 3 lanes are amplifications from 100 PBMNC only. The following 5 lanes are amplifications from one MDA-MB-453 cell in 100 PBMNC, Lane C is the cDNA positive control, Lane G is the genomic DNA control (G), Lane R is the RT – negative control; Lanes labelled N are the PCR negative controls. Genomic bands can be seen for many ELF3 amplifications."
A set of RT-PCR markers has been tested for their ability to detect a single carcinoma cell using a single round of PCR and ethidium bromide visualization.,"Figure-2 Expression of seven RT-PCR markers in 5 separate single MDA-MB-453 cells lysed with 100 normal PBMNC. Lane M – pUC19/HpaII molecular weight marker. The following 3 lanes are amplifications from 100 PBMNC only. The following 5 lanes are amplifications from one MDA-MB-453 cell in 100 PBMNC, Lane C is the cDNA positive control, Lane G is the genomic DNA control (G), Lane R is the RT – negative control; Lanes labelled N are the PCR negative controls. Genomic bands can be seen for many ELF3 amplifications."
We have identified six useful markers that include the previously described markers EpCAM  EGFR  CEA and MGB1 as well as two novel markers EphB4  and ELF3.,"Figure-2 Expression of seven RT-PCR markers in 5 separate single MDA-MB-453 cells lysed with 100 normal PBMNC. Lane M – pUC19/HpaII molecular weight marker. The following 3 lanes are amplifications from 100 PBMNC only. The following 5 lanes are amplifications from one MDA-MB-453 cell in 100 PBMNC, Lane C is the cDNA positive control, Lane G is the genomic DNA control (G), Lane R is the RT – negative control; Lanes labelled N are the PCR negative controls. Genomic bands can be seen for many ELF3 amplifications."
This panel of markers should allow the detection of virtually every tumor cell and this means that a positive result will be obtained each time an immunobead harvest has captured at least one breast cancer cell.,"Figure-2 Expression of seven RT-PCR markers in 5 separate single MDA-MB-453 cells lysed with 100 normal PBMNC. Lane M – pUC19/HpaII molecular weight marker. The following 3 lanes are amplifications from 100 PBMNC only. The following 5 lanes are amplifications from one MDA-MB-453 cell in 100 PBMNC, Lane C is the cDNA positive control, Lane G is the genomic DNA control (G), Lane R is the RT – negative control; Lanes labelled N are the PCR negative controls. Genomic bands can be seen for many ELF3 amplifications."
Most of these markers will also be useful in the analysis of other carcinomas such as colon  lung and prostate.,"Figure-2 Expression of seven RT-PCR markers in 5 separate single MDA-MB-453 cells lysed with 100 normal PBMNC. Lane M – pUC19/HpaII molecular weight marker. The following 3 lanes are amplifications from 100 PBMNC only. The following 5 lanes are amplifications from one MDA-MB-453 cell in 100 PBMNC, Lane C is the cDNA positive control, Lane G is the genomic DNA control (G), Lane R is the RT – negative control; Lanes labelled N are the PCR negative controls. Genomic bands can be seen for many ELF3 amplifications."
