Sentences,length,sent_fig_caption-1,sent_fig_caption-2,sent_fig_caption-3
CD4+ T cells and their cytokine products play an important role in rheumatoid arthritis  RA  and experimental models of arthritis  therefore representing potential therapeutic targets .,25,1.18981535200559,1.17460932934586,1.20348536288156
A specific therapeutic approach is the direct targeting of CD4+ T cells by use of monoclonal antibodies  mAbs  against the CD4 coreceptor.,22,1.21679388590206,1.09683080476289,1.16077622324878
Anti-CD4 mAbs induce either cell depletion  or functional inactivation of T cells   although activation of T-cell functions has also been reported .,21,1.19801239525105,1.08926666823156,1.11718248040167
These contrasting effects may explain the variability in the clinical efficacy of different anti-CD4 mAbs in the treatment of RA  that is promising initial efficacy in open anti-CD4 trials   subsequent disappointing double-blind clinical trials  reviewed in    and  finally  a revival of the anti-CD4 treatment principle with new  humanized anti-CD4 mAbs .,50,1.13665107227873,1.17771027695441,1.18743588702257
The focus of the present study was to analyze the effects of the anti-CD4 mAbs W3/25  OX35  and RIB5/2 in rat adjuvant arthritis  AA   a well-known  clearly CD4+ T-celldependent experimental arthritis model .,32,1.06059820270388,1.17814216939974,1.174703063901
These mAbs target different epitopes of the CD4 molecule and do not compete for CD4 binding .,16,1.22695066623766,1.15411376381326,1.16374065023061
They are equally effective in suppressing AA upon treatment of established disease   and authors own unpublished observations .,17,1.10271222797973,1.23724919891896,1.23035363658224
In contrast  preventive treatment with the anti-CD4 mAbs W3/25  OX35  and RIB5/2  on days -1  0  3  and 6  that is 1 day before AA induction  on the day of induction   and thereafter  had opposite effects in the induction phase of AA.,42,0.718661504945758,1.09764605779072,1.08355834834918
In order to explain this differential efficacy  several parameters were analyzed.,11,1.23276389265983,1.25745886468552,1.23784978299586
For animals  arthritis model  antibodies  and affinity determination  surface plasmon resonance   see Supplementary material.,14,1.20426010036439,1.20209569416949,1.21003851812671
T-cell reactivity was measured in vivo by delayed-type hypersensitivity  DTH  and in vitro by proliferation assay or mixed lymphocyte culture  and cytokines were measured by bioassay or ELISA  see Supplementary material  for tumor necrosis factor  TNF -α  .,37,1.24071050202601,1.12555631565889,1.18051475707031
Cells were stimulated by preincubation with anti-CD4 mAbs and subsequent stimulation of TCRs.,13,1.22469243267635,1.05657364171439,1.13812797399293
Electrophoretic mobility shift assay  EMSA  was as described in the Supplementary material.,12,1.3045413632542,1.27879470907688,1.20204554686644
For statistical analysis  we used the Mann-Whitney  U  test/Spearman rank correlation  P ≤ 0.05,15,1.15026260749463,1.05076702558128,1.01808063954069
Preventive treatment with the anti-CD4 mAbs W3/25 and OX35 led to a marked  significant suppression of the arthritis score from day 13 to 30 in comparison with phosphate-buffered saline  PBS -treated animals  P ≤ 0.05  Figure-1 .,37,0.713291430199632,0.93664728608773,0.930744353999993
In contrast  the anti-CD4 mAb RIB5/2 significantly accelerated the onset of the arthritis by approximately 2 days  P ≤ 0.01  days 11  12  see Figure-1   resulting in an aggravated clinical score on these days  and ameliorated clinical signs only from day 27  P ≤ 0.05  see Figure-1 .,49,0.698841643835933,0.962719345874015,1.00929044338884
The accelerating effect of the mAb RIB5/2 was reproduced in two additional treatment experiments  and this effect was observed despite a variable onset of AA in the PBStreated animals  day 9 to 11  that is in all experiments  the onset of AA occurred 2 days earlier than in the controls.,50,0.80044797527218,1.08061402254518,1.08883742603575
In order to identify potential mechanisms for these differential effects  the molecular properties of the mAbs and their influence on T-cell effector functions in vivo and in vitro were investigated.,30,1.23764729786345,1.17899703152755,1.17711801693544
For the sake of simplicity  we refer to the mAb RIB5/2 as 'accelerating'  although this term is applicable only to the onset of AA  and the mAbs W3/25 and OX35 as 'ameliorating'.,32,1.15411808722471,1.1654846235171,1.22203562330125
Calculation of the affinity constant  K A   resulted in comparable values for OX35 and RIB5/2  see Supplementary  Table 1 .,19,1.15546490280533,1.19357276584601,1.16913085723303
In contrast  the affinity of W3/25 was 50-fold that for the two other mAbs.,14,1.20437942807014,1.13504955908167,1.13925379735279
While the association rate constants  k ass   for all three mAbs were within the same order of magnitude  striking differences  up to 40-fold  were observed for the dissociation rate constants  k diss  .,32,1.16080259917718,1.11149867536556,1.07383318717762
Thus  although differences in overall affinity did not match differential clinical efficacy  the accelerating mAb RIB5/2 displayed the highest k diss .,21,1.17234558779803,1.11468633171829,1.16457170839304
T-cell reactivity was investigated on day 13 of AA  that is when the clinical differences between the accelerating and ameliorating anti-CD4 mAbs were maximal.,24,0.994396223419001,1.12326183813636,1.1650016844984
Compared to the PBS-treated control group  the ameliorating mAb OX35 induced a significant increase of the DTH in response to the arthritogen Mycobacterium tuberculosis   Supplementary Figure-1 .,26,1.12594884795859,1.03581453562521,1.07502357575851
The other ameliorating anti-CD4 mAb  W3/25  also induced an increase  but statistical significance was not reached.,16,1.20221860277509,1.06377908152383,1.12918744497214
In contrast  treatment with the accelerating anti-CD4 mAb  RIB5/2  had virtually no influence on the DTH.,16,1.13195180394397,1.11640616039696,1.19484311975442
Upon stimulation with concanavalin A  ConA   total T cells from RIB5/2-treated animals showed lower proliferation rates than those from W3/25-or OX35-treated rats   Supplementary Figure-2 .,24,1.18256688675416,1.08624503786931,1.17270756054943
In the mixed lymphocyte culture  RIB5/2 was also the most potent inhibitor of T-cell activation in the case of total T cells  however  this was not observed in purified CD4+ T cells   Supplementary  Figure-4 .,34,1.21783536732968,1.11523500458415,1.170175839423
To simulate the preventive therapeutic application in AA  that is the activation of CD4+ T cells in the presence of anti-CD4 mAbs  purified spleen CD4+ T cells were incubated with anti-CD4 mAb and  after cross-linking  stimulated with plate-bound anti-TCRα/β mAb  so called anti-CD4 preincubation .,44,1.13902430438843,1.00966409483084,1.12551081096626
Interestingly  anti-CD4 preincubation with the accelerating anti-CD4 mAb RIB5/2 led to a significantly higher TNF-α secretion  in comparison both with the isotype control and with the two other anti-CD4 mAbs  W3/25 and OX35  Figure-2 .,34,1.10853698075267,0.825663826646607,0.981709066050546
Differential induction of TNF-α by RIB5/2 was also seen after CD4-cross-linking on the CD4+ T-cell clone A2b or on TCR-stimulated CD4+ T-cell blasts  both data sets not shown .,28,1.19918239236441,1.1862803986757,1.15526120722197
For IFN-γ  IL-10  and IL-4  see Supplementary material.,8,1.28872598190206,1.28908284760742,1.27920185547865
Because the three anti-CD4 mAbs recognize distinct epitopes of the CD4 molecule  which is involved in signaling cascades  the influence of these mAbs on early signaling events was also investigated.,30,1.18181772151312,1.11368972020735,1.12390682657176
No influence at all of the anti-CD4 mAbs was found for calcium influx  primary CD4+ spleen T cells   phosphorylation of src-homologydomain-containing protein  Shc   or the translocation of nuclear factor of activated T cells  NF-AT   both primary CD4+ T cells and clone A2b   and the activity of p59 fyn  A2b .,49,1.21582641641422,1.10191865940811,1.09184705282938
The activity of the CD4-associated p56 lck after CD4 cross-linking  A2b  was comparably increased by all three anti-CD4 mAbs  all the data not shown .,24,1.15686292144355,1.09045972468342,0.973804963911367
The binding activities of the transcription factors activator protein-1  AP-1  and NF-κB were determined in nuclear extracts of spleen CD4+ T cells preincubated with anti-CD4 mAbs Figure-3,26,1.23562683604831,1.07075875003801,1.03764040420062
The activity of AP-1 was slightly but significantly decreased by pretreatment with all three anti-CD4 mAbs  to a similar degree  Figure-3 .,21,1.12774979294103,1.02301468901799,0.934712262824058
Interestingly  preincubation with the accelerating anti-CD4 mAb  RIB5/2  induced a significantly higher binding activity of NF-κB than did preincubation with the ameliorating W3/25 and OX35  which only moderately increased the NF-κB binding activity  see Figure-3 .,35,1.17495419030693,1.03855344083432,1.09355298998926
The present study shows differential clinical efficacy of three anti-CD4 mAbs in the preventive treatment of AA.,17,1.03141663620017,1.14074174797124,1.1137357507917
The lack of differential clinical efficacy of the same mAbs in established AA may be explained by a completely divergent immunological constellation in connection with the known differential effects of anti-CD4 mAbs on naive and memory T cells.,38,1.15784084871799,1.11626491031884,1.16274995463157
Although successful treatment with anti-CD4 mAbs has been achieved in various arthritis models   there is no evidence for a differential efficacy of anti-CD4 mAbs in arthritis models to date.,29,1.09461433276886,1.17128009830209,1.18478584726392
Thus  this finding may represent the experimental counterpart of the conflicting results observed thus far in studies of human RA .,20,1.22776186583158,1.22539644638924,1.20104741179342
In contrast to a reported study of experimental allergic encephalomyelitis   the present study did not confirm a role for the mAb isotype in AA  as the isotypes of the three anti-CD4 mAbs did not match their differential preventive effects in AA.,41,1.07492598008663,1.07028258890699,1.10097849827857
The ameliorating mAb W3/25 had a very high affinity  as previously reported   whereas the affinity of the other ameliorating mAb  OX35  was comparable to that of the accelerating mAb  RIB5/2.,30,1.21797044520542,1.11722010934843,1.18825215488284
On the other hand  a contribution of the strikingly higher k diss of the mAb RIB5/2 to its differential clinical effects cannot be excluded  in analogy to high and low k diss for agonistic and antagonistic TCR-peptides  respectively .,38,1.20187473809331,1.13761971024187,1.16648970312853
In spite of these considerations  recognition of different epitopes by the mAbs   with distinct functional consequences for the target cells  remains the most likely explanation for their differential clinical efficacy .,30,1.19506767309785,1.12449804823784,1.15685583340022
While the binding sites of W3/25 and OX35 are situated in the C′-C′′ region of domain D1 and the B-C region of domain D2 of the CD4 molecule  respectively   we could roughly localize the epitope of RIB5/2 in the F-G region of domain D1  as demonstrated by effective competition with the mAb OX65  data not shown   known to bind this region of the CD4 molecule .,65,1.16388188896406,1.17091010567768,1.13292594142774
Binding of anti-CD4 mAbs to separate epitopes of the CD4 molecule could result in differential effects on T-cell functions by inducing distinct conformational changes of the extracellular and the intracellular parts of the CD4  resulting in modified interaction with other signaling molecules  as has been discussed recently with regard to the aspartate receptor .,53,1.19741962628446,1.1491690933152,1.13809491702322
In the present study  the ameliorating anti-CD4 mAbs W3/25 and OX35  but not the accelerating mAb  RIB5/2  numerically/significantly increased the DTH to the arthritogen M. tuberculosis.,26,1.18750165620012,1.08792402870781,1.15575899956501
In the total T-cell population  two of the three anti-CD4 mAbs  and in purified CD4+ T cells  all three anti-CD4 mAbs  increased the in vitro reactivity to ConA.,28,1.16921978183868,1.00361434324904,1.03595150526015
In the case of CD4+ T cells  this increased reactivity was negatively correlated with the clinical score of individual animals.,20,1.16909155583474,1.09180485792313,1.14209845519872
The successful mode of action of anti-CD4 mAbs in arthritides may therefore be based on increasing the reactivity of a subpopulation of regulatory T cells  an interpretation that is supported by: i  the increase of T-cell reactivity in some patients successfully treated with anti-CD4 mAbs   ii  an increased DTH to antigens like tetanus toxoid in less active versus active rheumatoid arthritis   iii  the reduced responsiveness to polyspecific stimulation of spleen cells from rats with acute AA in comparison with healthy animals   and iv  the almost complete restoration of T-cell responsiveness upon disease resolution/transition into the chronic phase .,97,1.0545751987853,1.01960829479771,1.07368124613439
The accelerating mAb RIB5/2 significantly increased the secretion of TNF-α  as observed in primary CD4+ T cells both upon anti-CD4 preincubation and upon CD4 crosslinking after stimulation with TCR  see Figure-2 .,31,1.16784462005455,0.960243719231798,1.12238576626137
In view of the known local and systemic importance of TNF-α in experimental AA  and human RA   this effect may contribute to the acceleration of the onset of AA after pretreatment with the mAb RIB5/2.,35,1.0987513619198,1.15683959785747,1.19084937285536
This finding may be important for the understanding of pathogenesis in arthritis despite predominant production of TNF-α by macrophages/monocytes  reviewed in    since TNF-α production by T cells has been demonstrated both in the synovial membrane  and in lymphoid organs  authors own unpublished observations .,43,1.20635632288429,1.15911496665118,1.20624377549961
Since TNF-α production is known to be regulated predominantly by NF-κB   it was revealing that the accelerating mAb  RIB5/2  besides inducing TNF-α secretion  also strongly upregulated NF-κB binding activity.,29,1.21705370029674,1.09418377736514,1.14422425076934
This was especially striking because binding of another major transcription factor involved in T-cell activation  AP-1   was even slightly downregulated by the anti-CD4 mAbs  in line with recently published data in murine cells .,33,1.17864676282527,1.11089952163723,1.05117882466271
These findings in our study support  again  the notion that NF-κB-mediated upregulation of TNF-α secretion  or vice versa  may contribute to the acceleration of disease onset in AA upon preventive treatment with RIB5/2.,33,1.07424254052082,1.23493009928693,1.24503620939843
The differential clinical efficacy of anti-CD4 mAbs is not restricted to arthritis but is also observed in transplantation models .,19,1.15835903678076,1.17787004323882,1.19082666637022
However while preventive treatment with the anti-CD4 mAb RIB5/2 leads to an acceleration of AA  it is a very effective anti-CD4 mAb for the induction of tolerance in transplantation models .,30,1.07025769101894,1.13371347277561,1.20311745270106
This indicates that clinical efficacy  and its time course  may depend on the actual immunological constellation and that a given anti-CD4 mAb may have beneficial effects only in particular pathologies and/or stages of disease.,34,1.18556901878563,1.18673275355308,1.21627058487134
From the results of the present study  it is evident that the individual features and effects of a particular anti-CD4 mAb have to be assessed before treatment trials in order to predict its clinical efficacy in vivo.,37,1.1425933927149,1.15806064575308,1.18647156104609
This may require several in vivo  ex vivo  or in vitro assays of T-cell function in order to reveal subtle differences between anti-CD4 mAbs.,24,1.20487467475299,1.15255257549951,1.1309329733722
Experimental models such as transgenic mice expressing human but not mouse CD4 may make it possible to address such questions in the future .,23,1.22126306375234,1.20343583057861,1.2311020039187
Recently  preclinical testing has been exploited in murine CD4-knockout/human CD4-transgenic  huCD4-transgenic  systems to assess the immunological effects of a particular anti-human-CD4 mAb in various disease models .,26,1.2116386372832,1.17177905841546,1.21152113541917
Analogous preclinical testing may prove useful also for the comparison of antihuman-CD4 mAbs targeting distinct epitopes.,16,1.18947472119177,1.09684040818505,1.09780505856508
