Sentences,length,sent_fig_caption-1,sent_fig_caption-2,sent_fig_caption-3,sent_fig_caption-4,sent_fig_caption-5
Chromosomal translocations are characteristic of many human cancers  and are especially well studied in leukaemias  lymphomas  and sarcomas.,18,1.21115022364019,1.20697800523596,1.18098412179636,1.26149416994594,1.21433012340437
Epithelial tumours also carry chromosomal translocations  but while those in leukaemias  lymphomas  and sarcomas tend to be reciprocal translocations  those in carcinomas are often non-reciprocal translocations.,26,1.22611920052413,1.25229194026092,1.18312337874929,1.27265451595845,1.23026508087381
The main outcomes of the reciprocal translocations are either forced oncogene expression  as found in lymphoid malignancies  or gene fusion  found in both leukaemias and sarcomas.,26,1.16758424772216,1.1905757022257,1.14367510061974,1.20251639126733,1.16696664541983
Gene fusion occurs when the translocation breakpoints are within the introns of genes  such that the two translocated chromosomes have new exon organisation  leading to the formation of chimaeric mRNA species and  in turn  chimaeric proteins.,36,1.12334982484859,1.24180096280934,1.12569761484844,1.20812076025417,1.20065463251635
Some translocations must function within stem cells to initiate disease while others function in both stem cells and more committed cells to provide related or distinct functions .,27,1.18892725703153,1.20023010604059,1.15523569321979,1.17625191615659,1.1923122807488
Different tumour phenotypes can result from specific versions of related fusion proteins  for instance  the Philadelphia t 9 22  translocation  which yields the BCR-ABL  fusion  occurs in both myeloid-and lymphoidlineage tumours  dictated by the position of the translocation junction within the BCR gene.,43,1.1076224158082,1.16235773571726,1.08760158771516,1.17943374345767,1.14277676546116
The biological consequences of the BCR-ABL fusion have been studied in relation to stem cell properties.,16,1.2238611049965,1.2315530527401,1.1858405574911,1.19170196689076,1.20088733159752
These studies show that the BCR-ABL fusion protein does not confer self-renewal potential on committed myeloid progenitors  whereas other translocation fusion proteins  e.g. MOZ-TIF2  do.,26,1.18474879759798,1.19551760000176,1.14066504828594,1.17740385076807,1.16392152303935
The MLL  mixed lineage leukaemia  gene has more than 30 known fusion partners  and retroviral transduction experiments with MLL-ENL fusion showed that the multipotent myeloid progenitors and committed myeloid progenitors could respond to an MLL fusion protein to become leukaemic  suggesting the existence of cancer stem cells distinct from multipotent stem cells of the tissue of origin.,57,1.1604157272883,1.15922212607156,1.07367934794078,1.13675821474092,1.15085630648524
While some translocations have these dual properties  others only function in committed cells such as those translocations mediated by the RAG-VDJ  recombinase activating gene and variable  joining  diversity regions  recombinase of the lymphoid lineage.,34,1.14487359494806,1.21174708117653,1.11512359239911,1.17535231271651,1.20796501695397
Thus  naturally occurring translocations  such as that of LMO2  LIM domain only 2  in T cell acute leukaemia  only function in committed cells.,23,1.16610208771565,1.16919367342508,1.0982240641668,1.10428432466827,1.16451113994734
Such issues are not confined to haematopoietic malignancies.,8,1.30666052943414,1.25694063315727,1.27844919282314,1.32283252640689,1.28895286455863
The EWS-FUS family  typically involved in sarcoma aetiology  exhibits characteristics of tumour initiators.,13,1.25808612557862,1.23335180880511,1.21807853857087,1.28434445397933,1.24681530941753
The EWS gene  at Chromosome 22 band q12  was first identified in Ewing's sarcoma by its association with FLI1 and ATF1 and subsequently found in subsets of Ewing's sarcoma with either ERG or ETV1  and E1F and FEV.,38,1.15006374784073,1.16729423842245,1.10381414788987,1.18025554327318,1.15943050055442
In addition  the EWS gene is involved in other sarcomas and with yet different partners  such as WT1  Wilms tumour 1 gene  in desmoplastic small round cell sarcoma or CHN in myxoid chondrosarcoma.,33,1.16429982680814,1.18933905408875,1.10806933558879,1.175837476579,1.14740671754225
A further ramification of this infidelity is that the FUS gene  first identified by its fusion with the CHOP gene in t 12 16  of malignant myxoid liposarcoma and related to the EWS gene  has also been found in Ewing's sarcoma fused with the ERG gene  but also a similar FUS-ERG fusion has been described in some acute myeloid leukaemias.,60,1.11102161711181,1.15894388130009,1.10670793752116,1.17962098672376,1.16486204253852
Finally  the EWS gene can also be involved with the CHOP gene by chromosomal translocation in malignant myxoid liposarcoma  analogous to FUS-CHOP.,22,1.1580604585659,1.24677877759766,1.15135446716917,1.24935106409786,1.22588359003683
The chromosomal translocations in Ewing's and other sarcomas are considered as primary initiating events.,14,1.21805276222159,1.26403158453522,1.20448445605733,1.28525790805263,1.24785571692356
Thus the EWS fusions function in the cancer precursor cell and are required throughout tumour formation until the emergence of the overt cancer  because the chromosomal translocation is present in the cancer at the time of presentation.,37,1.1847153409021,1.18522871970861,1.13811608174736,1.20192258349728,1.18289503060428
The fusion protein may therefore be instructive by imparting a phenotype on the cell by affecting a specific differentiation programme  which must be part of the genetic make-up of the cancer stem cell  since the chromosomal translocation is an initiating and persistent feature.,43,1.16612145829976,1.21210322364348,1.11421889281956,1.18058240011923,1.16531879384703
The pre-existing chromosomal translocation creates a cellular environment allowing secondary mutations to arise in progeny cells  resulting in overt cancer.,20,1.175574146902,1.22571572954361,1.13345700620958,1.18151107773848,1.19637870052287
Conditional mouse models of the EWS-and FUS-associated chromosomal translocations should give insights into how these fusions influence the malignant phenotype.,20,1.18526448340233,1.22864523316933,1.15873658597405,1.2314815504586,1.16319440298463
We have analysed whether EWS fusions function only in the domain of mesenchymal progenitors and whether they function in other cell lineages  specifically within committed cells  as has been demonstrated for MLL fusions.,33,1.14910040008181,1.17841403959185,1.08329815436316,1.1122269923098,1.13784755057841
We have developed mouse models mimicking chromosomal translocations by employing homologous recombination in embryonic stem  ES  cells to create mutant alleles in mice.,23,1.08888857051724,1.15231467798052,1.07823860692556,1.14143574609611,1.07846022659709
These methods were either the knock-in model  which involved fusing the MLL gene partner AF9 into the mouse Mll gene  resulting in acute myeloid leukaemias in mice  or the translocator model to give de novo chromosomal translocations  resulting in cell-specific leukaemias.,41,1.13259769252306,1.14189061324409,1.11261273623809,1.19318373150488,1.12729673376019
We have applied a new conditional chromosomal translocation model  designated the invertor model  to the EWS-ERG gene fusion to gain insights into the functional significance of the fusion protein in tumourigenesis.,31,1.11953160388109,1.22728584890501,1.14850668285942,1.2250019698082,1.21306791710308
Invertor mice are made by knocking a floxed cDNA cassette into the intron of a target gene downstream of the mouse exon equivalent to that usually involved in human chromosomal translocations.,31,0.979121660034028,1.145627900016,1.09473578924417,1.18030401955674,1.14888180706435
The floxed cassette is introduced into the intron in a reverse transcriptional orientation and can be inverted by Cre recombinase to create a transcription unit capable of generating an appropriate fusion mRNA  see below and Figure-1.,36,1.01242664594098,1.20833134664964,1.12400118454871,1.18760565010595,1.19505388131613
We have sought to determine whether an Ews-ERG fusion can be oncogenic in a cell type not generally associated with human tumours  specifically in lymphoid cells  and also to determine whether Ews-ERG fusion can initiate leukaemia from committed cells.,39,1.18397181889339,1.19933285884442,1.09860460505475,1.11434141534631,1.13567284350333
We found that clonal T cell lymphoma arose in the invertor model when Cre expression was controlled by the lymphocyte-specific Rag1 gene  showing that Ews-ERG is leukaemogenic in lymphoid cells.,30,1.11706625898259,1.1467559619387,1.04392501761448,1.12240785939601,1.11675309976795
Our results show that Ews-ERG can function as an oncogene in committed cells of mice and suggest that EWS-ERG is able to contribute to neoplasia in a variety of cellular contexts in vivo.,33,1.19616250933797,1.1310196063305,1.12003754779092,1.18425866808886,1.08188283223207
The use of homologous recombination to generate oncogene fusions was established with the creation of the Mll-AF9 mouse model.,19,1.11907134317714,1.22948624741225,1.1752661003431,1.22291524126442,1.19589056994187
We attempted a similar approach to make Ews fusions of the type found in specific human sarcomas and leukaemias  Figure-S1 shows sequences of Chop  ATF1  and Fli1 together with AF9 sequences used for the knock-in targeting clones .,37,1.06267977165958,1.14745328079765,1.09463709668074,1.17652424657374,1.13332771904894
While we were able to obtain homologous recombination knock-in clones either with a vector carrying only a transfer cassette or with the Ews-AF9 control fusion  no clones were obtained with any of the Ews fusions equivalent to those naturally found in human cancers.,43,1.01974256058338,1.18654484863892,1.10916105260714,1.16146326549423,1.14455282622191
Furthermore  chimaeras could be made with the Ews cassette and the Ews-AF9 knock-in Table S1 .,15,1.09055694166152,1.20633234208218,1.16649449005492,1.22850869057798,1.17953040182347
We concluded that Ews fusions of the type naturally associated with human cancers could be lethal in ES cells  obviating the generation of targeted cells.,25,1.17195263629781,1.22738352597451,1.13274354944417,1.15330987243963,1.19578680893147
We have recently developed a new conditional knock-in method based on inversion of a loxP-flanked cDNA cassette by Cre recombinase.,20,1.11707904706116,1.22020375060429,1.18829973094,1.22772414467587,1.20431898816073
This Ews-ERG invertor model is diagrammatically shown in Figure-1.,9,1.19150977502374,1.24622385216281,1.24535376503057,1.29699782952337,1.24731037752279
In outline  homologous recombination in mouse ES cells was used to introduce a floxed ERG cDNA cassette downstream of Ews exon 7.,22,0.988541911550558,1.21996018944452,1.08633853426492,1.09031091956311,1.1773133219162
The cassette comprised a short intronic sequence  an acceptor splice site  ERG cDNA  a polyA site  and a neomycin gene  to select homologous recombinant ES cells   placed in the opposite transcription orientation to the Ews gene.,36,0.854612162227204,1.24522455678288,1.09575380688645,1.15847272451665,1.20061291351216
Expression of Cre recombinase inverts the cassette  bringing the acceptor splice site into the correct orientation with the Ews exon 7 donor splice site  to allow post-transcriptional production of Ews-ERG fusion mRNA  Figure-1 shows the post-inversion genomic sequence at the junction of Ews and ERG .,45,0.873663115144377,1.18549705794201,1.0908913242401,1.18152865531625,1.19868578666828
Targeted ES cells were injected into blastocysts  and these yielded normal numbers of chimaeras  which gave rise to heterozygous carriers of the Ews-ERG invertor allele  invertor mice .,27,1.13451818340895,1.13714245110634,1.1061227066946,1.16848587493394,1.12340960223328
In these invertor mice  Ews-ERG protein can only be made after Cre-mediated inversion and thus can be cell-specifically dependent on Cre expression.,22,1.08979631399903,1.11343906532503,1.12720683272495,1.22090378604988,1.12913929614434
We investigated the ability of Ews-ERG fusion protein to contribute to leukaemogenesis by causing the inversion of the ERG-containing cassette in lymphoid cells using Rag1-Cre knock-in mice.,27,1.08287999219451,1.12084710852492,1.07853016015792,1.12782891638495,1.04159202495266
Out of the cohort of 29 mice carrying both Ews-ERG and Rag1-Cre genes  25 mice  86%  developed leukaemia associated with thymoma within 500 d  whereas the Ews-ERG-only cohort  20 mice  did not display neoplasia Figure-2 .,35,1.17909875409699,0.966177279425409,1.10722149844602,1.17931855098412,1.05089293704641
Blood smears at the time of sacrifice of Ews-ERG  Rag1-Cre mice typically showed elevated numbers of large leukocytes  with lymphoid morphology of different maturities  including lymphoblasts  Figure-2 .,27,1.20699099992062,0.997738716419284,1.13567985826202,1.19549851970522,1.09629819057956
In addition  bone marrow sections showed high levels of infiltrating lymphoblasts  Figure-2 .,12,1.24867979906712,1.09634018859181,1.16863117288027,1.20155820856918,1.18286049806089
The diseased mice all had large thymomas  usually associated with splenomegaly Table 1 and lymphadenopathy  and the histology of spleens showed either complete loss of normal architecture  loss of demarcated white and red pulp   partial loss  or normal architecture  Figure-S2 .,40,1.15692368250725,1.07968046860028,1.08725498150628,1.17933966941827,1.04521376540652
Similarly  the level of infiltration of leukaemic lymphocytes into liver and kidney varied  with some having large amounts of perivascular deposits and others marginal levels.,25,1.23944434935715,1.19426869088168,1.17308452781594,1.2070910719607,1.19217505797784
All mice had thymomas with homogeneous presence of large leukaemic cells.,11,1.23536866304569,1.09811203571053,1.12106052823297,1.16296609192114,1.0453536808367
These characteristics  together with evidence of clonal Tcrb gene rearrangements and expression of TCR-associated CD8 and CD4  see below   permit diagnosis of large cell anaplastic T cell lymphoma according to the Bethesda proposals for lymphoid tumours in mice.,38,1.15587659193008,1.12316649258141,1.05321600444482,1.15705081680487,1.02852222275282
The Ews-ERG fusion appears crucial for malignancies in the invertor mice  as disease only arose in mice with both the Ews-ERG and Rag1-Cre genes  Figure-2  and comprised clonal tumours  Figure-3 .,30,1.13483812789337,1.06829452660335,1.11696880830875,1.22409985185682,1.11226218690373
The presence of Ews-ERG mRNA was confirmed in spleens of these mice  identical with that in Ews-ERG ES cells transfected with Cre expression plasmids  see Figure-S1 .,26,1.12192613958253,1.1122644850827,1.07327541179753,1.1025076629513,1.06831410662198
In addition  the steady state orientation of the loxP-flanked ERG cassette was studied using filter hybridisation and we found that the ERG sequence had become inverted into the 59 to 39 orientation with respect to the Ews gene in each case of thymoma  Figure-3 .,44,1.03598549256524,1.17467828932503,1.05519028651646,1.19570570418501,1.10473703696416
The other tissues examined have little evidence of an inverted band.,11,1.22580315533851,1.22029599950372,1.14810489399348,1.23098099104179,1.2179417646165
Finally  the presence of the Ews-ERG fusion protein was shown by Western blotting of thymoma proteins using antibodies binding to either Ews or ERG  which detected respectively the normal mouse Ews or Erg proteins and the Ews-ERG fusion molecule in thymoma T cells of an Ews-ERG  Rag1-Cre mouse  Figure-3.,49,1.12464917610207,1.16638799993235,1.01096416321288,1.08720943649233,1.02122860130165
Studies of progenitor gene expression have indicated the promiscuous expression of lymphoid markers precedes lineage commitmentand thus  the Rag1-Cre allele might be expressing in cells destined to become non-lymphoid.,29,1.13222517430425,1.18897436197096,1.09075922866796,1.16127432668447,1.15714034520594
The Rag1-Cre knock-in allele was previously shown to be specific for lymphoid cells using a reporter assay dependent on Cremediated deletion of a loxP-flanked  floxed  segment of the Lmo2 gene.,30,1.07867969625174,1.18257965722438,1.06461657595304,1.11976819515757,1.0730256427746
We have sustained these observations using an additional reporter assay  namely the ROSA-loxSTOP-lacZ  ROSA26-R  allele where b-galactosidase  bgal  expression is activated by deletion of a loxP-pA site.,27,1.09561139736864,1.22895272342386,1.15680834815631,1.18947103536188,1.12297330460446
Haematopoietic populations from mice carrying both Rag1-Cre and ROSA26-R alleles were stained with fluorescent antibodies binding to various surface markers  and flow cytometry was carried out for co-detection of antibody-and bgal-derived fluorescence  Figure-S3 .,33,1.17815571557115,1.07692810740219,1.13344512369272,1.11329543917181,0.985091174051687
bgal signal was found in thymus and spleen  almost all cells   and in bone marrow  a population of bgalþ cells exist but did not co-express with CD34  Sca1  Ckit  or Ter119  or Mac1  not shown .,35,1.1744249081492,1.10418639279623,1.08325763857179,1.06611009103315,1.12023983499713
This means that the Rag1-Cre is restricted to lymphoid cells  as previously shown.,13,1.19733704051373,1.20263296457017,1.14734669564986,1.16629799282187,1.16498777400397
The Rag1-Cre gene is expressed in both B and T cells  but only T cell tumours have arisen in the Ews-ERG  Rag1-Cre invertor line.,24,1.12974164181489,1.19541781158134,1.07105593218014,1.0645049059463,1.14315830569192
The possible inversion of the Ews-ERG gene in B cells was investigated using RT-PCR analysis of expressed Ews-ERG fusion mRNA  Figure-4 .,21,1.12242462377769,1.21867958904992,1.07502319593513,1.00118417347073,1.07330004120106
RNA was prepared from whole spleen or thymus or from flow-sorted B220þ spleen cells  3 400 cells  or Thy1.2þ spleen cells  6 400 cells  and RT-PCR performed.,28,1.18661794689132,1.13675883473628,1.07561025756486,0.880683990128472,1.10652362714965
Pax5 and CD3 primers were used for specific detection of B cell and T cell transcripts  respectively.,17,1.15447071552145,1.19238521843662,1.09384633374222,1.00772133976683,1.13175805211564
Pax5 transcripts were detected in cDNA made from spleen and B220þ sorted cells  and CD3 in the spleen  thymus and thy1.2þ sorted cells  Figure-4.,25,1.18223487932957,1.18559717858675,1.09612191170207,0.996457139125918,1.14296936722274
No evidence of CD3 expression was found in the sorted B220þ cells  or of Pax5 in the sorted Thy1.2þ cells  showing that the sorted cells were practically free of contaminating T or B cells  respectively.,36,1.16629116993699,1.14913172724977,1.08811860477153,1.00504074483105,1.12997371126499
The presence of Ews-ERG fusion RNA was analysed with RT-PCR primers  yielding a product spanning the fusion junction that was detected with an internal junction probe.,26,1.15308201427191,1.23548966735308,1.13078172778497,1.09776567195204,1.20498357728679
Ews-ERG RT-PCR product was detected in the unfractionated spleen and thymus sources  as well as in the purified  sorted B220þ and Thy1.2þ cells.,24,1.20603934312638,1.18611129979196,1.10114159194789,0.970561942713609,1.14003369980566
Therefore  Cre-mediated inversion of the Ews-ERG gene occurs in both T and B cells.,14,1.10938389406144,1.22344875675914,1.08797640760267,1.08561881312682,1.19312741264655
The presence of thymomas in all afflicted Ews-ERG  Rag1-Cre mice suggested that the haematological malignancy in these mice comprised T cells.,21,1.23069275502149,1.06245597244904,1.12390645562107,1.18428994681453,1.05264469306682
This was confirmed by FACS analysis of T cell surface markers and by determination of T cell or B cell receptor gene rearrangement status.,24,1.17857424077157,1.21876421546603,1.0737824019128,1.09024645253421,1.07202688620062
The majority of normal mouse thymic T cells express both the CD4 and CD8 surface markers  double positive  cells   as well as the pan-T cell marker Thy1  CD90   wt in Figure-5 .,31,1.19037401814757,1.18068140543897,1.10054556313987,1.05848147551118,1.04274125063492
The situation with the thymomas of invertor mice varied from mainly CD4þCD8þ DP cells  e.g. M2 in Figure-5  to mainly CD8þ single positive  SP  cells  e.g. M3 in Figure-5  to mainly double negative cells  e.g. M4 in Figure-5 .,41,1.16963372528459,1.14012642409408,1.09628878949688,1.09867326775514,1.05801096711564
Thirteen of the cohort of 25 leukaemic invertor mice were analysed for their thymic T cell profile by FACS  summarized in Table 1 .,23,1.15943207201862,0.999529590908169,1.1017462386841,1.117965989487,0.980736330462945
While we found either CD8þ SP or CD4þCD8þ DP thymomas  none showed a CD4þ SP phenotype.,16,1.22031222820261,1.19852982141613,1.1551746341636,1.22155072714141,1.10062495159831
Two of the thymomas had a mixed phenotype comprising mainly CD8þ SP cells  with a sub-population of DP cells  M3 and M6 in Table 1 .,25,1.18724319220256,1.16668466013294,1.08182256338493,1.10240249626036,1.0033736948636
The clonality of these T cell tumours was assessed by filter hybridisation of genomic thymoma DNA with a T cell receptor b probe  Tcrb  from the Jb2 region  diagrammatically shown in Figure-3.,32,1.11269281528145,1.19447322438863,0.947101746739658,1.06529786569696,1.07700744704063
The probe detects a 5-kb band in non-lymphoid DNA corresponding to the intact Tcrb gene  if V-D-J or D-J joins have occurred  new restriction fragments are created  giving rise to ''rearranged'' bands on the hybridisation autoradiograph. Figure-3 shows the rearrangement status of 12 of the Ews-ERG thymomas.,47,1.09635948641182,1.13380735166971,0.91595847340198,1.1281344035515,1.11712110103239
All except one  M9  showed at least one rearranged Jb2 allele and several have two rearranged alleles  e.g. M18 .,20,1.17279484377111,1.19881412821199,1.12477886906285,1.20414954712934,1.1605566188758
Variable amounts of residual germ line allele were present.,9,1.19835873187784,1.23731433677245,1.16580934171355,1.23500859339823,1.19813606991044
The Tcrb rearrangement status of the cohort of Ews-ERG leukaemic mice is summarized in Table 1.,16,1.19223147575539,1.03979155568912,1.12983796134994,1.20017588997466,1.07451326908017
In addition  the status of the immunoglobulin locus was examined with a probe from the region between J H and Cl segments see Figure-3.,24,1.12740593234941,1.20489272810514,1.12062866172412,1.20939074890632,1.17407576127076
Single Igh allele rearrangements were observed in about half of the cohort Table 1   including ones in which FACS analysis and Tcrb clonality hybridisations showed the tumours to be clonal T cell malignancies.,33,1.14838745113641,1.11710996814753,1.00469698489889,1.1114878979106,1.01288618881825
The Igh rearrangements are therefore likely to be abortive rearrangements.,10,1.24353418345194,1.31525087486811,1.22490655742237,1.29842975805289,1.2959115285958
Confirmation that the Tcrb rearrangements observed by hybridisations were due to productive V-D-J joins was made by sequence analysis of the Tcrb genes in four of the cases.,28,1.10572865497369,1.19481068807934,1.09147963526502,1.20656098049148,1.11994180462276
PCR amplification from thymoma DNA was carried out with pools of Vb primers and a Jb2 reverse primer  primer sequences from  and sequences identified with the ImMunoGeneTics database.,28,1.14442782164919,1.25484085107294,1.12593993652379,1.14673247573801,1.19516609624574
Table 2 shows the V-D-J junctional sequences indicating the presence of productive T cell receptor b genes.,17,1.11109360733802,1.17992648609785,1.06332542140848,1.08457302117157,1.13091632768803
In all cases  N-region diversity is present between the V-D and D-J junctions.,13,1.22482318143946,1.27227796715239,1.22290010689263,1.27511930041989,1.26016993501227
In the thymoma DNA from M2  a non-productive join has also occurred  in addition to the productive one  resulting in an out-of-frame joint.,23,1.17643648388371,1.23069422590471,1.12912499153908,1.24193988977467,1.172758958084
Human cancers of mesenchymal origin involve the EWS gene with various partner genes  such as in the chromosomal translocation t 21 22  q22 q12  where EWS fuses with ERG to encode a novel EWS-ERG fusion protein.,36,1.13692867528305,1.19018128410289,1.1214764465844,1.20043726567474,1.21431825895782
In addition  EWS gene fusions with various partners are described in clear cell sarcoma  desmoplastic small round cell tumours  chondrosarcoma  and myxoid liposarcoma  suggesting that EWS fusion proteins are functional for various cell types of mesenchymal origin and that restrictions in humans are dictated largely by the cells in which the chromosomal translocations occur.,54,1.13890386989298,1.17548268546993,1.04182888484944,1.13199343770638,1.13094620273143
We tested the hypothesis of cell type specificity by assessing the possible universality of EWS-ERG as an oncogene.,18,1.22649914102231,1.25641413036239,1.18345007845385,1.20757149099306,1.17812141200616
Our experimental system was designed to invoke conditional  cell-specific expression of the Ews-ERG fusion to analyse the target cell in which it can function.,24,1.18461211143011,1.23126304563844,1.15313810408312,1.17278710482769,1.14873367754008
Consistent EWS-ERG occurrence in human sarcomas suggests that it may only function in mesenchymal cells  where it may function in initiation of the cancer as well as in maintenance of the cancer stem cell  that is  cells within the tumour that have self-renewing capacity and maintain the tumour .,48,1.19203046188976,1.17610335979985,1.12287832800477,1.14971561665502,1.15099813545402
Our results show that lymphomas arise when Ews-ERG is aberrantly expressed in the committed cells of the lymphoid lineage.,19,1.22347915743856,1.20694701553327,1.13797158533256,1.17348545231689,1.13736151351939
The Ews-ERG invertor allele was activated in lymphocytes  using the Rag1-Cre knock-in mice  to determine if lymphoid malignancies would arise.,20,1.14730518622675,1.09077035715755,1.12187537224751,1.20127693988939,1.02572781663983
We found that invertor Ews-ERG mice develop clonal T cell malignancies.,11,1.18931084124542,1.09793522264831,1.13094677819325,1.21598912115096,1.09055857185903
The T cells were of varying phenotypes but the majority of cases expressed CD8 on the cell surface and had productive V-DJb rearrangements  indicative of mature T cells.,28,1.20980114726798,1.19688257229139,1.10870254128562,1.13125949376957,1.08961143946711
Since Cremediated inversion through loxP sites recreates the loxP sequence  there is potential for the cassette to flip back and forth with continued Cre expression.,25,1.00910531805813,1.23379462203621,1.17574722324208,1.2512440707108,1.23824309475995
This had no obvious deleterious effect on tumourigenesis in the Ews-ERG invertors as judged by various criteria  tumour penetrance  consistent T cell phenotype  and pathology .,25,1.21220146141014,1.1727446130569,1.15531623549114,1.21722480323678,1.15113796297537
Thus  the invertor allele of transformed cells may be fixed in the correct orientation for synthesis of Ews-ERG mRNA when Rag1-Cre is no longer effective.,25,1.11143995239114,1.20311738636473,1.13463364690731,1.14610780395459,1.20473307526977
On the other hand  the lack of CD4þ SP thymomas is difficult to encompass with this explanation  suggesting that other biological mechanisms may be involved in this bias.,28,1.21281361765815,1.25172811180005,1.19820689482384,1.28896245286827,1.18544900433775
The Rag1-Cre mouse line used constitutively expresses Cre in lymphoid cells  and the resulting Ews-ERG fusion causes T lymphocyte tumours in mice  which is not known in the spectrum of EWS-associated human cancers.,33,1.13292684045497,1.09940131612784,1.05563299318237,1.1017544627054,1.0720092695761
On the other hand  FUS-ERG has been found in leukaemias  albeit myeloid type.,13,1.25233377088278,1.23013481884644,1.2302211552629,1.28615851147395,1.22955908281073
This implies that the EWS-FUS fusion proteins could be effective in a spectrum of cell types  broader than normally seen in human malignancies  that is  sarcomas and myeloid leukaemias .,29,1.18539524413229,1.19391543968174,1.12567492066181,1.1771114971003,1.14782300696549
In some cells  it may be that EWS-FUS fusions are lethal and thus those cells acquiring a translocation would die  in others  the fusion protein may be tolerated and thus may become tumours.,33,1.17774269571654,1.22722692216262,1.13543129973998,1.16851351603367,1.20911763540919
In this respect  the absence of B cell tumours in the Ews-ERG invertors is of interest as both B and T cells undergo inversion of the Ews-ERG cassette  see Figure-4  because Rag1-Cre is expressed in both cell types see Figure-S3 .,40,1.07779997258008,1.19830639585948,1.05606577263044,1.04444730414659,1.12965329597342
The absence of B cell tumours may reflect toxicity of the fusion protein for B cells although this seems unlikely given that we can detect the fusion mRNA in selected B220þ B lymphocytes  see Figure-4 .,35,1.11900083344875,1.17976767659097,1.03064549235147,1.01773315826199,1.10867375104313
Alternatively  it may mean that Ews-ERG does not function in B cells or that the development of B cell tumours is inhibited by the T cell malignancies  which may arise earlier and then dominate the lymphoid compartment.,37,1.18458920815285,1.173575268266,1.08856999200543,1.0756379058598,1.13131215671478
The ability of Ews-ERG to specifically cause B cell tumours could be evaluated by using B-cell-specific Cre-expressing mouse lines such as CD19-Cre.,22,1.16397982351881,1.17192716875676,1.08957410101342,1.05831108757337,1.04979768185741
Our results show that the Ews-ERG fusion  normally restricted to sarcomas in humans  can initiate T lymphocyte tumours  if conditionally expressed in committed lymphoid cells.,25,1.19451527592293,1.18844234934523,1.11584102483091,1.14837651941419,1.12508149828664
Leukaemogenesis in Ews-ERG invertor mice thus concurs with the hypothesis that EWS fusions can cause neoplasia arising in various cell types.,21,1.13947316466383,1.10613234686594,1.11881756436099,1.19260639325469,1.09856965197383
Further  our data imply that the cellular context of EWS-associated chromosomal translocations in humans does not have to be a stem cell or even a multi-potent progenitor  as committed lymphocyte precursors expressing Rag recombinase genes are the leukaemic precursors in our invertor model.,43,1.13441419266238,1.17319817700752,1.09720401478893,1.18119039598607,1.12789623113887
The same conclusions can be applied to FUS-associated chromosomal translocations that seem to be largely interchangeable with EWS  given the spectrum of cancers in which these are found and the relatedness of FUS-and EWS-coded proteins.,35,1.17837029350453,1.23432368905445,1.14703222894061,1.2378581663854,1.19887466703576
Thus  EWS or FUS chromosomal translocations probably arise more by virtue of accessibility of the genes to chromosomal translocations than by the precise cellular specificity of the resultant fusion proteins.,30,1.15852699324684,1.26693528735206,1.15031462853043,1.22556253985475,1.22859800361222
