Text
"Recombinant BoNT/A LC was produced and purified as described previously. The enzyme concentration was determined using extinction coefficient of 0.83 (mg/mL) −1 cm −1 at 280 nm. The LCA (with 20% glycerol) was stored at −80 °C, and endopeptidase activity was verified prior to screening."
"The ssDNA random library consists of a 47 nucleotide random sequence domain which is flanked by constant 5'-and 3'-ends for amplification reactions (5'-GGGAGGAGGAGAGATGTGAACTT -(N47)-AGAAACTCTACACTGGACTGGCG -3'). The ssDNAs were synthesized by Metabion GmbH (Munich, Germany). Construction of 2'F-RNA library was detailed in supplementary material section. "
"SELEX was performed on an automated SELEX workstation (highly modified BMK 2000 roboter, Beckman Coulter) similar as previously described. The modifications are listed in the supplementary material section."
"Binding analyses of enriched libraries was performed with nitrocellulose filter retention assays. Briefly, α-33 P-GTP (Perkin Elmer) labelled RNA of selection cycles 1, 6 and 9 (~80nM) was incubated with increasing concentrations of LCA (12.5nM-500nM) in a final volume of 25μl binding buffer (PBS pH7.4, 3mM MgCl 2 , 5mM DTT 1mg/ml BSA, 1mg/ml heparin) and was subsequently filtered on a dot blot manifold (Minifold, Whatman). The fraction of nucleic acid co-retained in a complex with the target protein on the nitrocellulose membrane (Protran 0,45μm, Whatman) was washed five times with 200μl of washing buffer (Phosphate Buffer Saline (PBS) pH7.4, 3mM MgCl 2 , 5mM DTT, 0.05% Tween) and subsequently quantified with a phosphoimager (Fuji FLA 5000)."
"The PCR product of cycle 9 was cloned (TOPO TA Cloning Kit, Invitrogen) according to the manufacturer's instruction. Twenty one colonies were subsequently picked and grown overnight in 5 ml of LB medium, and the plasmid DNA from these colonies were harvested using the Wizard SV96 Plasmid DNA Purification System (Promega). Plasmids with monoclonal inserts were sequenced using the MWG Eurofins Operon sequencing facility (Ebersberg, Germany). Different monoclonal sequences were amplified by PCR from their respective plasmids, and in vitro transcribed into α-33 P-GTP labeled RNA as described in supplementary material section."
"Binding analyses was performed with nitrocellulose filter retention assay as described above with the difference that it was performed in a higher stringency binding buffer (PBS pH7.4, 300mM NaCl, 3mM MgCl 2 , 5mM DTT 1mg/ml BSA, 0,2% Tween, 1mg/ml heparin) and washing was performed five times with 200μl PBS pH7.4, 300mM NaCl, 3mM MgCl 2 , 5mM DTT, 0.2% Tween."
"Specificity testing was performed with the nitrocellulose filter retention assay. About 80 nM of α-33 P-GTP labelled aptamer was incubated with LCA (250 nM) or control proteins (250 nM) (control proteins are listed in the results section), and subsequently filtered through nitrocellulose filter membrane on a dot blot manifold. The membrane was washed with PBS buffer (pH 7.4) with total 300 mM NaCl, 3 mM MgCl 2 , 5 mM DTT, 1 mg/mL BSA, 0.2% Tween, and 1 mg/mL heparin. The fraction of nucleic acid-co-retained with protein on the membrane was quantified with a PhosphoImager (Fuli FLA 5000)."
"K D determination was performed on nitrocellulose filter retention assay with ~0.8nM α-33 P-GTP labelled aptamers S132B-C11, S132B-C12 and S132B-C22. Binding and washing buffer are as described for monoclonal aptamer binding analyses. Values are mean values from duplicate experiments. Values (% retention) were normalized for the maximum retention level (= fraction bound). Analyses were performed with Kaleidagraph software package."
"To further evaluate inhibition effects of identified aptamers, a fluorescence resonance energy transfer (FRET) based LCA endopeptidase assay was conducted with a 13 amino acid peptide substrate (truncated from SNAP-25). The detailed procedures of the assay has been previously published and is listed in the supplementary materials section."
"Enzyme kinetics measurements were carried out using the same procedure as outlined above and previously published. Substrate concentrations from 5 to 25 μM were used (e.g., 5, 10, 20, and 25μ M) for enzyme activity with 25 nM of LCA. The detail procedures are listed in the supplementary materials section. Inhibition constants were calculated using LineweaverBurk plots derived from experiments conducted in the presence of inhibitor."
"Three-dimensional structures of RNA aptamers were predicted using the iFoldRNA algorithm (http://troll.med.unc.edu/ifoldrna/). Structures output was chosen as PDB format. Maximum Entropy based Docking (MEDock) was used for molecular docking between aptamer and LCA (http://medock.csie.ntu.edu.tw,). No LCA monomer has been crystallized. To obtain structural coordinates of LCA,: Protein Data Bank code 3DDA was used. 3DDA is the co-crystal between LCA and its substrate peptide (QRATKM). LCA was manually separated from the substrate peptide. Similar procedures have been used in the literatures to obtain the monomeric LCA. The docking fitness would be 1 for the docking between LCA and its peptide substrate."
"Sequencing revealed 14 different sequences: 7 sequences were identical (S132B-C12), 1 sequence was identified twice, all other sequences were orphans (including S132B-C11 and S132B-C22). The binding analysis was carried out for these sequences in order to evaluate their binding affinity to the target. As shown in <ref type=""figure"" target=""#fig_0"">Figure 1</ref>, S132B-C11, S132B-C12, and S132B-C22 showed substantial binding to LCA, but not to the His-tag-Sec 7 or lysozyme. These three sequences were therefore chosen for further characterizations. The sequences of the three aptamers are listed in<ref type=""table"" target=""#tab_0"">Table 1</ref>."
"To investigate the specificity of the aptamers, we choose His-Sec7, His-ERK2, streptavidin, and lysozyme as the control proteins. His-Sec7 and His-ERK2 were chosen because our target protein, LCA has the His-tag; streptavidin was chosen due to the streptavidin-beads used for capture our target protein; lysozyme was used as the non-specific control. From <ref type=""figure"" target=""#fig_1"">Figure 2a</ref>, the three aptamers identified from our in vitro selection showed specific binding to our target protein, LCA. The aptamer clones S132B-C12 and S132B-C22 have better selectivity than S132B-C11."
"To investigate the binding affinity, the filter retention assay was carried out. As shown in <ref type=""table"" target=""#tab_1"">Table 2</ref> and <ref type=""figure"" target=""#fig_1"">Figure 2B</ref>, all three aptamers exhibit an affinity for LCA in the low nM range, with S132B-C22 showing the strongest binding (87 nM), followed by S132B-C12 (111 nM), and S132B-C11 (186 nM) (<ref type=""table"" target=""#tab_1"">Table 2)</ref>. The binding data demonstrate that the three aptamers possess both high binding affinity and specificity for LCA."
"The potential endopeptidase inhibitory behaviour of each of the aptamers was also investigated. As shown in<ref type=""figure"" target=""#fig_2"">Figure 3A</ref>, all three aptamers exhibited a dose-dependent inhibition effect against the endopeptidase activity of LA. The IC 50 values of all three aptamers are in the low to mid nanomolar range<ref type=""table"">(Table 3)</ref>, with 66 nM for C12. Since the enzyme concentration we used in the inhibition assay is 25 nM, this means that 50% LCA inhibition is achieved when the inhibitor:LCA ratio is 2.6:1 for S132B-C12, and 12.2:1 for S132B-C11<ref type=""table"">(Table 3)</ref>. As a control, the inhibition effect of initial library of RNA on the endopeptidase activity was tested. At concentrations as high as 22 μM the initial library did not possess inhibitory activity. These data demonstrate that inhibition is not due to non-specific interactions between LCA and RNA molecules."
"Currently, a limited number of small molecule inhibitors of LCA have been identified, with the IC 50 only in the low micromolar range. Our results showed that all three aptamers identified here not only have strong binding affinity with LCA, but also exhibit strong inhibition activity against LCA. While most recently, there are reports of selection of DNA aptamers against LCA, inhibitory activity has not been shown. Our report here is the first report to obtain 2'F pyrimidine stabilized RNA aptamers with strong inhibition activity against the endopeptidase activity of BoNT/A light chain (in nM range)."
"To understand the mechanism of inhibition, we carried out enzyme kinetic studies on all three aptamers. In the absence of the aptamer, the K M is 23.0 μM (± 0.4μM), which is similar to our previouslyreported value. All three aptamers depict a non-competitive inhibition mechanism from the Lineweaver-Burk plot<ref type=""figure"" target=""#fig_0"">(Figure 3-B1-B3)</ref>, with different intercepts at Y axe (yet not being parallel) compared to that in the absence of the aptamer. The inhibition constants for three aptamers are listed in<ref type=""table"">Table 3</ref>. The non-competitive inhibition indicates that the inhibitor's enzyme binding site may be different from the substrate:enzyme binding site, and it can interfere both enzyme active site and enzyme-substrate complex. As shown in<ref type=""table"">Table 3</ref>, while the K I of all three aptamers is in around 100 nM range, the K I ' showed larger differences. K I ' of S132B-C11 is 163 nM, which is close to its K I , suggesting the inhibition by S132B-C11 is in a classic non-competitive mode. The K I ' of S132B-C12 and S132B-C22 (525 and 603 nM respectively), on the other hand, is much greater than their respective K I . This means that there are higher competitive components in the inhibition by S132B-C12 and S132B-C22."
"Currently, no molecular modeling has been done on aptamer's three dimensional structure. The published data on aptamers are all based on the secondary structures predicted by MFold. Most recently, Ding et al developed a computational algorithm (iFoldRNA) to predict the three dimensional structure of RNA. We applied this algorithm to predict our RNA aptamers' 3D structures<ref type=""figure"" target=""#fig_0"">(Fig S-1)</ref>. When the length of RNA is over 50 nucleotides, the iFoldRNA algorithm requires significantly longer time, and may reduce the prediction accuracy. The aptamers identified from this study consisit of 91 or 93 nucleotides (with a constant 3'-and 5'-flanking region and a 47 nucleotide central region). To compare the prediction results, we applied iFoldRNA to both the central region and the full length aptamers."
"The predicted structures of the central region alone are similar to those of the full length apatamers (data not shown), suggesting 1) the prediction results for longer aptamers are as good as the shorter ones in our case; and 2) in our case, the flanking regions do not interfere with the folding of the core sequences."
"To investigate the nature of the interaction of aptamers and LCA, we explored molecular docking. MEDock is an algorithm based on Maximum Entropy docking for study of proteinligand docking and interaction. MEDock has been applied to small molecule-protein docking, as well as large biomolecule-protein docking (DNA-protein docking). In this report, we applied MEDock to study the docking between aptamer and protein. Since binding and inhibition studies were carried out using the full length aptamers, full length aptamer structures predicted with iFoldRNA were also used for the docking study. The docking results are listed in<ref type=""figure"" target=""#fig_3"">Figure 4</ref>. To validate the MEDock results, we use the LCA-SNAP-25 co-crystal (PDB #: 3DDA) as our positive control. We manually separated the molecular coordinates of substrate peptide (QRATKM) from 3DDA, and input the molecular coordinates from each of the two parts independently (LCA and C-terminus of<ref type=""bibr"">SNAP-25 (197-202)</ref>) to MEDock for docking simulation."
"The docking results are very close to the original structure of 3DDA. Surface plasmon resonance binding studies reveal that the aptamers do not bind to the native toxin (unpublished data), thus we have chosen the native toxin (PDB #: 3BTA) as a negative control. Our docking results showed no docking between 3BTA and each of the three aptamers, while the docking fitness percentage (calculated by docking energy) between the aptamers and LCA (relative to the positive control, which is 100%) is 90% for S132B-C22, and 67% and 61% for S132B-C12 and S132B-C11 respectively."
"The docking results showed that our aptamers are binding to the surface of the light chain of BoNT/A <ref type=""figure"" target=""#fig_3"">(Fig. 4)</ref>. All three aptamers have residues near the active site (zinc) of light chain. For S132B-C11, Cytidine-63 and Cytidine-66 (both are within the central region) are next to the Zn atom. The oxygen atom located on the second carbon of cytidine-63 is closest with a distance of 5.05Ǻ <ref type=""figure"" target=""#fig_3"">(Fig. 4A)</ref>. In addition, the 3'-flanking region (purple color) blocks the entrance of the catalytic center of LCA. Docking results for the S132B-C12 aptamer<ref type=""figure"" target=""#fig_3"">(Fig. 4B)</ref>suggest that portions of the molecule downstream of the core sequence and upstream of the 3' flanking region together form a belt (5'-C 67 AAGA 71 -3') which blocks the entrance of the catalytic center and Zn binding site. The nitrogen atom located on the NH 2 group of Guanine (residue 70) is 5.06 Ǻ away from Zn atom. The nitrogen atom of NH 2 group of Adenine (residue 71) is 4.5 Ǻ away from Zn. These two atoms might play a role in the enzymatic inhibition of the function of C12 aptamer. For S132B-C22 aptamer, the closest residue to the Zn atom is Adenine (residue 44), located on the central region, which is 8.16 Ǻ away from Zn <ref type=""figure"" target=""#fig_3"">(Fig. 4C)</ref>. The 5' flanking region (dark blue in<ref type=""figure"" target=""#fig_3"">Fig. 4C</ref>) is also close Zn catalytic center. This segment does not directly hinder access to the Zn catalytic center, but rather binding to the LC adjacent to the active pocket. The overall docking results suggested that all three aptamers are close to and interact with the Zn catalytic center, which might play a pivotal role for the inhibition function of the aptamers. Furthermore, after docking with aptamers, the template cannot dock to the substrate peptide (QRATKM), suggesting the competitive nature between aptamers and substrate peptide. All three aptamers also showed the stereo hindrance around alpha-exosite of LCA, which could prevent the effective anchoring of the substrate to LCA (see supplementary <ref type=""figure"" target=""#fig_1"">Fig. S-2</ref>). The overall binding to the surface of LCA explains that they might interact with the enzyme-substrate complex, and thus supporting our non-competitive inhibition from enzyme kinetic analysis."
"In this report, we successfully identified three RNA aptamers selectively against LCA. These three aptamers possess strong inhibition effects against endopeptidase activity of LCA. The inhibition behavior of the aptamers is best described as non-competitive inhibition mode. Both IC 50 and the inhibition constants of those aptamers are in low nM range. While aptamer S132B-C11 showed a classic non-competitive inhibition with K I similar to K I ', aptamer S132B-C12 and S132B-C22 showed more competitive component (K I < K I '). For the first time, we explored the prediction of the 3D structures of RNA aptamers, and explored molecular docking of the aptamers to their target. Our molecular docking results support our kinetic study of the inhibition of aptamers on the enzymatic activity of LCA. This is the first report to confirm functional aptamers against BoNT/A light chain which will provide the basis to develop these aptamers as therapeutics against the deadly botulism. Besides the potential therapeutic applications of these aptamers, they can also be used for rapid detection of the BoNT and have the potential for the diagnosis for botulism."
