Sentences,length,sent_fig_caption-1,sent_fig_caption-2,sent_fig_caption-3,sent_fig_caption-4
"Botulinum neurotoxins, produced by Clostridia botulinum, are the most toxic substances known to mankind, the cause of the deadly disease, botulism, and can serve as a bioweapon. ",27,1.29351341135669,1.32042551341238,1.31149603396486,1.30827397766412
"They are also being used as medical therapeutics, treating an array of neuromuscular diseases, and are used for cosmetic applications. Currently, there are seven known serotypes of BoNT, designated as A to G. ",33,1.23831093774149,1.26155137971054,1.22470433558315,1.26644138933238
"Of those, type A, B, E are the most common cause for human botulism, and type A is the most potent among the seven serotypes.",25,1.2701374168046,1.21815791409936,1.18533838032605,1.23178451514025
"BoNTs are 150 kDa proteins comprised of three functional domains: the light chains (LCs) of neurotoxins are zinc-endopeptidase, which collectively cleave several proteins involved in synaptic vesicle docking and fusion, and therefore, block the release of acetylcholine. ",37,1.0501768130598,1.16064389195649,1.20333768676434,1.10995322496076
The heavy chain (HC) plays an accessory role of binding to the target nerve cells and the translocation of the LC into the cell cytoplasm.,25,0.975976760420146,1.07009190111221,1.14168075161508,1.10493608090105
Current therapy for botulism involves respiratory supportive care and the administration of antitoxin. ,13,1.29268867366336,1.32231206037198,1.29664903720746,1.30613365355148
"However, to date there is no treatment that can reverse the flaccid muscle paralysis caused by BoNT after the symptom has developed. ",22,1.26477125483209,1.28881265503192,1.26812673285878,1.27542882061828
"Because the toxin has widespread medical therapeutic uses for neuromuscular diseases, a massive vaccination is not desirable.",17,1.27679735839822,1.31471422929062,1.29419909143266,1.30705488556007
"Therefore, design of therapeutic agents to reverse flaccid muscle paralysis is the most soughtafter therapeutic path. ",16,1.24746808764156,1.25796554884533,1.25683485674876,1.27036960147609
"In this regard, light chain of BoNT is the best therapeutic target for treatment of botulism, as its endopeptidase activity is the main biochemical process responsible for the blockage of neurotransmitter release. ",32,1.04434084034058,1.11657649864904,1.1413378024497,1.11877378838017
"There have been several efforts to develop small molecule inhibitors of BoNT/A endopeptidase, but such molecules suffer from the possibility of non-specific action under in vivo conditions, and provide erratic results under in vitro and in vivo conditions. ",38,1.20625966638933,1.22598278576362,1.14406405015123,1.24938974587776
Candidates like aptamers with size larger than small molecules yet much smaller than antibodies are likely to provide more consistent results. ,21,1.1735555232662,1.16416717020347,1.17917620268432,1.21257854546971
Aptamers are single stranded oligonucleotides (either DNA or RNA) that form unique three dimensional structures which provide the basis for high binding specificity and affinity towards their targets. ,28,1.01691088319035,0.980980093789687,1.11628344824698,1.12397212161961
Identification of suitable aptamer sequences and thereby structures is typically achieved through a screening process which is popularly termed SELEX (Systematic Evolution of Ligands by EXponential enrichment). ,27,1.11180061985533,1.1884683589479,1.15359717375865,1.13919396306356
"SELEX theoretically has the potential to develop aptamers against any known molecule, ranging from small molecules to whole organisms by utilizing a rapid and entirely in vitro process. ",28,1.1840854253401,1.16256683194938,1.14819020286925,1.20937449002448
"Due to the specificity of these interactions, aptamers may also serve as valuable tools to modulate or block functions of targets. ",21,1.16533207183391,1.06263820097907,1.16566658445953,1.18475656520458
"Additional advantages of aptamers include low toxicity, non-immunogenicity, better tissue penetration, favorable pharmacokinetics profile, established quality control, and simple storage conditions. ",21,1.20419982107552,1.18540447724017,1.16207943599349,1.231237470975
"All these render aptamers an attractive candidate for therapeutic and diagnostic platforms that rival, and in some cases, surpass antibodies.",20,1.19310725244139,1.177215303867,1.20708583515247,1.241449823675
"In this study, the light chain of BoNT/A was used as the target for aptamer selection and development, and the inhibition characteristics of identified aptamers against BoNT's endopeptidase activity were investigated. ",31,0.965056049323196,0.964879205604544,0.955990546442181,0.998651232472075
"Three aptamers with high binding affinity and specificity to LCA, and with strong inhibition of endopeptidase activity have been identified.",20,1.11359321350284,0.886211074331962,0.961151373987299,1.20035402950139
"In order to enhance the RNAse resistant, we use 2'-Fluoro-pyrimidin modified nucleic acid during in vitro transcription step to generate 2'-F-modified RNA.",22,1.11994577871959,1.19893863594588,1.2008487005722,1.1966650641808
Recombinant BoNT/A LC was produced and purified as described previously.,10,1.23656286609874,1.24694782070215,1.14057577975301,1.22489540743986
The enzyme concentration was determined using extinction coefficient of 0.83  mg/mL  −1 cm −1 at 280 nm.,18,1.25453328629801,1.19184737179317,1.1754625622695,1.25150112048916
The LCA  with 20% glycerol  was stored at −80 °C  and endopeptidase activity was verified prior to screening.,18,1.20674261747395,1.26195006019615,1.15761687066932,1.28523289134034
The ssDNA random library consists of a 47 nucleotide random sequence domain which is flanked by constant 5'-and 3'-ends for amplification reactions  5'-GGGAGGAGGAGAGATGTGAACTT - N47 -AGAAACTCTACACTGGACTGGCG -3' .,27,1.13852931833175,1.19802059543394,1.20916402171457,1.15643381499799
The ssDNAs were synthesized by Metabion GmbH  Munich  Germany .,9,1.30997092241252,1.31953484832057,1.32402123142881,1.31487285233346
Construction of 2'F-RNA library was detailed in supplementary material section.,10,1.26132519689922,1.27989592989108,1.28143451413263,1.23399586527359
SELEX was performed on an automated SELEX workstation  highly modified BMK 2000 roboter  Beckman Coulter  similar as previously described.,19,1.2724698709725,1.266805238579,1.25655644624021,1.24535846402145
The modifications are listed in the supplementary material section.,9,1.26222182518259,1.26831133998781,1.29717215512603,1.24187217964834
Binding analyses of enriched libraries was performed with nitrocellulose filter retention assays.,12,1.09845939871407,1.09881264424536,1.20412858860178,1.21387357215387
Briefly  α-33 P-GTP  Perkin Elmer  labelled RNA of selection cycles 1  6 and 9  ~80nM  was incubated with increasing concentrations of LCA  12.5nM-500nM  in a final volume of 25μl binding buffer  PBS pH7.4  3mM MgCl 2   5mM DTT 1mg/ml BSA  1mg/ml heparin  and was subsequently filtered on a dot blot manifold  Minifold  Whatman .,55,1.17471632330712,1.19178048161664,1.16772072142586,1.17746976669781
The fraction of nucleic acid co-retained in a complex with the target protein on the nitrocellulose membrane  Protran 0 45μm  Whatman  was washed five times with 200μl of washing buffer  Phosphate Buffer Saline  PBS  pH7.4  3mM MgCl 2   5mM DTT  0.05% Tween  and subsequently quantified with a phosphoimager  Fuji FLA 5000 .,53,1.17713246791104,1.22219873955517,1.18790683613517,1.21671120497285
The PCR product of cycle 9 was cloned  TOPO TA Cloning Kit  Invitrogen  according to the manufacturer's instruction.,18,1.21621231439884,1.2535161739576,1.2596545376948,1.24753790670942
Twenty one colonies were subsequently picked and grown overnight in 5 ml of LB medium  and the plasmid DNA from these colonies were harvested using the Wizard SV96 Plasmid DNA Purification System  Promega .,33,1.22029939112,1.26292720211451,1.22270512528119,1.23899182514795
Plasmids with monoclonal inserts were sequenced using the MWG Eurofins Operon sequencing facility  Ebersberg  Germany .,15,1.09918591679268,1.27106644918479,1.2502976028288,1.25157759675306
Different monoclonal sequences were amplified by PCR from their respective plasmids  and in vitro transcribed into α-33 P-GTP labeled RNA as described in supplementary material section.,26,0.955230206639343,1.22256653701041,1.22870965151509,1.11746619481586
Binding analyses was performed with nitrocellulose filter retention assay as described above with the difference that it was performed in a higher stringency binding buffer  PBS pH7.4  300mM NaCl  3mM MgCl 2   5mM DTT 1mg/ml BSA  0 2% Tween  1mg/ml heparin  and washing was performed five times with 200μl PBS pH7.4  300mM NaCl  3mM MgCl 2   5mM DTT  0.2% Tween.,63,1.19732588492352,1.15847041786307,1.15046359138368,1.1861751379657
Specificity testing was performed with the nitrocellulose filter retention assay.,10,1.22422153711486,1.12398879043938,1.24271764313903,1.26027224366355
About 80 nM of α-33 P-GTP labelled aptamer was incubated with LCA  250 nM  or control proteins  250 nM   control proteins are listed in the results section   and subsequently filtered through nitrocellulose filter membrane on a dot blot manifold.,39,1.03356527846088,1.18268516636267,1.15774692088793,1.16010908093904
The membrane was washed with PBS buffer  pH 7.4  with total 300 mM NaCl  3 mM MgCl 2   5 mM DTT  1 mg/mL BSA  0.2% Tween  and 1 mg/mL heparin.,32,1.26205598369328,1.25325897653424,1.22415473942786,1.25429828653865
The fraction of nucleic acid-co-retained with protein on the membrane was quantified with a PhosphoImager  Fuli FLA 5000 .,18,1.17434092611818,1.21919211309258,1.22470671503488,1.23036746824177
K D determination was performed on nitrocellulose filter retention assay with ~0.8nM α-33 P-GTP labelled aptamers S132B-C11  S132B-C12 and S132B-C22.,21,1.21779841495709,1.08438501785819,1.10145014684925,1.17654755833282
Binding and washing buffer are as described for monoclonal aptamer binding analyses.,12,1.01810260422832,1.0744958388435,1.15102498184316,1.12838790964603
Values are mean values from duplicate experiments.,7,1.27158802118707,1.12717940062387,1.18645751812204,1.27191027823582
Values  % retention  were normalized for the maximum retention level  = fraction bound .,13,1.18842659946346,1.15185033648782,1.17048753056704,1.23388057206441
Analyses were performed with Kaleidagraph software package.,7,1.32483739218924,1.31068804048388,1.30157991648709,1.33429574465164
To further evaluate inhibition effects of identified aptamers  a fluorescence resonance energy transfer  FRET  based LCA endopeptidase assay was conducted with a 13 amino acid peptide substrate  truncated from SNAP-25 .,30,1.1749599122869,1.1549486190314,1.04710571959182,1.1694259294499
The detailed procedures of the assay has been previously published and is listed in the supplementary materials section.,18,1.28217800153064,1.25899489298948,1.26425493853794,1.24541378282842
Enzyme kinetics measurements were carried out using the same procedure as outlined above and previously published.,16,1.25429006188597,1.18688803593926,1.16154511688762,1.25340111483882
Substrate concentrations from 5 to 25 μM were used  e.g. 5  10  20  and 25μ M  for enzyme activity with 25 nM of LCA.,25,1.23028989556656,1.20332801290838,1.13526173099808,1.21768198938394
The detail procedures are listed in the supplementary materials section.,10,1.30611670592971,1.27622052200288,1.29641649109476,1.23198191760163
Inhibition constants were calculated using LineweaverBurk plots derived from experiments conducted in the presence of inhibitor.,16,1.24147385152529,1.17193322894803,0.994764114663237,1.25130084578262
Three-dimensional structures of RNA aptamers were predicted using the iFoldRNA algorithm  http://troll.med.unc.edu/ifoldrna/ .,16,1.10515836291045,1.13318120909096,1.1121059511608,1.14343302385766
Structures output was chosen as PDB format.,7,1.21700472918811,1.23556387277691,1.23398776084016,1.21314957605335
Maximum Entropy based Docking  MEDock  was used for molecular docking between aptamer and LCA  http://medock.csie.ntu.edu.tw  .,20,1.20405992667067,1.16764344759285,1.11601934926395,1.12858081939623
No LCA monomer has been crystallized.,6,1.22658411421524,1.24883853056922,1.24112294837609,1.2246805014472
To obtain structural coordinates of LCA : Protein Data Bank code 3DDA was used.,13,1.17360398310786,1.22103191983164,1.19689648149537,1.20727730243285
3DDA is the co-crystal between LCA and its substrate peptide  QRATKM .,11,1.2008247850303,1.21566892298582,1.19889013703409,1.21755270684312
LCA was manually separated from the substrate peptide.,8,1.1907954437739,1.19424368718541,1.17986613309733,1.21442493838284
Similar procedures have been used in the literatures to obtain the monomeric LCA.,13,1.20846353506066,1.23508227853013,1.20911461307198,1.23805239974731
The docking fitness would be 1 for the docking between LCA and its peptide substrate.,15,1.18970935329974,1.19420383807351,1.19126546913928,1.18436580610093
Sequencing revealed 14 different sequences: 7 sequences were identical  S132B-C12   1 sequence was identified twice  all other sequences were orphans  including S132B-C11 and S132B-C22 .,24,1.11898081126126,1.223984952303,1.23732300322192,1.18263009608664
The binding analysis was carried out for these sequences in order to evaluate their binding affinity to the target.,19,0.942709701563986,1.05251026212332,1.20017099796264,1.18605218180424
As shown in Figure-1  S132B-C11  S132B-C12  and S132B-C22 showed substantial binding to LCA  but not to the His-tag-Sec 7 or lysozyme.,21,1.03687631241626,1.11446249498845,1.17041649261586,1.19428184188895
These three sequences were therefore chosen for further characterizations.,9,1.13171225051737,1.21953093654927,1.22470212936452,1.2031190065131
The sequences of the three aptamers are listed in Table 1.,11,1.12535071569205,1.10413341531315,1.1276985716108,1.14065974969517
To investigate the specificity of the aptamers  we choose His-Sec7  His-ERK2  streptavidin  and lysozyme as the control proteins.,18,1.00062344378557,1.03332094021357,1.14894445772789,1.20301641942485
His-Sec7 and His-ERK2 were chosen because our target protein  LCA has the His-tag  streptavidin was chosen due to the streptavidin-beads used for capture our target protein  lysozyme was used as the non-specific control.,33,0.987445460307202,1.19024907762047,1.17820592444384,1.21518605938491
From Figure-2 the three aptamers identified from our in vitro selection showed specific binding to our target protein  LCA.,19,0.935538593360879,0.96761462488775,1.08411210722143,1.17059242410261
The aptamer clones S132B-C12 and S132B-C22 have better selectivity than S132B-C11.,11,1.18510366795979,1.14655543846101,1.16126329382434,1.17948200646961
To investigate the binding affinity  the filter retention assay was carried out.,12,1.14528062275173,1.06669449605269,1.22879080355791,1.22420148665768
As shown in Table 2 and Figure-2  all three aptamers exhibit an affinity for LCA in the low nM range  with S132B-C22 showing the strongest binding  87 nM   followed by S132B-C12  111 nM   and S132B-C11  186 nM   Table 2 .,39,1.15189865578318,0.997456413334183,1.11924840141381,1.15186917152294
The binding data demonstrate that the three aptamers possess both high binding affinity and specificity for LCA.,17,1.11204975171384,0.8662032224201,1.10630944231831,1.1806548990316
The potential endopeptidase inhibitory behaviour of each of the aptamers was also investigated.,13,1.23320163399313,1.15933029198695,1.09636257348213,1.23375276298088
As shown in Figure-3 all three aptamers exhibited a dose-dependent inhibition effect against the endopeptidase activity of LA.,18,1.25364444118781,1.1324653597448,0.970658449433393,1.22238035406491
The IC 50 values of all three aptamers are in the low to mid nanomolar range Table 3   with 66 nM for C12.,23,1.23200944594268,1.08509818874581,1.08528866429558,1.1837314859193
Since the enzyme concentration we used in the inhibition assay is 25 nM  this means that 50% LCA inhibition is achieved when the inhibitor:LCA ratio is 2.6:1 for S132B-C12  and 12.2:1 for S132B-C11 Table 3 .,40,1.22187903247492,1.18535620749472,1.02636973875853,1.20955348903136
As a control  the inhibition effect of initial library of RNA on the endopeptidase activity was tested.,17,1.01382983162386,1.22187814844889,1.06253220034535,1.22450741238417
At concentrations as high as 22 μM the initial library did not possess inhibitory activity.,15,1.2209506253258,1.22020244814525,1.17693109266919,1.25170291290542
These data demonstrate that inhibition is not due to non-specific interactions between LCA and RNA molecules.,16,1.08778000217758,1.182564073831,1.10208688940349,1.169761565803
Currently  a limited number of small molecule inhibitors of LCA have been identified  with the IC 50 only in the low micromolar range.,23,1.20138644125019,1.22156011255656,1.16664080501638,1.23094475095844
Our results showed that all three aptamers identified here not only have strong binding affinity with LCA  but also exhibit strong inhibition activity against LCA.,25,1.12530700463917,1.00831063298756,0.991727093039315,1.17873479819219
While most recently  there are reports of selection of DNA aptamers against LCA  inhibitory activity has not been shown.,19,1.18848231581681,1.12485787210002,1.06806032002762,1.19378890322208
Our report here is the first report to obtain 2'F pyrimidine stabilized RNA aptamers with strong inhibition activity against the endopeptidase activity of BoNT/A light chain  in nM range .,29,1.01148468621894,1.01889747613695,1.01214344729153,1.02026720563481
To understand the mechanism of inhibition  we carried out enzyme kinetic studies on all three aptamers.,16,1.22370795677527,1.12467579082524,1.01239144600558,1.21912190632642
In the absence of the aptamer  the K M is 23.0 μM  ± 0.4μM   which is similar to our previouslyreported value.,23,1.22467486266201,1.1621097497512,1.08389319403929,1.16384356957982
All three aptamers depict a non-competitive inhibition mechanism from the Lineweaver-Burk plot Figure-3  with different intercepts at Y axe  yet not being parallel  compared to that in the absence of the aptamer.,32,1.2031960143191,1.07139936163581,0.914884306488064,1.10486935930577
The inhibition constants for three aptamers are listed in Table 3.,11,1.23682325817954,1.08403060660203,0.976636107803676,1.18166765409471
The non-competitive inhibition indicates that the inhibitor's enzyme binding site may be different from the substrate:enzyme binding site  and it can interfere both enzyme active site and enzyme-substrate complex.,30,1.11162343132733,1.12768581274788,1.13813326066001,1.18618756721385
As shown in Table 3  while the K I of all three aptamers is in around 100 nM range  the K I ' showed larger differences.,26,1.2311709645099,1.11754625738738,1.10621031759322,1.15755874631906
K I ' of S132B-C11 is 163 nM  which is close to its K I   suggesting the inhibition by S132B-C11 is in a classic non-competitive mode.,26,1.23883289291739,1.21240744030675,1.10638910523455,1.23210085960322
The K I ' of S132B-C12 and S132B-C22  525 and 603 nM respectively   on the other hand  is much greater than their respective K I .,25,1.24027214450317,1.22848678788934,1.2388884037134,1.23079663152057
This means that there are higher competitive components in the inhibition by S132B-C12 and S132B-C22.,15,1.22644772529082,1.1858833572896,1.09871146105186,1.25022868182995
Currently  no molecular modeling has been done on aptamer's three dimensional structure.,12,1.25993897027068,1.23510434973421,1.20993515276405,1.24534155956818
The published data on aptamers are all based on the secondary structures predicted by MFold.,15,1.17594843810241,1.14079498657326,1.16127066974682,1.17416812479445
Most recently  Ding et al developed a computational algorithm  iFoldRNA  to predict the three dimensional structure of RNA.,18,1.1622054432538,1.25211630603164,1.22053935748441,1.20236017188877
We applied this algorithm to predict our RNA aptamers' 3D structures.,11,1.14065810870413,1.21878514230322,1.20580262215008,1.16931490895721
When the length of RNA is over 50 nucleotides  the iFoldRNA algorithm requires significantly longer time  and may reduce the prediction accuracy.,22,1.12481369793419,1.19625693280621,1.19395622063057,1.18735502033554
The aptamers identified from this study consisit of 91 or 93 nucleotides  with a constant 3'-and 5'-flanking region and a 47 nucleotide central region .,24,1.18792036150797,1.14463218161082,1.17593964119343,1.11655177628419
To compare the prediction results  we applied iFoldRNA to both the central region and the full length aptamers.,18,1.20595988456774,1.10559369437406,1.11120774358677,1.11793159048373
The predicted structures of the central region alone are similar to those of the full length apatamers  data not shown   suggesting 1  the prediction results for longer aptamers are as good as the shorter ones in our case  and 2  in our case  the flanking regions do not interfere with the folding of the core sequences.,56,1.14587516357944,1.14870653178156,1.14453134552873,1.06143482786371
To investigate the nature of the interaction of aptamers and LCA  we explored molecular docking.,15,1.19906747265864,1.13464284938995,1.14316902413789,1.16797393421084
MEDock is an algorithm based on Maximum Entropy docking for study of proteinligand docking and interaction.,16,1.23956603403883,1.20083386832327,1.19118626791893,1.20699880607836
MEDock has been applied to small molecule-protein docking  as well as large biomolecule-protein docking  DNA-protein docking .,16,1.21655257384631,1.22343886903948,1.24641046261291,1.22277467475805
In this report  we applied MEDock to study the docking between aptamer and protein.,14,1.19159555179081,1.17697888951429,1.16292583798025,1.1295036045132
Since binding and inhibition studies were carried out using the full length aptamers  full length aptamer structures predicted with iFoldRNA were also used for the docking study.,27,1.12301513473071,1.05988630752131,0.988183296390933,1.09845624195062
The docking results are listed in Figure-4.,7,1.25636045098931,1.23060183535287,1.23773810737668,1.20368667790714
To validate the MEDock results  we use the LCA-SNAP-25 co-crystal  PDB #: 3DDA  as our positive control.,17,1.15061369059883,1.21805754072991,1.21812624476592,1.23847979388882
We manually separated the molecular coordinates of substrate peptide  QRATKM  from 3DDA  and input the molecular coordinates from each of the two parts independently  LCA and C-terminus ofSNAP-25  197-202   to MEDock for docking simulation.,34,1.18526180599755,1.1884030070846,1.15744897215236,1.16531481257467
The docking results are very close to the original structure of 3DDA.,12,1.22884144260626,1.22389601791574,1.23446093848943,1.20084228873629
Surface plasmon resonance binding studies reveal that the aptamers do not bind to the native toxin  unpublished data   thus we have chosen the native toxin  PDB #: 3BTA  as a negative control.,32,1.07921886587577,1.08449242555842,1.15665696345062,1.18058861449363
Our docking results showed no docking between 3BTA and each of the three aptamers  while the docking fitness percentage  calculated by docking energy  between the aptamers and LCA  relative to the positive control  which is 100%  is 90% for S132B-C22  and 67% and 61% for S132B-C12 and S132B-C11 respectively.,49,1.10965210254075,1.0545023257302,1.07991496163434,1.1532810518142
The docking results showed that our aptamers are binding to the surface of the light chain of BoNT/A  Figure-4 .,19,0.904171387672932,0.810624869740859,1.1303868228478,0.934876509598195
All three aptamers have residues near the active site  zinc  of light chain.,13,0.984332607398729,0.908869170119443,1.13779510494582,0.945146067397844
For S132B-C11  Cytidine-63 and Cytidine-66  both are within the central region  are next to the Zn atom.,17,1.21836807618181,1.24756054731593,1.22411464724815,1.14950365523026
The oxygen atom located on the second carbon of cytidine-63 is closest with a distance of 5.05Ǻ  Figure-4.,19,1.24660470260628,1.22936552831586,1.24037483156376,1.16355356388838
In addition  the 3'-flanking region  purple color  blocks the entrance of the catalytic center of LCA.,16,1.17525963338923,1.20547552298403,1.20408106770121,1.04232425559684
Docking results for the S132B-C12 aptamer Figure-4 suggest that portions of the molecule downstream of the core sequence and upstream of the 3' flanking region together form a belt  5'-C 67 AAGA 71 -3'  which blocks the entrance of the catalytic center and Zn binding site.,46,1.09884975130416,1.15007869433272,1.15771000137864,0.98387069812259
The nitrogen atom located on the NH 2 group of Guanine  residue 70  is 5.06 Ǻ away from Zn atom.,21,1.22025563547422,1.22747889153979,1.22447839520958,1.19688217658436
The nitrogen atom of NH 2 group of Adenine  residue 71  is 4.5 Ǻ away from Zn.,18,1.22741332793548,1.21577382487834,1.2106151679403,1.2137226903901
These two atoms might play a role in the enzymatic inhibition of the function of C12 aptamer.,17,1.20752488729488,1.17985079145569,1.01303119857949,1.14748915965629
For S132B-C22 aptamer  the closest residue to the Zn atom is Adenine  residue 44   located on the central region  which is 8.16 Ǻ away from Zn  Figure-4 .,28,1.20503193630054,1.19907770303543,1.14834902739021,1.0525122487306
The 5' flanking region  dark blue in Figure-4  is also close Zn catalytic center.,14,1.14253311043567,1.18227365545562,1.18908197936102,0.982408581031963
This segment does not directly hinder access to the Zn catalytic center  but rather binding to the LC adjacent to the active pocket.,23,1.11804150079472,1.14099950672007,1.09678955487767,1.1657638442433
The overall docking results suggested that all three aptamers are close to and interact with the Zn catalytic center  which might play a pivotal role for the inhibition function of the aptamers.,32,1.2032332551662,1.10287675650699,1.04211378926535,1.1535465096743
Furthermore  after docking with aptamers  the template cannot dock to the substrate peptide  QRATKM   suggesting the competitive nature between aptamers and substrate peptide.,23,1.18470120442293,1.11799022803205,1.13296932295068,1.15654991302253
All three aptamers also showed the stereo hindrance around alpha-exosite of LCA  which could prevent the effective anchoring of the substrate to LCA.,23,1.1802259833644,1.11208273804671,1.11160912907879,1.15944729539694
The overall binding to the surface of LCA explains that they might interact with the enzyme-substrate complex  and thus supporting our non-competitive inhibition from enzyme kinetic analysis.,27,1.14063540354557,1.14028437353777,1.08857424514039,1.20182543988493
In this report  we successfully identified three RNA aptamers selectively against LCA.,12,1.09277243109717,1.12695923942318,1.10745190696733,1.15983687409689
These three aptamers possess strong inhibition effects against endopeptidase activity of LCA.,12,1.21286886121574,1.11991452186259,0.951325022889698,1.20499077552866
The inhibition behavior of the aptamers is best described as non-competitive inhibition mode.,13,1.24514120910317,1.13896598570725,1.0328797467228,1.21155935984301
Both IC 50 and the inhibition constants of those aptamers are in low nM range.,15,1.23048485536028,1.11267057966378,1.01387746608816,1.22575152494932
While aptamer S132B-C11 showed a classic non-competitive inhibition with K I similar to K I '  aptamer S132B-C12 and S132B-C22 showed more competitive component  K I < K I ' .,30,1.22807948434586,1.16680170062233,1.02776930963069,1.15022471862077
For the first time  we explored the prediction of the 3D structures of RNA aptamers  and explored molecular docking of the aptamers to their target.,25,1.02121889841581,1.09892625126448,1.12797985954003,1.1022366825277
Our molecular docking results support our kinetic study of the inhibition of aptamers on the enzymatic activity of LCA.,19,1.21071426282564,1.1203618350849,0.995893025947487,1.184232884148
This is the first report to confirm functional aptamers against BoNT/A light chain which will provide the basis to develop these aptamers as therapeutics against the deadly botulism.,28,1.0600452997702,0.985863296749014,1.17079862009971,1.0348915672768
Besides the potential therapeutic applications of these aptamers  they can also be used for rapid detection of the BoNT and have the potential for the diagnosis for botulism.,28,1.23474291969084,1.16805866147066,1.17479881560839,1.2323266264809
