Fig,Caption
1,"Figure-1 DNase I hypersensitivity studies. In (A), a schematic representation of the CCR3 gene is shown. Exons 1 through 4 (E1 – E4) are depicted as boxes; open box represents the open reading frame, while the closed box represents the untranslated region. The position of Hind III (H) and Eco RI (RI) restriction sites is depicted with arrows and probes used for DNase I hypersensitivity are depicted as lines above the genomic fragment. The position of hypersensitive site is depicted as HS1. In (B), Southern blot analysis for the HS site is shown. Nuclei from the primary human eosinophils were digested with indicated doses of DNase I for 5 minutes at 30°C. Following DNA purification and digestion with restriction enzymes (shown in figure is Eco RI), DNA was electrophoresed on an agarose gel and transferred to nylon membranes. Following hybridization with genomic probes, membranes were exposed to film. Size markers are shown on the right. Ethidium bromide staining of the gel is also shown."
2,"Figure-2 Binding of transcription factors to CCR3 exon 1. In (A), a schematic representation of the CCR3 exon region used for electrophoretic mobility shift assays is shown. E1-FL is the exon 1 full-length probe. Overlapping short probes are called E1-A, E1-B and E1-C, respectively. The DNA sequence is shown with GATA sites boxed. In (B), EMSA assay with the full-length probe and extracts from eosinophilic AML14.3D10 cells is shown. As cold competitors (CC), the full-length probe and short probes E1-A through C were used. The arrow depicts the specific band. A representative experiment, of three similar experiments, is shown."
3,"Figure-3 Binding of GATA factors to CCR3 exon 1. In (A), EMSA assay with probes E1-B (left panel) and E1-C (right panel) and nuclear extracts from AML14.3D10 cells is shown. Three cold competitors were used in each case: the probe itself (E1-B-WT and E1-C-WT, respectively), the probe with the GATA site mutated (E1-B-mut and E1-C-mut, respectively) and the GATA consensus oligonucleotide (GATA cons). A representative experiment, of three similar experiments, is shown. In (B), EMSA assay with the full-length probe (E1-FL) and extracts from eosinophilic AML14.3D10 cells in the presence or absence of antibodies against GATA-1 is shown. The arrow depicts the specific band. In (C), EMSA assay with probes E1-B (left panel) and E1-C (right panel) and nuclear extracts from AML14.3D10 cells and cold competitor probe itself (CC: E1-B and CC: E1-C, respectively) or anti-GATA-1 antibody (GATA-1 atb) is shown."
4,"Figure-4 The CCR3/EGFP transgenic mice. In (A), a schematic representation of the transgenic construct is shown. The genomic fragment encoding 1.6 kb of the CCR3 promoter including 60 bp of exon 1 (E1), was cloned into the Hind III and Bam HI sites upstream from the EGFP gene in the pEGFP1 vector. The positions of restriction sites are indicated. In (B), Northern blot analysis of multiple tissues from transgenic mice is shown. RNA was isolated from the spleen, lung, thymus, kidney and jejunum of CCR3/EGFP transgenic mice (lines 3.1 and 3.2). 10 μg total RNA was electrophoresed on an agarose gel, transferred to nylon membranes and probed with the SV40 polyA probe in order to detect expression of the transgene. Position of 28S and 18S is depicted with arrows. Ethidium bromide staining of the gel is also shown. In (C), immunohistochemistry using an anti-GFP antibody is shown. Organs were collected, frozen sections obtained and anti-GFP immunohistochemistry performed. Positive staining is represented as black precipitate."
