Fig,Caption
1,Figure-1 Gli-null iMEF morphology in monolayer cell culture. Indicated iMEFs were grown to confluence in monolayer culture and imaged at 40× magnification.
2,"Figure-2 Transcriptional Hh-responsiveness of generated iMEFs. Indicated iMEFs were plated at confluence and treated ± Shh ligand. After 24 hrs, expression of Ptc1 was determined by Real-Time RT-PCR. A. Basal and Shh-induced expression of Ptc1. Values represent the mean ± SEM of 3–5 replicate experiments, * indicates P ≤ 0.05 (paired t-test). B. Ptc1 expression plotted as fold induction (Shh/Veh). Values represent the mean ± SEM of three replicate experiments. The letters above the bars denote the groups produced by the ANOVA pair-wise differences. Genotypes sharing a letter are not statistically significant at p ≤ 0.05 (Fisher's LSD)."
3,"Figure-3 Non-transcriptional Hh-responsiveness of the generated iMEFs. A. Example of a migration assay using wild type (Gli3+/+) iMEFs in a Transwell system with varying concentrations of Shh as chemoattractant. Fluorescence was read every two minutes and expressed as relative fluorescence unit (RFU). B. Example of a migration assay using wild type (Gli3+/+), Gli1-/-2-/- and Gli2-/-3-/- iMEFs with 2 μg/ml Shh as chemoattractant. No-attractant condition was subtracted and migration starting points were set to t = 0. Robust migration was observed for each cell line. C. Total migration data from several experiments as performed for B, pooled and expressed as fraction of wild type iMEF migration (Gli3+/+, set to 1, n = 5). To determine whether the migration response was significantly different relative to wild type, a 95% confidence interval was calculated based on the mean and standard deviation of the observations. Reported significant differences thus have a P value of < 0.05."
4,"Figure-4 Hedgehog pathway specificity in migratory response of Gli2-/-3-/- iMEFs. A. Migration of Gli2-/-3-/- iMEFs was performed using the Smo agonist purmorphamine or 20% FCS as attractants as well as 2 μg/ml Shh in the presence of no inhibitor (control), the Smo antagonist cyclopamine or the LPS inhibitor PMB. Preincubation time with inhibitors following detachment was 10 minutes. B. Migration responses of Gli2-/-3-/- iMEFs transfected with a SuFu or control vector or preincubated with the leukotriene synthesis inhibitor MK-886 or translation inhibitor, cycloheximide. No-attractant condition was subtracted and migration starting points were set to t = 0."
5,"Figure-5 Stable over-expression of several Hh components drives constitutive pathway activity. WT iMEFs were infected with retrovirus encoding, hShh-GFP, hGli1-GFP, ΔNmGli2-GFP, hSmo-GFP or an empty GFP IRIS vector. Stable over-expresser cell lines produced by GFP sorting were plated at confluence. Following 24 hrs, expression of Ptc1 was determined by Real-Time RT-PCR. Values represent the mean ± SEM of three replicate experiments, * indicates P ≤ 0.05 (paired t-test) vs. GFP iMEFs."
