Sentences,length,sent_fig_caption-1,sent_fig_caption-2,sent_fig_caption-3,sent_fig_caption-4,sent_fig_caption-5
Plasmacytoid dendritic cells  pDCs  are a distinct population of antigen-presenting cells  APCs  with the capacity for potent antigen-presenting function and production of large amounts of cytokines  including tumor necrosis factor  TNF -α and IFN-α.,34,1.13921999299897,1.1505049445952,1.0558400529806,1.13272174910707,0.997531313139974
Human pDCs can be identified by cellsurface expression of MHC molecules  the α-chain of the IL-3 receptor  CD123   and the presence of blood dendritic-cell  DC  antigens known as BDCA2 and BDCA4 in a proportion of cells.,36,1.15240831802138,1.14992303135971,1.03638114189162,1.08351083855302,1.1037476680889
In comparison with CD11c+ myeloid DCs  pDCs display a distinct set of chemokine and Toll-like receptors.,16,1.21970907379093,1.18735832527034,1.19898904858614,1.21333582751952,1.17689338931922
In response to viruses and CpG DNA  pDCs become activated to produce IFN-α and their APC function is enhanced.,19,1.25836310447599,1.23974402501859,1.2156331197909,1.2223679993542,1.2147312642287
While pDCs were first demonstrated in the T-cell areas of lymph nodes  precursors of this DC population have been isolated from several sources  including normal peripheral blood  PB   thymus  fetal liver  and bone marrow.,34,1.15895806805801,1.11237346425954,1.0342157799326,1.04967987908048,1.05543683822779
Although they do not reside in normal peripheral tissues  pDCs have been shown to infiltrate certain inflamed tissues and tumor sites  including the skin in psoriasis and lupus  the cerebrospinal fluid in multiple sclerosis  and melanoma and ovarian carcinoma.,39,1.16029366201292,1.12387269180791,1.08069484061157,1.12939858703142,1.12448290923221
While pDCs play an important effector role in viral disease  being the major producers of IFN-α and having a primary role in innate immunity  there is also evidence that they may play an immunoregulatory role  through the induction of Th2  T helper 2 -type cytokines.,45,1.23788033916256,1.25453708072662,1.22817556349628,1.2168036408226,1.20253742360066
The synovial autoimmune reaction of rheumatoid arthritis  RA  is characterized by lymphocyte  macrophage  and DC infiltration that can progress to the development of lymphoid tissue in established disease.,28,1.10700742703098,1.07280745487686,1.04582011206459,1.10802399916091,1.13515375781387
DCs are likely to contribute to the formation and maintenance of such organized lymphoid tissue and antigen presentation in RA and other autoimmune lesions.,24,1.11961944263185,1.1409690902874,1.12237190652163,1.16617043851149,1.15338743771434
We have previously shown that the effector site in RA synovial tissue is enriched in differentiated myeloid DCs  which express CD33  CD11c  MHC and costimulatory molecules  and nuclear RelB.,29,1.05494716089162,1.09108007958983,1.01813655111385,1.11056959023895,1.11527487105417
Translocation of RelB to the nucleus of myeloid DCs is associated with APC function  particularly through increased expression of MHC molecules CD86 and CD40.,24,1.18754247429305,1.21861533480062,1.1749081875511,1.20747715360598,1.18817613931825
The proinflammatory cytokines TNF-α and IL-1β are key contributors to the inflammatory cytokine cascade in RA.,16,1.23405525844238,1.26447109696385,1.17149521894547,1.22585542526125,1.21883113768091
This relates to a number of actions  but activation of the endothelium by TNF-α is particularly important in cellular recruitment to the synovium.,23,1.22041312944129,1.14227142916638,1.19424426416248,1.22739399746559,1.23054149633306
Since RA is characterized by endothelial activation  leukocyte recruitment  and the development of high endothelial venules  we hypothesized that pDCs would be enriched in inflamed but not normal synovium.,29,1.13906779716085,1.08075774625433,1.08857257702529,1.11677980007378,1.15516863659033
Since the functional role of pDCs in disease pathogenesis is only partly understood  we also wished to address whether these cells represent a population distinct from the described nuclear RelB + synovial DCs  and whether they may contribute as APCs or inflammatory cells in RA.,45,1.06037152229542,1.0451746414053,1.01895722311449,1.07789117856641,1.08391888389626
Thirty patients who fulfilled the American College of Rheumatology criteria for RA were included.,14,1.25409530079328,1.21403516732772,1.22850909607904,1.2406460323169,1.27809163816776
Of these  10 provided synovial fluid  SF  samples and 27 provided PB samples.,13,1.17973240539467,1.14863642887181,1.02229341635707,1.09319051580913,1.0647109294818
Of the 30 patients  80% were seropositive  62% were female  and 73% were taking at least one diseasemodifying antirheumatic drug or low-dose prednisone or both.,25,1.24742380647731,1.20818379959387,1.28268738193393,1.25564312798028,1.2374283359264
Synovial tissue was obtained at arthroscopy from seven patients with RA  of whom three were untreated and four were taking at least one disease-modifying antirheumatic drug and low-dose prednisone.,29,1.09273546412778,0.973006398691869,1.13181751705423,1.12131518815075,1.16044389639084
The duration of disease ranged from 0.5 to 18 years.,11,1.26571492677549,1.25408304203241,1.29585342863275,1.26387982799215,1.26773557775573
In addition  we studied synovial tissue from four healthy individuals with nonspecific knee pain undergoing arthroscopy  one patient who had had psoriatic arthritis for 8 years  and one patient who had had ankylosing spondylitis for 30 years.,37,1.12005248747771,1.06676873453346,1.18213335330968,1.15024156847202,1.17776153317514
Each patient with spondyloarthropathy was taking sulfasalazine.,7,1.30036203908873,1.28446429135377,1.29777995643226,1.31165317351136,1.29977558394729
No patient in the study was taking biologics.,8,1.30923053416135,1.28831206059683,1.31612572106721,1.31474257891549,1.31150936215868
Synovial tissue was provided by Dr Malcolm Smith  Repatriation Hospital  Adelaide  Australia .,12,1.21031586786154,1.19687026883739,1.21538826325446,1.25044945915638,1.26193067588667
PB buffy coats prepared from 30 healthy donors were obtained from the Red Cross Blood Transfusion Service  Brisbane  QLD  Australia .,20,1.13992460121488,1.21383525523136,1.11907465995867,1.10762358247738,1.13178981181138
The study was approved by the Research Ethics Committee of the Princess Alexandra Hospital.,14,1.33284206716529,1.33491629392152,1.33926742884539,1.33529420181374,1.34200301656559
All cells were cultured in RPMI 1640  Gibco  Life Technologies  Mulgrave  VIC  Australia  supplemented with 10% FCS  CSL Ltd  Parkville  VIC  Australia   0.3 mg/ml Lglutamine  Trace Biosciences  Castle Hill  NSW  Australia   0.12 mg/ml benzylpenicillin  CSL   and 10 µg/ml gentamicin  Delta West  Pharmacia and Upjohn  Spring Hill  QLD  Australia .,50,1.2114846007162,1.24031289567452,1.24004308278306,1.19984309078865,1.21470448737419
The monoclonal antibodies used in this study include FITC  phycoerythrin  PE   and purified antiCD11c  CD14-PerCP  PE  biotinylated and purified anti-CD123  CD86-FITC  all from BD Pharmingen  San Diego  CA  USA   BDCA2-FITC  Miltenyi Biotech  San Francisco  CA  USA   HLA-DR-biotin  Coulter Immunotech  Fullerton  CA  USA   CD40-FITC  Biolegend  San Diego  CA  USA   CD80-FITC  Cymbus Biotech  Chandlers Ford  Hants  UK   CD68  Kp-1  DAKO  Carpinteria  CA  USA   RelB  C-19  Santa Cruz Biotech  Santa Cruz  CA  USA   and biotinylated Ulex europaeus agglutinin I  Vector Laboratories  Burlingame  CA  USA .,81,1.21761763282307,1.26621219529312,1.23858459236352,1.22598174445189,1.24874086328411
Mononuclear cells were prepared from normal or RA PB or RA SF by density gradient centrifugation over Ficoll-Paque  Pharmacia Biotech  Uppsala  Sweden  as described elsewhere.,25,1.13855125761517,1.12294771620127,0.914020836350773,0.97978328371349,1.02663676244913
T cells were purified from PB mononuclear cells by passing the cells over a nylon wool column  followed by immunomagnetic depletion of remaining monocytes  DCs  B cells  and NK  natural killer  cells using monoclonal antibodies against CD14  CD16  CD19  CD56  and HLA-DR  all from BD Pharmingen   followed by goat antimouse immunoglobulin magnetic beads  then passage through a strong magnetic field  MACS  Miltenyi Biotech   and collection of the unbound fraction.,69,1.09889081454723,1.12073744392237,0.970475192728874,1.05764246748645,1.04706344197549
On analysis by flow cytometry  the unbound fraction routinely contained 95-98% CD3+ T cells.,14,1.19216894272689,1.16774332533688,1.07358250373564,1.17236807170906,1.1722734211454
DC-enriched non-T cells were produced by immunomagnetic depletion of T  B  and NK cells from non-T cells  by incubation with monoclonal antibodies against CD19  CD16  CD56  and CD3.,28,1.1307514110978,1.17619792195851,1.04706620103916,1.12772959632936,1.13093117211184
To enumerate CD123+ and CD11c+ subsets of DCs  mononuclear cells from normal PB or RA SF were stained for four-colour flow cytometry as described elsewhere  using monoclonal antibodies against CD14-PECy5  CD11c-FITC  CD123-PE  and HLA-DR-APC.,34,1.04778651424147,1.04682647674023,0.823314445921619,0.914985613752207,0.96168591126951
Live CD14 -HLA-DR + mononuclear cells were gated for analysis.,10,1.17381481151817,1.17572344824735,0.940596138744425,1.09965058837757,1.13582395057139
Subset percentages are expressed as percentage of total mononuclear cells.,10,1.19726139773946,1.12174524158349,0.95338213424419,1.13570967413262,1.15136677009974
Listmode data were analyzed using Winlist 2.0 software  Verity Software House  Topsham  ME  USA .,15,1.22720137895916,1.23353048548457,1.27958800247683,1.23003911758976,1.23106436738378
For sorting  PB or SF DC-enriched non-T cells stained with the same four markers were sorted using the Moflo flow cytometer  DAKO   gating on CD14 -HLA-DR + and either CD123+ CD11c -or CD11c+ CD123 -cells  respectively.,36,1.08839044806785,1.09805745185582,0.947150606993641,0.937167245450772,0.973500132906036
For phenotypic analysis  mononuclear cells from PB or SF were stained with CD14-PECy5  CD123-PE or CD11c-PE  HLA-DR-APC  and either a fourth monoclonal antibody or isotype control monoclonal antibody conjugated with FITC.,31,1.13529544373303,1.13905737978134,0.942199218227002,0.957242746931327,1.04494769237131
DCs were gated as described above.,6,1.28715612297073,1.27162207800761,1.23302265648698,1.24157632923963,1.23870882009646
Electron microscopy of freshly sorted cells was carried out as described elsewhere.,12,1.22184462971878,1.18400965712497,1.11350123407231,1.12521306654476,1.17326602682684
After fixation in 2.5% glutaraldehyde in phosphate-buffered saline  the cells were postfixed with an aqueous solution of 1% OsO 4 containing 1.5% K 4 Fe CN .,28,1.16354732675956,1.17459793096601,1.17139428597646,1.15708082165837,1.17499848101406
Subsequently  the specimens were dehydrated in an alcohol series and embedded into epon.,13,1.22143891848267,1.21209854631939,1.29048573374711,1.26905693076076,1.27596305222144
Ultrathin sections  50 nm  were contrasted with lead citrate and uranyl acetate and studied with a CM100 electron microscope  Philips  Eindhoven  The Netherlands .,23,1.20331444374557,1.19704724742939,1.2843159919186,1.22904520089228,1.27434170478581
Various numbers of sorted PB or RA SF DCs were incubated with 10 5 allogeneic PB T cells in triplicate wells for 5 days  as described elsewhere.,27,1.10170447625396,1.07551079220275,0.953003202774534,0.987483075157802,0.859720845632577
Supernatants were removed from some cultures and thymidine  1 µCi/ well  ICN Biochemicals  was added to the remainder for the final 18 h. Cells were harvested onto glass-fiber filter mats and the incorporation of thymidine was determined by liquid scintillation spectroscopy  Packard Topcount  Packard Instrument Co  Meriden  CT  USA .,49,1.14038007224603,1.16697115302565,1.18368830924993,1.15168157683738,1.12073465750126
IFN-γ  IL-10  and TNF-α were measured in supernatants by ELISA using OptEIA ELISA kits  BD Pharmingen .,16,1.22428129709392,1.24730625775202,1.23395692157491,1.2451106238156,1.15942847174906
Frozen or paraffin-embedded sections of synovial tissue from patients with untreated active RA were obtained by arthroscopic biopsy and supplied by Malcolm Smith  Repatriation Hospital  Adelaide  Australia .,27,1.03183632782789,1.00321522332637,1.13397827171832,1.16297879955662,1.21039542721157
Normal synovial tissue was obtained at arthroscopy from patients undergoing arthroscopy for nonspecific knee pain and in whom no abnormality was found.,22,1.17045927269814,1.07273276514127,1.17759158960573,1.1774772342652,1.219789487382
After fixation with acetone  sections were stained with anti-CD11c or anti-CD123 using an immunoperoxidase technique  and revealed with diaminobenzidine  brown .,20,1.03028471819432,1.16112506391225,1.25749763604156,1.2235629950438,1.26256090538807
Frozen sections were double-stained with U. europaeus agglutinin I  Ulex   a lectin that specifically binds endothelial cells  fast red   and anti-CD123  brown   using a double  immunoperoxidase-immunoalkaline phosphatase technique as described elsewhere.,31,0.929906002879462,1.06937118063506,1.16026380760484,1.12946455453987,1.16549605442273
Formalin-fixed paraffin-embedded sections were antigenretrieved in 10 mM citrate buffer at pH6 in an autoclave  then stained with anti-CD123  diaminobenzidine  brown  alone  or in combination with anti-RelB  BCIP  DAKO  purple .,30,1.01567408811088,1.14722289846366,1.22123450028952,1.17865038977707,1.22702819537431
Sections were counterstained with hematoxylin except when they had been double-stained for CD123 and RelB and were photographed using a transmitted-light microscope  Leitz Diaplan  Leica  Germany .,26,1.08827002629654,1.12883772312904,1.25355769443191,1.22211885479037,1.2573596167261
To quantitate infiltration by CD123+ DCs  the number of CD123+ Ulex -cells was counted in sections double-stained with CD123 and Ulex.,21,1.10763979531984,0.931063844458827,1.16282090646622,1.20071896526621,1.16513282760981
Cells were counted in each of the entire sections from three patients and three normal controls at high power  and for each biopsy this number was corrected for the area of the section to obtain the number per mm 2 .,40,1.07707036014769,0.578170810528222,1.1450512627912,1.05426460628128,1.10715029617905
To quantitate infiltration by CD11c+ cells  the number of these cells was counted in three high-power fields of the synovial sublining in sections from three patients and three normal controls.,30,1.05319545532205,0.57096775345235,0.989366998218345,1.03256305847539,1.08083846771198
Differences were analyzed using unpaired Student's t-tests.,7,1.28270963184783,1.26248066865133,1.31346523695506,1.28560259636326,1.28395354551041
We have previously shown that synovial tissue in RA and spondyloarthropathy is enriched in differentiated myeloid DCs that express CD33  CD11c  MHC class II  costimulatory molecules  and nuclear RelB.,29,1.04103766684322,1.06930659683006,1.01388774025431,1.10147520767322,1.11282215372806
Translocation of RelB to the nucleus is associated with maturation and APC function of myeloid DCs.,16,1.21372028400433,1.23668435268152,1.1969666745475,1.2323976436641,1.1981108393332
These nuclear RelB + DCs are absent in normal synovial tissue and are rare in RA SF.,17,1.03622980203766,1.06589425139235,0.980728866809233,1.07155751466031,1.05164420360944
To determine whether RA synovial tissue was infiltrated by CD123+ pDCs in addition to CD11c+ myeloid cells  frozen synovial tissue sections  either normal or from patients with RA or spondyloarthropathy  were stained with CD11c or CD123.,36,0.942792392780057,0.877272981572053,0.911109385924695,0.999373362999548,1.06760949572371
CD11c+ cells were found both in the lining layer and adjacent to vessels in the sublining of normal synovial tissue.,20,1.08162097716192,1.02879110422028,1.00908312965772,1.1182973108643,1.15127198381854
In contrast  CD123 only stained endothelial cells in the normal tissue  Figure-1 .,12,1.07346856622837,1.0591557423299,1.01437476457852,1.10676287911808,1.14483549392828
In RA synovial tissue  CD11c again stained cells adjacent to vessels  now within lymphoid aggregates in the sublining.,18,0.952683921700841,1.00959850127856,0.909052797059699,1.06366613342862,1.10548250219121
A population of CD123+ cells with dendritic appearance was also stained adjacent to CD123+ blood vessels in RA Figure-1.,19,1.00582350903863,1.10666202815977,0.941920273204021,1.04770205508223,1.1132050772692
Cells expressing TNF-α in RA synovial tissue were found in a similar location in serial sections  data not shown   as demonstrated previously.,22,0.992278362432912,0.961068963629471,0.984886276850068,1.05085982941327,1.10201529432517
To confirm the perivascular CD123+ cells in synovial tissue  normal and RA synovial tissue were double-stained with the endothelial cell marker Ulex agglutinin  red  and with CD123  brown .,28,0.932394775742478,0.964707637207622,0.937166998731352,1.00897823977471,1.11284861963031
Whereas all CD123+ structures in normal synovial tissue colocalized with Ulex agglutinin  orange   single-stained CD123+ cells  brown  were located in perivascular lymphoid aggregates and within the lumen of occasional blood vessels in RA synovial tissue Figure-1.,36,0.87374388686375,0.97734446789901,0.960750693551621,1.02346625794532,1.09378071843436
These CD123+ cells are similar in appearance to those previously demonstrated as CD123+ pDCs in human tonsil  in that they are smaller than CD11c+ myeloid DCs  with shorter dendritic processes  and cell clusters gave the appearance of locally proliferating cells Figure-1 .,41,1.13350506472773,1.11626206799807,1.05910483610965,1.11815324896877,1.10558415396755
While some macrophages can express CD123  there was no colocalization in synovial tissue of CD123 and CD68  data not shown .,20,1.10450440716221,1.08221239181404,1.09256941603147,1.13338754489167,1.15062264270969
However  aside from the dendritic morphology  we cannot exclude that some of the CD123+ cells stained are mast cells.,19,1.14108576548109,1.13906642598658,1.02315845069805,1.10817711769576,1.16141569923914
To determine whether CD123+ cells in synovial tissue were also nuclear RelB +   formalin-fixed tissue was double-stained for RelB and CD123 without hematoxylin counterstaining.,24,0.992470105495125,1.02659741806943,1.07739207919654,1.12215978168074,1.14245196833938
No CD123+ cells had translocated RelB to the nucleus although some expressed cytoplasmic RelB  Figure-1.,15,1.17251281497161,1.20386314552089,1.11670142413809,1.19801195145022,1.19393125934184
In contrast  nuclear staining of RelB was evident in adjacent CD123- cells  Figure-1 arrows .,14,1.0615382828447,1.15906120777314,1.09059713795211,1.15089282841313,1.18762678324337
All patients with RA showed similar infiltration by pDCs and no differences in the cell numbers or location were noted between patients with RA or spondyloarthropathy  data not shown .,29,1.13936459866215,1.02752602724717,1.08776406580484,1.09943308129641,1.13870835194671
We quantitated pDCs in normal or RA synovial tissue by counting CD123+ Ulex -cells in synovial tissue sections from patients with RA or normal controls stained with CD123 and Ulex as shown in Figure-1.,34,0.963445070675892,0.829037067834241,1.02273098076703,1.05527399268554,1.13292715264558
Whereas no pDCs infiltrated the normal tissue  approximately 22 pDCs per mm 2 were identified within the RA tissue Figure-2 .,20,1.07197558905203,1.04593200080563,1.10603983806022,1.10184753124008,1.15258933898426
This number is similar to the number of nuclear RelB + differentiated DCs identified previously in RA synovial tissue.,19,1.03277980415271,1.0037510048522,1.04005364788452,1.11716021673418,1.11866772239856
In contrast  CD11c+ cells infiltrated both normal and RA synovial tissue  with significantly larger numbers in RA  P < 0.05  Figure-2 .,22,1.06139447305062,0.976061750449169,1.00005709313583,1.06639906784409,1.11581851567849
We conclude that the CD123+ cell population is most likely a pDC population that infiltrates RA and spondyloarthropathy but not normal synovial tissue and that it is distinct from the described nuclear RelB + DCs.,35,1.01351554323469,0.995847583728044,1.00471931505825,1.05234412096201,1.07901992035452
CD11c+ cells comprise immature and differentiated myeloid DCs as well as monocytes.,12,1.20017368002528,1.16456721502743,1.02435482411616,1.15618262999184,1.12528101974572
Differentiated nuclear RelB + DCs are found within the CD11c+ DC population in RA and other inflammatory arthritides but not in normal synovial tissue.,24,1.00655494766552,1.00660212687586,0.994194633952041,1.06460717779213,1.08598677227223
Workers in our laboratory have previously shown that RA SF is enriched in CD11c+ CD33 bright CD14 -myeloid DCs with efficient APC function.,23,1.14548648878906,1.16884775396307,1.03746443605146,1.09427981858815,1.0741473925681
However  when freshly isolated  only a small proportion of SF CD33 bright CD14 -DCs have translocated RelB to the nucleus.,20,1.15087792026408,1.19689949630449,1.12457507968335,1.14779747201858,1.12706697059936
RA and normal PB mononuclear cells contain similar proportions of CD33 bright CD14 -DCs.,14,1.07672281806275,1.06366281044814,0.864118740719661,0.992937164360752,1.04576652754198
To examine plasmacytoid and myeloid DCs in parallel  we compared RA SF with RA and healthy  control PB for the proportion of CD123+ and CD11c+ HLA-DR + CD14 -DCs.,29,1.14744826181583,1.12768995486094,0.971499357846205,1.04294745008784,1.00772683414484
After purification of mononuclear cells from either normal or RA PB or RA SF by gradient centrifugation  cells were stained with CD123-PE  CD11c-FITC  CD14-PECy5  and HLA-DR-APC.,26,1.06397010490613,1.07727532225206,0.736174348470151,0.92494663043509,0.97846602494007
Polymorphonuclear cells were excluded on the basis of forward and side light-scatter.,12,1.23527778369352,1.1888020919311,0.948703667868436,1.09082479050639,1.20490887651036
Since basophils and monocytes can also express CD123  potential CD123+ non-DCs were excluded by gating CD14 -HLA-DR + cells.,19,1.18130665673473,1.1607933428283,1.02717202159496,1.11147248842765,1.13672763481304
By fourcolor analysis  CD14 -HLA-DR + CD123+ and CD11c+ DC populations could be distinguished Figure-3 .,15,1.21562325372432,1.23191364068279,1.21149967375456,1.18731680061281,1.19886861348702
The percentages of CD123+ CD11c -pDCs in RA PB and normal PB were low and did not differ from each other.,21,1.16307849557584,1.12692506669047,1.05903320422617,1.09522856903972,1.11655516393313
This observation contrasts with the reduction in pDCs observed in blood from patients with systemic lupus erythematosus.,17,1.23487637781978,1.19484318035089,1.18337296966581,1.23426594605081,1.23346044261198
CD11c+ CD123 -myeloid DCs were more common than CD123+ DCs in patient and control blood  P < 0.005   in keeping with previous studies of normal PB.,27,1.14825087763515,1.15056909480746,1.09579034722803,1.09462924979738,1.10411072077965
RA SF contained a significantly greater percentage of CD11c+ DCs than normal or RA PB  P < 0.005  -in accord with previous studies using the markers CD33 and CD14.,30,1.12586416167453,1.11816050126165,0.974361501991405,1.02939979669789,1.03322889471848
The proportion of CD11c+ DCs in RA SF was higher than that of RA SF CD123+ DCs  P < 0.05 .,21,1.21368071091236,1.20517588370185,1.10050798609639,1.18490901078979,1.13970878728581
Although the difference was small  the percentage of CD123+ DCs in RA SF was higher than in RA or control PB  P < 0.05 .,25,1.17589036268102,1.16413715081002,1.02952894946681,1.08916455022095,1.07045502969215
The data show that CD123+ DCs are present in RA SF  and that the ratio of CD11c+ to CD123+ DCs is similar in RA SF to that in normal or RA PB  approximately 10:1 .,35,1.13354572988559,1.1221039110801,0.990865049024201,1.03306437214608,0.998366453236809
In RA synovial tissue  mature myeloid nuclear RelB + and CD123+ DCs have infiltrated perivascular lymphoid aggregates in similar numbers.,20,1.00620992711921,1.0466795022216,1.02415846300094,1.12876204344724,1.10923295875486
Previously  similar numbers of immature and mature myeloid DCs were identified in RA synovial tissue.,15,1.07398188429744,1.04032377470416,1.02333765883128,1.12302147361029,1.11551505152337
Thus pDCs make up about 30% of DCs within RA synovial tissue.,12,1.08142191330408,1.06661307634057,1.06408527093538,1.15050544837225,1.14183338322849
The present and previously published data  taken together  show that both pDCs and myeloid DCs are recruited to RA synovium  with an enrichment of pDCs in synovial tissue relative to blood or SF.,33,1.05078211828169,1.03334057048391,0.91304131309847,1.0515728616799,1.01279407156412
In normal PB  pDCs circulate as precursors with the potential for recruitment into tissues in response to chemokines.,18,1.19696334564462,1.15786051002401,1.12956209357161,1.12408344662131,1.13083366046384
These precursors exhibit a characteristic plasmacytoid morphology on electron microscopy  a cell-surface phenotype characterized by expression of the BDCA2 antigen  by low levels of costimulatory molecule expression  and by the potential for IFN-α production in response to viral or immunostimulatory CpG DNA motifs.,43,1.21371324256056,1.19165622428872,1.18906610472904,1.10955806469172,1.18562959848238
We therefore analyzed the characteristics of sorted RA SF CD123+ DCs and compared them with control PB CD123+ DCs.,19,1.16313152536396,1.1504624543519,1.00939419142569,1.03482559801106,1.00356169777866
On electron microscopic examination  freshly sorted PB and SF CD123+ DCs appeared similar  with a smooth surface and abundant rough endoplasmic reticulum in the cytoplasm.,25,1.16271296884512,1.17605813128288,1.07377826208754,1.07066188539677,1.04746131377795
The nucleus was nonlobulated and abundant in euchromatin and contained a distinct nucleolus Figure-4 .,14,1.21687593829301,1.2288928814771,1.25381353121663,1.2323465111344,1.25644525850499
CD11c+ PB DCs were morphologically distinct from the CD123+ pDCs  with a lobulated nucleus and some phagocytic vesicles.,18,1.18231338700068,1.20902024544211,1.15894661496993,1.17678964690169,1.15625834221866
CD11c+ DCs from SF showed more membrane ruffling and phagocytic activity than those from PB Figure-4 .,16,1.23599808183729,1.24985821123635,1.08400793618588,1.14017518421906,1.10090819875873
Thus SF CD123+ DCs morphologically resemble CD123+ DCs in PB  whereas CD11c+ SF DCs display a greater level of ruffling and phagocytic activity  consistent with their enhanced level of activation  than CD11c+ circulating precursors.,34,1.19762503608678,1.19666476509249,1.06261792331381,1.10663901111437,1.04635757426856
On four-color flow cytometric analysis  gated RA SF CD14 -HLA-DR + CD123+ DCs expressed low levels of CD40  CD80  and CD86.,21,1.13898608906361,1.16592748304597,1.02543827680426,1.0980271136901,1.0632475853692
All or the majority of SF CD123+ DCs expressed the BDCA2 marker of immature pDC precursors.,16,1.22427317041714,1.20946042451471,1.10598400951392,1.15552390720971,1.11156977438494
This cell-surface phenotype closely resembles that of control PB CD123+ DC precursors  although BDCA2 was consistently expressed at high levels only by a subset of CD123+ HLA-DR + cells in PB Figure-4.,32,1.1741098761485,1.11631347118947,1.08413774858535,1.01857555962001,1.1026989359288
No PB or SF cells expressed the DC differentiation marker CD83  data not shown .,14,1.18854457342369,1.15711478437086,0.96882825215072,1.0145800699884,1.02319046177031
However  SF CD123+ and CD11c+ DCs expressed higher levels of cell-surface HLA-DR than the corresponding cells in PB  suggesting some cellular activation within the SF environment.,26,1.16584175224949,1.13874800639152,0.997512186882544,1.05763633304339,1.00190913287057
Thus CD123+ pDCs comprise a small proportion of RA SF mononuclear cells  which are predominantly immature but show some evidence of activation in situ.,24,1.11838446892447,1.10862701728626,0.90710187828927,1.03431265089002,1.05596892714071
These observations regarding phenotype and PB and SF numbers are consistent with findings in two recent studies.,17,1.23617609034348,1.14554208443059,1.13156872741698,1.11047704192582,1.10614948255281
We have previously shown that freshly isolated CD33 bright CD14 -CD11c+ SF DCs efficiently stimulate resting T cells in allogeneic mixed lymphocyte reactions.,23,1.14529456827136,1.14996390479952,1.00774237746438,1.05824752846252,0.937241895236375
In contrast  whereas freshly isolated CD11c+ PB DCs are efficient APCs in mixed lymphocyte reactions  CD123+ PB DCs usually require prior activation in the presence of IL-3 and CD154 for acquisition of APC function in this assay.,37,1.18169715386312,1.18236033970472,1.11074556638845,1.09844996396848,1.01550334662402
To analyse the functional capability of RA SF DCs  CD11c+ and CD123+ DCs were sorted from either normal PB or RA SF and incubated with freshly isolated normal allogeneic PB T cells.,32,1.09632765265685,1.0576308882592,0.8883365773113,0.911336257493658,0.859493638540851
Freshly isolated PB CD11c+ but not CD123+ DCs efficiently stimulated allogeneic T-cell proliferation and IFN-γ and IL-10 production in mixed lymphocyte reactions.,22,1.19784038730572,1.2025257792673,1.10093692073504,1.12154437085495,0.932848601283408
Addition of IL-3 made no difference to the T-cell proliferation in response to CD123+ DCs  data not shown   suggesting that death of the APCs was not responsible.,27,1.22093747502644,1.19100196496129,1.19667781013274,1.19043123478732,1.09225842180503
In contrast  both freshly isolated CD11c+ and CD123+ SF DCs efficiently stimulated proliferation and IFN-γ and IL-10 production by resting normal allogeneic T cells  Figure-5 .,25,1.16674411471507,1.11562682547147,0.98999415686286,1.04114384941594,0.913273957500237
A recent study demonstrated the capacity of RA SF to inhibit pDC differentiation in vitro.,15,1.21033656477288,1.24206737590377,1.10097601713236,1.15329209772027,1.12508603439499
The current studies are consistent  in that SF pDCs showed only some evidence of activation in situ  but once incubated in mixed lymphocyte reactions in the absence of SF they displayed enhanced APC function relative to that of PB pDCs.,40,1.18656191798433,1.19786856656145,1.05945254772603,1.06686313989203,1.00495873647417
Whereas stimulation of mixed lymphocyte reactions either by CD11c+ or by CD123+ PB DCs resulted in little TNF-α production  stimulation by either of these DCs from RA SF resulted in high levels of TNF-α secretion Figure-5 .,36,1.16772915774023,1.16775480179036,0.999699567389211,1.05459848510156,0.963760813066103
The data indicate that pDCs have the capacity for enhanced APC function relative to PB pDCs once removed from the RA SF environment.,23,1.15720051747496,1.15804704990167,1.01276239626795,1.04510687143796,1.02943374788038
Furthermore  at the time of antigen presentation by SF DCs to T cells  production of a number of cytokines by either T cells or DCs may be stimulated  including TNF-α  and this appears to be a characteristic of RA synovial DCs rather than the subtype of stimulating DCs.,48,1.09377471858607,1.05002334927585,0.929468109499991,1.03232197265918,1.00751186113257
Ongoing inflammation in RA involves positive feedback loops between activated T cells  B cells  DCs  macrophages  and their products  with destructive consequences for parenchymal cells.,25,1.08662420506638,1.1180653420147,0.94863056236686,1.08973483399216,1.09431798139497
Clinical and animal data indicate that effector-site DCs play an important proinflammatory role in the perpetuation of autoimmune disease and contribute to the lymph-node-like organization of that tissue.,28,1.18221465452395,1.16043356965276,1.20924039844287,1.22052945130772,1.16903964362987
This role may be effected by local antigen presentation to CD4 + and CD8 + effector cells  but DC cytokine and chemokine secretion are also important.,26,1.18219623718198,1.18398758674922,1.1258821826941,1.14414933748807,1.11897483162065
TNF-α and IL-1β are important downstream proinflammatory and destructive cytokines in RA for somatic cells  whose release is promoted by activation of macrophages.,23,1.17103285728531,1.18250434019001,1.05044205894509,1.13354467022669,1.13519337542463
IL-10 is highly expressed in RA  and IFN-γ is an important T-cell effector cytokine.,14,1.20244175204337,1.22332250254831,1.12117954276379,1.18083564580273,1.12920784351306
In the current studies  we show that  in addition to the previously described population of nuclear RelB + DCs  a further population of nuclear RelB -CD123+ pDCs is located in perivascular regions of RA but not normal synovial tissue sublining.,40,1.01355145217154,1.01080033871393,1.04288650505484,1.07402558058741,1.1066002698457
Moreover  pDCs were located within blood vessels  and both DC populations were observed in perivascular areas in which cells producing TNF-α were colocated.,23,1.12258582842293,1.12952157784093,1.05093473416248,1.12263132281212,1.14899183774554
Adherence of CD123+ and CD11c+ DCs to TNF-α-activated endothelium was higher than to resting endothelium in vitro  data not shown .,20,1.22037111768386,1.18557321283712,1.18856170426867,1.20084288954948,1.17140000878116
TNF-α plays an important role in the recruitment of other leukocytes to RA synovial tissue  and this most likely pertains to the recruitment of pDCs to RA but not normal synovial tissue through expression of adhesion molecules such as intercellular adhesion molecule  ICAM -1  CD62-E  and CD62-P and interaction with their ligands on pDCs.,54,1.08947518840769,1.09156954350988,1.06280865788493,1.08852803036631,1.15001997669834
Furthermore  TNF-α up-regulates synthesis of chemokines by endothelial cells.,9,1.23166309986157,1.22625234718567,1.08579918523123,1.21113737014002,1.18220602836434
During experimentally elicited allergic rhinitis  CD123+ HLA-DR + pDCs have been shown to be recruited to human nasal mucosa.,19,1.22098566940721,1.22899934738212,1.22315995287561,1.21355813187104,1.23365413720672
The gene for MxA is specifically induced by IFN-α and therefore identifies a population of activated pDCs.,17,1.23342771545318,1.23146024593227,1.22530158307597,1.21317844036531,1.20566527675751
In contrast  BDCA2 is a marker of immature pDCs.,9,1.25718119493517,1.25536794870265,1.23116226684594,1.21714090857204,1.25154443263965
MxA + pDCs have previously been demonstrated in involved lupus skin inflamed tonsil.,13,1.19745085321281,1.20518813060463,1.20038590073087,1.22546183862028,1.21347093709457
In RA synovial tissue  BDCA2 was shown to stain fewer cells than CD123 or MxA  suggesting differentiation in situ of a large proportion of pDCs into cells with a capacity for production of IFN-α and other cytokines.,37,1.03797344921972,1.01974141515034,0.92351518154378,1.05070690119489,1.09161024895361
Together  the current and previous studies demonstrate recruitment of pDCs to normal lymphoid organs as well as inflammatory sites  with local differentiation  but no recruitment to normal peripheral tissues.,29,1.17493177550194,1.13282842574407,1.12709134539055,1.13749842052326,1.14907355069723
In contrast  CD11c+ myeloid precursors populate normal resting tissues  as shown here  but additional CD11c+ myeloid cellular recruitment takes place at inflammatory sites  where RelB nuclear translocation takes place.,29,1.16068940317102,1.1654629884042,1.17198092465533,1.15506864616657,1.16144218440176
We have previously shown that  like synovial pDCs  CD123+ DCs in the T-cell area of human tonsil are also nuclear RelB-.,21,1.14067394768853,1.10411613540244,1.13146038547817,1.17220961399444,1.14183963343974
The data suggest either that activation of pDCs is not associated with nuclear translocation and transcriptional activity of RelB or that conditions in tonsil and synovium do not induce sufficient RelB translocation for detection by immunohistochemistry.,36,1.13633961835443,1.15710733200846,1.18304140688336,1.17388130156279,1.14969890763086
As preliminary studies in vitro demonstrate induction of RelB in PB pDCs after stimulation with lipopolysaccharide and CpG  and reduced production of IFN-α by pDCs in RelB-deficient mice  it is likely that RelB activation does accompany pDC activation.,38,1.21013362259095,1.23958213577417,1.17531487564543,1.18475408690847,1.15027854507792
However  RelB translocation might be quantitatively reduced or RelB might be more rapidly degraded in the nucleus of pDCs than of myeloid DCs in inflamed tissues.,26,1.15558399353902,1.17430794460262,1.18223253036574,1.21866105408446,1.17244339988346
Of relevance to the RA inflammatory lesion  stimulation of blood pDC precursors with signals including CD154  influenza virus  or CpG oligonucleotides induces production of large amounts of cytokines  including IFN-α  IFN-β  and TNF-α  induction of DC differentiation  and stimulation of APC function.,42,1.13617902383664,1.16712294736046,1.07001658249591,1.09738743494588,1.11713936856506
Although inhibitory effects of SF on DC function  and thus on T-cell proliferation and cytokine production  are confirmed here  factors in the RA SF environment  such as IL-3 and CD154  R238 may be sufficient to precondition the SF pDCs for efficient APC function ex vivo.,45,1.17036765279628,1.19397162684974,1.05607642942506,1.08492582958129,1.02623346293232
IFN-γ  IL-10  and TNF-α were produced in mixed lymphocyte reactions stimulated by myeloid or pDCs derived from SF but not PB  potentially by DCs or by T cells or both.,30,1.17307203216424,1.16228989327733,0.955806889486252,1.05800204712297,0.912834328704501
In the tissue  as a result of antigen presentation by myeloid DCs or pDCs  key effector cytokines may be produced in perivascular areas in RA  located strategically close to endothelial cells  as well as incoming leukocytes.,36,1.07223438707892,1.08392970911499,1.03798870011628,1.09103718812606,1.08581001079836
It is not known whether pDCs are capable  like myeloid DCs  of migration from synovial tissue to draining lymph nodes.,20,1.14557750164069,1.1254630002274,1.14220793264438,1.20539151674681,1.15568773241796
However  it seems probable that pDCs conditioned by local IL-3 and CD154  or even viral or bacterial products transported to the synovium  predominantly play local proinflammatory and antigen-presenting roles  through secretion of cytokines such as IFN-α and possibly TNF-α.,39,1.21642788039364,1.21955380829508,1.18901273886389,1.20917545363739,1.18161232781042
pDCs are recruited to RA synovial tissue and comprise an APC population distinct from the previously described nuclear RelB + synovial DCs.,22,1.04031625434927,1.06960524020985,1.03901498957033,1.10504941538786,1.12944401459891
The APC function of pDCs is greater in SF than in PB.,12,1.26391346331533,1.26881209094552,1.12504932709917,1.16059962510131,1.14486811467321
Activated pDCs and interacting T cells may contribute significantly to the inflammatory environment in RA.,15,1.17134128584147,1.1516225400805,1.02563054869508,1.14044501564979,1.15122287446133
