Fig,Caption
1,"Figure-1 Nuclear RelB-CD123+ plasmacytoid dendritic cells (pDCs) are located in close association with cells expressing tumor necrosis factor (TNF)-α in lymphoid aggregates of rheumatoid arthritis (RA) synovial tissue. Sections of frozen normal human synovial tissue (a, b, e) or synovial tissue from a patient with untreated active RA (c, f, g) or formalin-fixed sections from a patient with active RA (d, h, i) were stained with anti-CD11c (brown, a, c), anti-CD123 (brown, b, d), or anti-TNF-α (brown, g) using an immunoperoxidase technique. For double staining, sections were stained with Ulex (red) and anti-CD123 (brown, e, f, g) or with RelB (purple) and CD123 (brown, h, i) using a double, immunoperoxidase–immunoalkaline phosphatase technique. All sections were counterstained with hematoxylin (blue) except h and i, in which the nucleus of CD123+ cells appears as a hole. The thick arrow in d identifies a blood vessel. Thin arrows denote representative CD123+ perivascular DCs (d), representative double-stained vessels (e), a CD123+ cell within a blood vessel (f), and nuclei stained by RelB (h). Data are representative of at least three separate RA donors in individual experiments. Scale bars represent 20 μm."
2,"Figure-2 CD123+ dendritic cells (DCs) and CD11c+ cells are enriched in rheumatoid arthritis (RA) synovial tissue (ST). CD123+ DCs were quantitated by counting the number of CD123+Ulex- cells in sections double-stained with CD123 and Ulex. Cells were counted in each of the entire sections from three patients and three normal controls at high power, and for each biopsy this number was corrected for the area of the section to obtain the number/mm2. To quantitate CD11c+ cellular infiltration, the number of CD11c+ cells was counted in three high-power fields of the synovial sublining in sections from three patients and three normal controls. Data represent means ± standard error of the mean."
3,"Figure-3 CD11c+ dendritic cells (DCs) and CD123+ DCs are present in rheumatoid arthritis (RA) synovial fluid (SF). After purification of mononuclear cells from either normal or RA peripheral blood (PB) or RA SF, cells were stained with CD123-PE, CD11c FITC, CD14-PECy5, and HLA-DR-APC. Live HLA-DR+CD14-mononuclear cells were gated; polymorphonuclear cells were excluded on the basis of forward and side light-scatter. Scatter plots depict percentage of total PB or SF cells expressing the indicated markers for all donors. APC, antigen-presenting cell; PBMC, peripheral blood mononuclear cells; PE, phycoerythrin; SFMC, synovial fluid mononuclear cells."
4,"Figure-4 Morphology and cell-surface phenotype of dendritic cell (DC) subpopulations. (a) Freshly isolated CD11c+CD123- DCs and CD123+CD11c- DCs were sorted from either normal peripheral blood (PB) or rheumatoid arthritis (RA) synovial fluid (SF) according to the gating strategy outlined in the legend to Fig. 3 and were then prepared for transmission electron microscopy. Micrographs are representative of three separate donors. Scale bars represent 20 μm. (b) Normal PB or RA SF mononuclear cells were stained with CD123-PE, CD14-PECy5, HLA-DR-APC, and either isotype control or the depicted marker labelled with FITC. Live HLA-DR+CD14-CD123+ cells or HLA-DR+CD14-CD11c+ cells were gated; polymorphonuclear cells were excluded on the basis of forward and side light-scatter. The expression of isotype control (dotted lines) and indicated markers (continuous lines) by the gated cells are depicted. Data are from three donors of normal PB or RA SF. APC, antigen-presenting cell; PE, phycoerythrin."
5,"Figure-5 CD123+ and CD11c+ synovial fluid (SF) dendritic cells (DCs) are efficient antigen-presenting cells (APCs) and induce secretion of tumor necrosis factor α. Freshly sorted CD123+CD11c- or CD11c+CD123- DCs from either normal peripheral blood (PB) (a–d) or rheumatoid arthritis (RA) SF (e–h) were incubated with 105purified normal allogeneic T cells. T-cell proliferation was measured by [3H]thymidine incorporation of triplicate wells after 60 hours (a, e). Unstimulated T-cell proliferation was routinely <500 cpm. Data represent means ± standard error of the mean of triplicate wells and are from three individual PB and SF donors. The concentrations of IFNγ, IL-10, and tumor necrosis factor (TNF)-α were measured in supernatants of allogeneic mixed lymphocyte reactions stimulated by sorted PB (b–d) or SF DCs (f–h). Data are means of duplicate samples and are from two separate SF donors."
