Text
"<p>Rheumatoid arthritis (RA) is characterized by infiltrations of macrophages and T cells into the joint, and synovial hyperplasia. Proinflammatory cytokines released from these cells are known to be important in the destruction of joints in RA. The favorable clinical benefits obtained with inhibitors of tumor necrosis factor (TNF)-α) and interleukin (IL)-1 suggest that the blockade of key inflammatory cytokines has been the important issue in the development of new therapeutic applications.</p>"
"<p>A little over a decade ago, the primacy of T cells in the pathogenesis of autoimmune disease such as RA was undisputed because they are the largest cell population infiltrating the synovium. However, a series of studies demonstrated paucity of T cell-derived cytokines such as IL-2 and interferon-γ in the joints of RA, whereas macrophage and fibroblast cytokines including IL-1, IL-6, IL-15, IL-18 and TNF-α were abundant in rheumatoid synovium. This paradox has questioned the role of T cells in the pathogenesis of RA. Because we have already demonstrated the enhanced proliferation of antigen specific T cells, especially to type II collagen, and the skewing of T helper type 1 (Th1) cytokines in RA, the role of T cells needs to be elucidated in different aspects.</p>"
"<p>IL-17 is one of the inflammatory cytokines secreted mainly by activated T cells, which can induce IL-6 and IL-8 by fibroblasts. This cytokine is of interest for two major reasons: first, similarly to TNF-α and IL-1, IL-17 has proinflammatory properties; second, it is produced by T cells. Recent observations demonstrated that IL-17 can also activate osteoclastic bone resorption by the induction of RANKL (receptor activator of nuclear factor κB [NF-κB] ligand), which is involved in bony erosion in RA. It also stimulates the production of IL-6 and leukemia inhibitory factor by synoviocytes, and of prostaglandin E 2 and nitric oxide by chondrocytes, and has the ability to differentiate and activate the dendritic cells. Levels of IL-17 in synovial fluids were significantly higher in patients with RA than in patients with osteoarthritis (OA), and it was produced by CD4 + T cells in the synovium.</p>"
"<p>IL-15, secreted from activated macrophages, has been reported to be an important trigger of IL-17 production in RA peripheral blood mononuclear cells (PBMC) by cyclosporine and steroid sensitive pathways. Recently, Happel and colleagues also showed that IL-23 could be an efficient trigger of IL-17 production from both CD4 + and CD8 + T cells.</p>"
"<p>Although the contribution of IL-17 in joint inflammation in RA has been documented in earlier studies, the intracellular signal transduction pathway for IL-17 production remains uncertain. In the present study we used various stimuli to investigate IL-17 production in PBMC of patients with RA and its signaling transduction pathway.</p>"
<p>We found that the intracellular signaling pathway involving phosphoinositide 3-kinase (PI3K)/Akt and NF-κB might be involved in the overproduction of the key inflammatory cytokine IL-17 in RA. These results might provide new insights into the pathogenesis of RA and future directions for new therapeutic strategies in RA.</p>
"<p>Informed consent was obtained from 24 patients (5 men and 19 women) with RA who fulfilled the 1987 revised criteria of the American College of Rheumatology (formerly the American Rheumatism Association). The age of the patients with RA was 50 ± 8 (mean ± SEM) years (range 23-71 years). All medications were stopped 48 hours before entry to the study. Comparisons were made with 14 patients with OA (3 men and 11 women) and with 14 healthy controls (3 men and 11 women) who had no rheumatic diseases. The mean ages of the patients with OA and the healthy controls were 50 ± 8 years (range 34-68 years) and 30 ± 6 years (range 24-57 years). Informed consent was obtained, and the protocol was approved by the Catholic University of Korea Human Research Ethics Committee.</p>"
"<p>Recombinant IL-17, IL-18, IL-15, monocyte chemoattractant protein-1 (MCP-1), macrophage inflammatory protein (MIP)-1α, MIP-1β, IL-6 and IL-8 were purchased from R & D systems (Minneapolis, MN, USA). Recombinant transforming growth factor (TGF)-β was purchased from Peprotech (London, UK). Recombinant TNF-α and IL-1 were purchased from Endogen Inc. (Cambridge, MA, USA). Cyclosporin A was provided by Sandos Ltd. (Basel, Switzerland). Phytohemagglutinin (PHA), pyrrolidine dithiocarbamate (PDTC), rapamycin, dexamethasone and curcumin were all obtained from the Sigma Chemical Co. (St Louis, MA, USA). Anti-CD3 monoclonal antibody and anti-CD28 monoclonal antibody were obtained from BD Biosciences (San Diego, CA, USA). LY294002, SB203580, FK506, wortmannin and PD98059 were obtained from Calbiochem (Schwalbach, Germany).</p>"
"<p>PBMC were prepared from heparinized blood by FicollHypaque (SG1077) density-gradient centrifugation. Cell cultures were performed as described previously. In brief, the cell suspensions were adjusted to a concentration of 10 6 /ml in RPMI 1640 medium supplemented with 10% fetal calf serum, 100 U/ml penicillin, 100 mg/ml streptomycin and 2 mM L-glutamine. Cell suspension (1 ml) was dispensed into 24-well multi-well plates (Nunc, Roskilde, Denmark), and incubated for 24 hours at 37°C in 5% CO 2 . Subsequently, various concentrations of cyclosporin A (10-500 ng/ml) were added to the medium and cells were incubated for 24 hours. To each well was added FK506, rapamycin, curcumin, PDTC, LY294002, SB203580, PD98059, dexamethasone or wortmannin. After incubation for 24 hours (unless otherwise stated), cell-free media were collected and stored at -20°C until assayed. All cultures were set up in triplicate, and results are expressed as means ± SEM.</p>"
"<p>Anti-CD4 microbeads were used essentially as recommended by the manufacturer (Miltenyi). PBMC were resuspended in 80 µl of FBS staining buffer. Anti-CD4 microbeads (20 µl) were added and incubated for 15 min at 6-12°C. Saturating amounts of fluorochrome-conjugated antibodies were added for a further 10 min. Cells were diluted in 2.5 ml of FBS staining buffer, pelleted, resuspended in 500 µl and magnetically separated, usually on an AutoMACS magnet fitted with a MACS MS column. Flow-through and two 1 ml washes were collected as the negative fraction. Enriched cells were collected in two 0.5 ml aliquots from the column after removal from the magnet. Alternatively, cells stained with anti-CD4-phycoerythrin were washed, magnetically labeled with anti-phycoerythrin microbeads (20 µl added to 80 µl of cell suspension; 15 min, 6-12°C), and magnetically separated as described above. The purity of cells was assessed by flow cytometric analysis of stained cells on a FACS Vantage sorter. Most (more than 97%) of the isolated cells had the CD4 T cell marker.</p>"
"<p>IL-17 in culture supernatants was measured by sandwich enzyme-linked immunosorbent assay as described previously. In brief, a 96-well plate (Nunc) was coated with 4 µg/ml monoclonal antibodies against IL-17 (R & D Systems) at 4°C overnight. After blocking with phosphate-buffered saline/1% bovine serum albumin (BSA)/0.05% Tween 20 for 2 hours at room temperature (22-25°C), test samples and the standard recombinant IL-17 were added to the 96-well plate and incubated at room temperature for 2 hours. Plates were washed four times with phosphate-buffered saline/Tween 20, and then incubated with 500 ng/ml biotinylated mouse monoclonal antibodies against IL-17 (R & D Systems) for 2 hours at room temperature. After washing, streptavidin-alkaline phosphate-horseradish peroxidase conjugate (Sigma) was incubated for 2 hours, then washed again and incubated with 1 mg/ml p-nitrophenyl phosphate (Sigma) dissolved in diethanolamine (Sigma) to develop the color reaction. The reaction was stopped by the addition of 1 M NaOH and the optical density of each well was read at 405 nm. The lower limit of IL-17 detection was 10 pg/ml. Recombinant human IL-17 diluted in culture medium was used as a calibration standard, ranging from 10 to 2000 pg/ml. A standard curve was drawn by plotting optical density against the log of the concentration of recombinant cytokines, and used for determination of IL-17 in test samples.</p>"
"<p>PBMC were incubated with various concentrations of anti-CD3 in the presence or absence of inhibitors (LY294002, PDTC). After 16 hours of incubation, mRNA was extracted with RNAzol B (Biotex Laboratories, Houston, TX, USA) in accordance with the manufacturer's instructions. Reverse transcription of 2 µg of total mRNA was performed at 42°C using the Superscript™ reverse transcription system (Takara, Shiga, Japan). PCR amplification of cDNA aliquots was performed by adding 2.5 mM dNTPs, 2.5 U of Taq DNA polymerase (Takara) and 0.25 µM of sense and antisense primers. The reaction was performed in PCR buffer (1.5 mM MgCl 2 , 50 mM KCl, 10 mM Tris-HCl, pH 8.3) in a total volume of 25 µl. The following sense and antisense primers for each molecules were used: IL-17 sense, 5'-ATG ACT CCT GGG AAG ACC TCA TTG-3'; IL-17 antisense, 5'-TTA GGC CAC ATG GTG GAC AAT CGG-3'; glyceraldehyde-3-phosphate dehydrogenase (GAPDH) sense, 5'-CGA TGC TGG GCG TGA GTA C-3'; GAPDH antisense, 5'-CGT TCA GCT CAG GGA TGA CC-3'. Reactions were processed in a DNA thermal cycler (PerkinElmer Cetus, Norwalk, CT, USA) through cycles for 30 s of denaturation at 94°C, 1 min of annealing at 56°C for GAPDH and IL-17, followed by 1 min of elongation at 72°C. PCR rounds were repeated for 25 cycles each for both GAPDH and IL-17; this was determined as falling within the exponential phase of amplification for each molecule. The level of mRNA expression was presented as a ratio of IL-17 PCR product over GAPDH product. Levels of interleukin (IL)-17 production in peripheral blood mononuclear cells from patients with rheumatoid arthritis (RA; n = 24), patients with osteoarthritis (OA) (n = 14) and normal individuals (n = 14) Levels of interleukin (IL)-17 production in peripheral blood mononuclear cells from patients with rheumatoid arthritis (RA; n = 24), patients with osteoarthritis (OA) (n = 14) and normal individuals (n = 14). Each peripheral blood mononuclear cell was stimulated for 24 hours with or without phytohemagglutinin (PHA; 5 µg/ml). IL-17 was measured in culture supernatants by sandwich enzyme-linked immunosorbent assay. Data are expressed as means and SEM. One representative result of five independent experiments is shown. Student's t-test was used to compare each group. *, P < 0.05; **, P < 0.001.</p>"
"<p>Western blot analysis of Akt, phosphorylated Akt and IκB-α PBMC were incubated with anti-CD3 (10 µg/ml) in the presence or absence of LY294002 (20 µM). After incubation for 1 hour, whole cell lysates were prepared from about 10 7 cells by homogenization in the lysis buffer, and centrifuged at 14,000 r.p.m. (19,000 g) for 15 min. Protein concentrations in the supernatants were determined with the Bradford method (Bio-Rad, Hercules, CA, USA). Protein samples were separated by 10% SDS-PAGE and transferred to a nitrocellulose membrane (Amersham Pharmacia Biotech, Uppsala, Sweden). For western hybridization, membrane was preincubated with 0.1% skimmed milk in TBS-T buffer (0.1% Tween 20 in Tris-buffered saline) at room temperature for 2 hours, then primary antibodies against Akt, phosphorylated Akt and IκB-α (Cell Signaling Technology Inc., Beverly, MA, USA), diluted 1:1000 in 5% BSA/TBS-T, were added and incubated overnight at 4°C. After washing four times with TBS-T, horseradish peroxidase-conjugated secondary antibodies were added and allowed to incubate for 1 hour at room temperature. After TBS-T washing, hybridized bands were detected with the enhanced chemiluminescence (ECL) detection kit and Hyperfilm-ECL reagents (Amersham Pharmacia).</p>"
"<p>Nuclear proteins were extracted from about 5 × 10 6 PBMC. Oligonucleotide probes encompassing the NF-κB binding site of the human IL-17 promoter (5'-ATG ACC TGG AAA TAC CCA AAA TTC-3') were generated by 5'-end labeling of the sense strand with [γ-32 P]dATP (Amersham Pharmacia) and T4 polynucleotide kinase (TaKaRa). Unincorporated nucleotides were removed by NucTrap probe purification columns (Stratagene, La Jolla, CA, USA). Nuclear extracts (2 µg of protein) were incubated with radiolabeled DNA probes (10 ng; 100,000 c.p.m.) for 30 min at room temperature in 20 µl of binding buffer consisting of 20 mM Tris-HCl, pH 7.9, 50 mM KCl, 1 mM dithiothreitol, 0.5 mM EDTA, 5% glycerol, 1 mg/ml BSA, 0.2% Nonidet P40 and 50 ng/µl poly(dI-dC). Samples were subjected to electrophoresis on nondenaturing 5% polyacrylamide gels in 0.5 × Tris-borate-EDTA buffer (pH 8.0) at 100 V. Gels were dried under vacuum and exposed to Kodak X-OMAT film at -70°C with intensifying screens. Rabbit polyclonal antibodies against NF-κB subunits p50, p65 and c-Rel were from Santa Cruz Biotechnology (Santa Cruz, CA, USA).</p>"
"<p>For cell viability assays, the trypan blue dye exclusion method was used to evaluate the potential of direct cytotoxic effect of inhibitors on cells. After incubation for 24 hours, the cells were harvested and the percentage cell viability was calculated with the formula 100 × (number of viable cells/number of both viable and dead cells).</p>"
<p>Data are expressed as means ± SEM. Statistical analysis was performed with Student's t-test for matched pairs. P values less than 0.05 were considered significant.</p>
"<p>PBMC were separated and cultured with PHA (5 µg/ml) from patients with RA, patients with OA, and age-matched normal controls; IL-17 levels were then determined in the culture supernatants<ref type=""figure"" target=""#fig_0"">(Fig. 1)</ref>. Although the amounts of basal IL-17 secretion were not different between RA, OA and normal controls (62 ± 31, 43 ± 19 and 43 ± 10 pg/ml, respectively), the IL-17 production stimulated by PHA was significantly higher in RA PBMC than in those from OA and controls (768 ± 295 versus 463 ± 211 pg/ml [P < 0.05] and 241 ± 29 pg/ml [P < 0.001]).</p>"
"<p>Because IL-17 was already known from earlier reports to be produced mainly by activated T cells, we investigated the effect of different concentrations of anti-CD3 (1, 5 and 10 µg/ml) as a T cell activation, which showed a dosedependent increase in IL-17 levels (data not shown). On the basis of this, we chose 10 µg/ml as a stimulation concentration for anti-CD3. As shown in, anti-CD3 significantly upregulated IL-17 production up to 3.7-fold, and the combination of anti-CD28 and anti-CD3 produced more IL-17 (approximately 1.3-1.5-fold) than anti-CD3 alone. Furthermore, when incubated with T cell mitogens such as PHA, increased IL-17 production was more pronounced than with anti-CD3 and anti-CD28 (588 ± 85 versus 211 ± 1 pg/ml; P < 0.05).</p>"
"<p>Because RA PBMC include several cell types in addition to T cells, some inflammatory cytokines released from macrophages and other lymphocytes might have affected the production of IL-17 from T cells. To evaluate the effects of inflammatory cytokines released by activated PBMC, we tested the effects of several cytokines and chemokines on IL-17 production. We detected an increase in IL-17 level after stimulation with IL-15 (10 ng/ml), whereas with IL-1β (10 ng/ml), TNF-α (10 ng/ml), IL-18 (10 ng/ml) or TGF-β (10 ng/ml) the levels in IL-17 were unchanged<ref type=""figure"" target=""#fig_1"">(Fig. 2a)</ref>. When treated with MCP-1 (10 ng/ml) or IL-6 (10 ng/ml), significant upregulations of IL-17 proteins were observed (62 ± 42 and 50 ± 10 versus 31 ± 11 pg/ml, respectively; P < 0.05), whereas none was observed with IL-8 (10 ng/ ml), MIP-1α (10 ng/ml) or MIP-1β (10 ng/ml)<ref type=""figure"" target=""#fig_1"">(Fig. 2b)</ref>.</p>"
"<p>Having observed the increased IL-17 production in RA PBMC, it was important to know which signal transduction pathways were involved. As illustrated in<ref type=""figure"" target=""#fig_3"">Fig. 3</ref>, an significant decrease in anti-CD3-induced IL-17 production was observed when co-incubated with NF-κB inhibitor, PDTC and dexamethasone in comparison with anti-CD3 alone (38 ± 5 and 54 ± 11 versus 98 ± 19 pg/ml, respectively; P < 0.05).</p>"
"<p>LY294002 and wortmannin, as an inhibitor of PI3K, also markedly inhibited the anti-CD3-induced IL-17 production in RA PBMC (98 ± 19 versus 38 ± 10 pg/ml [P < 0.005] and 48 ± 4 pg/ml [P < 0.05], respectively).</p>"
"<p>The calcineurin inhibitors cyclosporin A and FK506 also downregulated the IL-17 secretion as well as the mitogenactivated protein kinase (MAPK) p38 inhibitor SB203580 did, whereas rapamycin and PD98059 had no effect on IL-17 levels<ref type=""figure"" target=""#fig_3"">(Fig. 3)</ref>. To evaluate the possibility of non-specific inhibition by the drug at high concentrations, we observed the dose response of PDTC and LY294002 for the inhibition of IL-17 production in PBMC. There were dosedependent inhibitions of IL-17 production with chemical inhibitors<ref type=""figure"" target=""#fig_4"">(Fig. 4a)</ref>. The other inhibitors in addition to PDTC and LY294002 showed the same pattern of inhibition. Cytotoxic effects on PBMC by the chemical inhibitors at experimental concentrations were not observed<ref type=""figure"" target=""#fig_4"">(Fig. 4b)</ref>.</p>"
"<p>To see whether enhanced IL-17 production could be regulated at a transcriptional level, semi-quantatitive reverse transcription-polymerase chain reaction was performed. Rheumatoid arthritis (RA) peripheral blood mononuclear cells (PBMC) were stimulated for 24 hours with anti-CD3 (10 µg/ml) plus anti-CD28 antibody (1 µg/ml), phytohemagglutinin (PHA; 5 µg/ml), or none of these (medium only). RA T cells were stimulated for 24 hours with anti-CD3 (10 µg/ml) and PHA (5 µg/ml). The levels of interleukin-17 were measured in culture supernatants by enzyme-linked immunosorbent assay.</p>"
"<p>We observed a dose-dependent increase in IL-17 mRNA transcripts after stimulation with anti-CD3; this was inhibited by the PI3K inhibitor LY294002 and by the NF-κB inhibitor PDTC<ref type=""figure"" target=""#fig_5"">(Fig. 5)</ref>.</p>"
"<p>To determine downstream effector molecules of the PI3K pathway, we evaluated the activation of Akt by western blotting. As shown in In normal PBMC the same pattern was observed, but the degree of NF-κB activation by anti-CD3 plus anti-CD28 was less intense than that in RA PBMC<ref type=""figure"">(Fig. 7b)</ref>. To confirm the link between PI3K activity and NF-κB, we performed EMSA to determine the NF-κB binding activity after treatment with both LY294002 and PDTC. Both agents block NF-κB DNA-binding activity in the IL-17 promoter<ref type=""figure"">(Fig. 7c)</ref>. Western blotting for IκB-α showed inhibition of degradation of IκB-α by LY294002 and PDTC at the same time<ref type=""figure"">(Fig. 7c)</ref>. In contrast, the AP-1 pathway was not activated by stimulation with anti-CD3 plus anti-CD28 (data not shown), demonstrating that NF-κB is the main intracellular signaling pathway in IL-17 production by activated PBMC from patients with RA.</p>"
"<p>IL-17 was first described as a T cell product with proinflammatory properties. RA is characterized by hyperplasia of synovial lining cells and an intense infiltration by mononuclear cells. Proinflammatory cytokines such as IL-1 and TNF-α are abundant in rheumatoid synovium, whereas the T cell-derived cytokines, especially IL-4 and interferon-γ, have often proved difficult to detect in RA synovium. Although T cells may have a role in the augmentation of rheumatoid synovial inflammation, the lack of T cell-derived cytokines has limited its importance. In this respect, IL-17 is appealing because it has been described as a T cell-derived cytokine with proinflammatory properties.</p>"
"<p>In our studies, we tried to evaluate how IL-17 production is regulated in RA PBMC, and which signaling pathway it used. Levels of IL-17 were found to be higher in RA synovial fluid than in OA synovial fluid. However, there are few data available on the agents that stimulate IL-17 production in RA, although the highest level of IL-17 production can be achieved by anti-CD3/anti-CD28 stimulation in healthy individuals. In our experiments, PHA as mitogens, as well as anti-CD3/anti-CD28 for signaling through the T cell receptor, increased IL-17 production from RA PBMC in a dose-dependent manner. We found, by a cell proliferation assay (data not shown), that this upregulation of IL-17 might be due to increased cellular activity rather than to cellular proliferation.</p>"
"<p>IL-17 is produced mainly by activated CD4 + T cells, especially for Th1/Th0 cells, not the Th2 phenotype. However, it can also be produced by CD8 + T cells via an IL-23 triggering mechanism in Gram-negative pulmonary infection. In addition, IL-17 production was significantly</p>"
"<p>R145 augmented by T cells recognizing type II collagen in a collagen-induced arthritis model. A complex interaction between cells in inflamed RA joints might produce a variety of proinflammatory cytokines and chemokines, which also activate other cells in the joints. For example, IL-17 stimulates rheumatoid synoviocytes to secrete several cytokines such as IL-6, IL-8 and tumor necrosis factor-stimulated gene 6 as well as prostaglandin E 2 in vitro. There are as yet few data available on the agents that stimulate IL-17 production in RA, although some cytokines (IL-15 and IL-23) have been known to regulate IL-17 production. We therefore investigated the in vitro production of IL-17 in RA PBMC responding to a variety of cytokines/chemokines and mitogens as well as T cell receptor (TCR) ligation using anti-CD3/anti-CD28. Our studies demonstrated that IL-15 and MCP-1 as well as TCR ligation significantly increased the production of IL-17 in RA PBMC. Adding IL-15 or MCP-1 to TCR ligation augmented IL-17 production more markedly. In contrast, IL-1 and TNF-α, which are known to have proinflammatory properties and to be increased in RA joints, did not affect IL-17 production. Our data were consistent with a recent report that IL-15 triggered in vitro IL-17 production in PBMC, but TNF-α did not do so. Although there were no data that MCP-1 directly induces T cell activation, it might exert effects indirectly on T cells through the activation of monocytes/macrophages in PBMC cultures. As reported for normal individuals, T cell activation through anti-CD3/anti-CD28 also increases IL-17 induction in RA PBMC.</p>"
"<p>Although the signaling pathway for the induction of cytokines/chemokines by IL-17 has been documented widely, no data have been available on how IL-17 production can be regulated by certain signaling pathways. By using signal transduction inhibitors, we therefore</p>"
<p>R146 examined which signaling pathway was mainly involved in the induction of IL-17 in RA PBMC.</p>
"<p>We identified that anti-CD3-induced IL-17 production in RA PBMC was significantly hampered by the PI3K inhibitor LY294002 and the NF-κB inhibitor PDTC to comparable levels of basal production without stimulation. We also found that anti-CD3-induced IL-17 production was downregulated by the addition of SB203580, a p38 MAPK inhibitor. It is interesting that a series of evidence supports crosstalk between NF-κB and p38. In myocytes, IκB kinase-β is activated by p38, and the activated p38 can stimulate NF-κB by a mechanism involving histone acetylase p300/CREB-binding protein. Our results revealed that p38 MAPK activation was not affected by LY294002, whereas NF-κB binding activity was decreased by LY294002, which provided the evidence for a p38 MAPK pathway independent of PI3K activation. The direct relationship between p38 and NF-κB for IL-17 production needs to be studied in future experiments.</p>"
"<p>The search for a downstream pathway of PI3K seemed to have a maximal response of Akt activation at 1 hour and a gradual loss of activity at 2 hours. The fact that Akt is phosphorylated upon anti-CD3 stimulation suggests the possible involvement of PI3K in the induction of IL-17 in RA. In view of the fact that NF-κB was also activated by anti-CD3/ anti-CD28, IL-15 or mitogens in our experiments, it is most likely that the NF-κB pathway is also actively involved in the induction of IL-17 in RA PBMC. In contrast, the AP-1 signal transduction pathway, another important signaling pathway for cytokines/chemokines, was not activated in our experiments (data not shown). Although PI3K and its downstream kinase Akt in association with NF-κB have been reported to deliver activating signals in many cell types, the data on the signal inducing IL-17 are lacking. Our data clearly demonstrated that PI3K/Akt and resultant NF-κB activation could be an important arbitrator of the upregulation of IL-17 in RA, on the basis of our experiments showing simultaneous blocking of NF-κB binding activity in the IL-17 promoter by PDTC and LY294002. Considering its proinflammatory activities and successful induction of anti-IL-17 for ameliorating arthritis in animal models, understanding the IL-17 signaling pathway is an important element of developing new targeted therapies in RA.</p>"
"<p>We have detected a more pronounced production of IL-17 from RA PBMC in response to IL-15 and MCP-1 as well as stimulation by anti-CD3/anti-CD28. We have also shown that upregulation of IL-17 by activated T cells in patients with RA could be the result of activation via the PI3K/Akt pathway with resultant NF-κB activation. Our data provide insights into cellular mechanisms of the regulation of IL-17 production in RA, and highlight the role of T cells, which has hitherto been neglected in RA pathogenesis. Together with recent data on the successful introduction of anti-IL-17 in RA, our results have added information for the future molecular targeting of new therapeutic applications in RA.</p>"
