Sentences,length,sent_fig_caption-1,sent_fig_caption-2,sent_fig_caption-3,sent_fig_caption-4,sent_fig_caption-5,sent_fig_caption-6,sent_fig_caption-7
Rheumatoid arthritis  RA  is characterized by infiltrations of macrophages and T cells into the joint  and synovial hyperplasia.,18,1.16289595202972,1.1648355125225,1.22290385390454,1.13843027697156,1.24410868936967,1.25669545402535,1.21162779863057
Proinflammatory cytokines released from these cells are known to be important in the destruction of joints in RA.,18,1.19050389168044,1.14738743377457,1.23820651266312,1.14914227366804,1.25220351062744,1.2268117532323,1.22823777713049
The favorable clinical benefits obtained with inhibitors of tumor necrosis factor  TNF -α  and interleukin  IL -1 suggest that the blockade of key inflammatory cytokines has been the important issue in the development of new therapeutic applications.,37,1.1747138985546,1.10838213147227,1.15887862768481,1.14988485665888,1.2272884666545,1.18593054418731,1.2329892713824
A little over a decade ago  the primacy of T cells in the pathogenesis of autoimmune disease such as RA was undisputed because they are the largest cell population infiltrating the synovium.,32,1.18252051528461,1.19974567311909,1.24757789027453,1.14955578098401,1.26124736678625,1.22617540738751,1.23210551163465
However  a series of studies demonstrated paucity of T cell-derived cytokines such as IL-2 and interferon-γ in the joints of RA  whereas macrophage and fibroblast cytokines including IL-1  IL-6  IL-15  IL-18 and TNF-α were abundant in rheumatoid synovium.,38,1.13670368572429,1.03708269472044,1.19256857039618,1.1371731645253,1.20889684279061,1.17849241955376,1.18689809483295
This paradox has questioned the role of T cells in the pathogenesis of RA.,14,1.24985096840223,1.2355775467253,1.28361711535235,1.18292439676922,1.29063646857162,1.26743301930194,1.25459138243923
Because we have already demonstrated the enhanced proliferation of antigen specific T cells  especially to type II collagen  and the skewing of T helper type 1  Th1  cytokines in RA  the role of T cells needs to be elucidated in different aspects.,42,1.14983596791036,1.12641798507454,1.17327176004682,1.0900219156494,1.14336143765982,1.08527672228283,1.10467597561538
IL-17 is one of the inflammatory cytokines secreted mainly by activated T cells  which can induce IL-6 and IL-8 by fibroblasts.,21,1.13711609118488,1.0679611919163,1.19282463350304,1.16912248767467,1.22058062370384,1.14895866459913,1.20462356876173
This cytokine is of interest for two major reasons: first  similarly to TNF-α and IL-1  IL-17 has proinflammatory properties  second  it is produced by T cells.,26,1.14558233603484,1.09713736304093,1.17604515570047,1.16253715531607,1.20848097781266,1.16001696590508,1.19636468866557
Recent observations demonstrated that IL-17 can also activate osteoclastic bone resorption by the induction of RANKL  receptor activator of nuclear factor κB  ligand   which is involved in bony erosion in RA.,31,1.20623034033537,1.11109430201793,1.22350089764834,1.19420793485234,1.24500292870336,1.18466102802672,1.18608632651157
It also stimulates the production of IL-6 and leukemia inhibitory factor by synoviocytes  and of prostaglandin E 2 and nitric oxide by chondrocytes  and has the ability to differentiate and activate the dendritic cells.,34,1.14962678846592,1.08974765337372,1.16073471203006,1.1352828332319,1.16645559366471,1.13357569459944,1.14481813914365
Levels of IL-17 in synovial fluids were significantly higher in patients with RA than in patients with osteoarthritis  OA   and it was produced by CD4+ T cells in the synovium.,30,1.03895659336698,1.06610391634197,1.17677406025113,1.08663834552285,1.19495479623861,1.18860168965093,1.16785486209378
IL-15  secreted from activated macrophages  has been reported to be an important trigger of IL-17 production in RA peripheral blood mononuclear cells  PBMC  by cyclosporine and steroid sensitive pathways.,29,1.0266463868875,0.976148993600085,1.07234742080964,1.0121105039643,1.15917911504453,1.10790192624971,1.09090100355998
Recently  Happel and colleagues also showed that IL-23 could be an efficient trigger of IL-17 production from both CD4+ and CD8+ T cells.,23,1.1773841784939,1.1395972396317,1.20778108894676,1.17871785465307,1.23033486601309,1.191281319177,1.22119756184463
Although the contribution of IL-17 in joint inflammation in RA has been documented in earlier studies  the intracellular signal transduction pathway for IL-17 production remains uncertain.,26,1.17664747398463,1.11605691095489,1.20029902443695,1.17102238552554,1.2454297832312,1.20729655799608,1.20775350804672
In the present study we used various stimuli to investigate IL-17 production in PBMC of patients with RA and its signaling transduction pathway.,23,1.1122964359106,1.04484794209797,1.14775740924439,1.06967035086412,1.1805370012036,1.17091397016973,1.12314251525568
We found that the intracellular signaling pathway involving phosphoinositide 3-kinase  PI3K /Akt and NF-κB might be involved in the overproduction of the key inflammatory cytokine IL-17 in RA.,28,1.21374985435579,1.11469904576761,1.22222847247714,1.20119621005041,1.25332916035308,1.1704165470449,1.21340325241468
These results might provide new insights into the pathogenesis of RA and future directions for new therapeutic strategies in RA.,20,1.26849198954649,1.26808419144198,1.28056651187537,1.22848149002203,1.30356513983642,1.28860391975505,1.2743622359948
Informed consent was obtained from 24 patients  5 men and 19 women  with RA who fulfilled the 1987 revised criteria of the American College of Rheumatology  formerly the American Rheumatism Association .,31,1.11588657779772,1.16399698606594,1.20701568382249,1.14422694616493,1.21551607161263,1.25237707000036,1.19690541891166
The age of the patients with RA was 50 ± 8  mean ± SEM  years  range 23-71 years .,18,1.12821012204348,1.09910498896108,1.11675427910708,1.17604356887843,1.15913461064753,1.21902680175826,1.18140595831031
All medications were stopped 48 hours before entry to the study.,11,1.20012598247363,1.24169917525093,1.22583990386709,1.22933008017911,1.25707583787403,1.26175775330737,1.26178589484246
Comparisons were made with 14 patients with OA  3 men and 11 women  and with 14 healthy controls  3 men and 11 women  who had no rheumatic diseases.,28,1.0781996630579,1.1819833879381,1.18364309704204,1.19169465954315,1.12345131056266,1.19581123911306,1.12313394576262
The mean ages of the patients with OA and the healthy controls were 50 ± 8 years  range 34-68 years  and 30 ± 6 years  range 24-57 years .,28,1.12060375108934,1.13036047992825,1.12270704385004,1.20048100305176,1.12458284231678,1.19526309216232,1.17563859592339
Informed consent was obtained  and the protocol was approved by the Catholic University of Korea Human Research Ethics Committee.,19,1.29690933182234,1.31773331106672,1.31726214025753,1.29745123351488,1.3252566048833,1.31253766377745,1.32576243862307
Recombinant IL-17  IL-18  IL-15  monocyte chemoattractant protein-1  MCP-1   macrophage inflammatory protein  MIP -1α  MIP-1β  IL-6 and IL-8 were purchased from R & D systems  Minneapolis  MN  USA .,27,1.19373143937669,1.01275929972199,1.18625081264711,1.22258060813521,1.21815673992917,1.18353094267111,1.23348505319661
Recombinant transforming growth factor  TGF -β was purchased from Peprotech  London  UK .,12,1.26795909582466,1.17664425878469,1.25936188941741,1.2684531862995,1.24877390823652,1.24195766637734,1.25639917757412
Recombinant TNF-α and IL-1 were purchased from Endogen Inc.  Cambridge  MA  USA .,12,1.31317521614978,1.26439588496248,1.29588459636631,1.30346238108266,1.28366490196805,1.28106212548782,1.29823597300804
Cyclosporin A was provided by Sandos Ltd.  Basel  Switzerland .,9,1.3313263685456,1.34385124497022,1.28967508055333,1.32852716750775,1.33860678435138,1.33267192116539,1.35226318034714
Phytohemagglutinin  PHA   pyrrolidine dithiocarbamate  PDTC   rapamycin  dexamethasone and curcumin were all obtained from the Sigma Chemical Co.  St Louis  MA  USA .,21,1.25326565646737,1.23650118995099,1.1394947153424,1.14800025258152,1.19775990393338,1.25207799236742,1.22508713631119
Anti-CD3 monoclonal antibody and anti-CD28 monoclonal antibody were obtained from BD Biosciences  San Diego  CA  USA .,16,1.29855195312814,1.29798695436742,1.27587330643064,1.30258999962866,1.23570051157105,1.20980975148092,1.26678922167815
LY294002  SB203580  FK506  wortmannin and PD98059 were obtained from Calbiochem  Schwalbach  Germany .,12,1.29941885073241,1.26802404948766,1.2165076841415,1.29531698015337,1.27345146556429,1.22239587908175,1.27470009238874
PBMC were prepared from heparinized blood by FicollHypaque  SG1077  density-gradient centrifugation.,11,1.22368456542184,1.22349509687228,1.21449451225858,1.18462223040626,1.21818044309824,1.25061560402924,1.22176015855474
Cell cultures were performed as described previously.,7,1.21377795700037,1.24671817813886,1.24723889408775,1.1977746291398,1.2472052649967,1.20583555826514,1.25364320789259
In brief  the cell suspensions were adjusted to a concentration of 10 6 /ml in RPMI 1640 medium supplemented with 10% fetal calf serum  100 U/ml penicillin  100 mg/ml streptomycin and 2 mM L-glutamine.,34,1.1516160389937,1.08446167843724,1.04097307808152,1.12617814808022,1.04202227396793,1.08748342735422,1.1203378738238
Cell suspension  1 ml  was dispensed into 24-well multi-well plates  Nunc  Roskilde  Denmark   and incubated for 24 hours at 37°C in 5% CO 2 .,24,1.11740939617039,1.15065595996053,1.1491022109813,1.13282787049136,1.09438119171079,1.12680764141668,1.1132179726348
Subsequently  various concentrations of cyclosporin A  10-500 ng/ml  were added to the medium and cells were incubated for 24 hours.,20,1.11440861315591,1.05247927228451,1.07138206264528,1.11103784382724,1.14693232581002,1.13142050086126,1.18179689240883
To each well was added FK506  rapamycin  curcumin  PDTC  LY294002  SB203580  PD98059  dexamethasone or wortmannin.,15,1.28022376385143,1.22393961102104,1.13473741018153,1.16768073834349,1.20326174515289,1.21669489208711,1.23384407111106
After incubation for 24 hours  unless otherwise stated   cell-free media were collected and stored at -20°C until assayed.,18,1.13960936246236,1.18432838247572,1.19930853832561,1.19618392775683,1.20782566317559,1.20205084450769,1.20934940632598
All cultures were set up in triplicate  and results are expressed as means ± SEM.,15,1.13530281423753,1.20683705304063,1.20644774937339,1.20788083174388,1.25577971529015,1.2077280204373,1.2496177106042
Anti-CD4 microbeads were used essentially as recommended by the manufacturer  Miltenyi .,11,1.24980225028635,1.28094098464754,1.27009309847738,1.25834742436804,1.23142163790742,1.24461764040714,1.25111190982893
PBMC were resuspended in 80 µl of FBS staining buffer.,10,1.23961019472716,1.16037967139,1.1600531794789,1.15721970723811,1.13802970992027,1.2111634254937,1.17381800491793
Anti-CD4 microbeads  20 µl  were added and incubated for 15 min at 6-12°C.,13,1.21228732000022,1.14449266100598,1.11623597746641,1.24947638349227,1.11269529093897,1.15803044514648,1.19214730632224
Saturating amounts of fluorochrome-conjugated antibodies were added for a further 10 min.,12,1.21110893033429,1.09502328689895,1.10026467436113,1.22916052781418,1.07581316733836,1.07249691408345,1.13094236961818
Cells were diluted in 2.5 ml of FBS staining buffer  pelleted  resuspended in 500 µl and magnetically separated  usually on an AutoMACS magnet fitted with a MACS MS column.,30,1.17314673200909,1.15299891596545,1.08760726010306,1.14570837565338,1.03621493879745,1.09808528699149,1.10522698324404
Flow-through and two 1 ml washes were collected as the negative fraction.,12,1.2021673195278,1.19874395163294,1.16849000621944,1.22055942100967,1.10370268206954,1.14391711425167,1.1206433825977
Enriched cells were collected in two 0.5 ml aliquots from the column after removal from the magnet.,18,1.10164605737975,1.11989734307535,1.08918082905239,1.15508110679743,1.11343644741046,1.09758408926886,1.12632769651795
Alternatively  cells stained with anti-CD4-phycoerythrin were washed  magnetically labeled with anti-phycoerythrin microbeads  20 µl added to 80 µl of cell suspension  15 min  6-12°C   and magnetically separated as described above.,30,1.15466784308856,1.12964027954471,1.08347340818103,1.12042819493828,1.05451123324938,1.07330218045225,1.14939520055183
The purity of cells was assessed by flow cytometric analysis of stained cells on a FACS Vantage sorter.,18,1.20209512612842,1.23954736895176,1.23978139379753,1.17787393958627,1.23583407525292,1.16604306157449,1.23416999182018
Most  more than 97%  of the isolated cells had the CD4 T cell marker.,14,1.20964776744609,1.20822708261121,1.25071987733654,1.18783414229763,1.23757909233117,1.17860262766814,1.22657747801714
IL-17 in culture supernatants was measured by sandwich enzyme-linked immunosorbent assay as described previously.,14,1.0915913260203,1.11420150630577,1.19835775933579,1.19237796376842,1.22148062769013,1.20485975047424,1.21931248258617
In brief  a 96-well plate  Nunc  was coated with 4 µg/ml monoclonal antibodies against IL-17  R & D Systems  at 4°C overnight.,22,1.18333465015507,1.15884518223407,1.16223920864056,1.2124620265979,1.1252157992672,1.11273833350419,1.13915731035098
After blocking with phosphate-buffered saline/1% bovine serum albumin  BSA /0.05% Tween 20 for 2 hours at room temperature  22-25°C   test samples and the standard recombinant IL-17 were added to the 96-well plate and incubated at room temperature for 2 hours.,41,1.122260889885,1.08305058363058,1.08891231965609,1.16424393770447,1.07684263206839,1.10314313745797,1.12746666575014
Plates were washed four times with phosphate-buffered saline/Tween 20  and then incubated with 500 ng/ml biotinylated mouse monoclonal antibodies against IL-17  R & D Systems  for 2 hours at room temperature.,31,1.12647413082957,1.02979679104534,0.992948975512849,1.16678549711393,1.04154037989629,1.03113408302431,1.09911849227003
After washing  streptavidin-alkaline phosphate-horseradish peroxidase conjugate  Sigma  was incubated for 2 hours  then washed again and incubated with 1 mg/ml p-nitrophenyl phosphate  Sigma  dissolved in diethanolamine  Sigma  to develop the color reaction.,32,1.20071788078498,1.17788416603942,1.15285579358393,1.18585568689783,1.05472992434989,1.15290031196558,1.11012897961473
The reaction was stopped by the addition of 1 M NaOH and the optical density of each well was read at 405 nm.,23,1.23763593875922,1.22856301926684,1.14030436326916,1.21794692482571,1.10922967193695,1.20566852460428,1.15868604334811
The lower limit of IL-17 detection was 10 pg/ml.,9,1.17828162448656,0.999170317844656,1.08261693400939,1.23104970462088,1.13233889075068,1.15303298761509,1.16857031788574
Recombinant human IL-17 diluted in culture medium was used as a calibration standard  ranging from 10 to 2000 pg/ml.,19,1.11693397189818,1.02080509561278,1.06505775357303,1.18003551930784,1.09241130306203,1.11155721976864,1.17146407729631
A standard curve was drawn by plotting optical density against the log of the concentration of recombinant cytokines  and used for determination of IL-17 in test samples.,27,1.15830738614981,1.1475597567426,1.17367615234047,1.19211942025429,1.18050228936033,1.19416483256378,1.20292219200011
PBMC were incubated with various concentrations of anti-CD3 in the presence or absence of inhibitors  LY294002  PDTC .,17,1.21033881965421,1.12579133444992,1.11905363629059,1.05003758003037,1.14824581695859,1.18035330603683,1.06502720550308
After 16 hours of incubation  mRNA was extracted with RNAzol B  Biotex Laboratories  Houston  TX  USA  in accordance with the manufacturer's instructions.,22,1.16868698617578,1.1760119235593,1.20857193193267,1.1971680800083,1.17874377494311,1.19854012921994,1.1997601572972
Reverse transcription of 2 µg of total mRNA was performed at 42°C using the Superscript™ reverse transcription system  Takara  Shiga  Japan .,21,1.2324121467261,1.20967393671037,1.22705236636991,1.22530051745195,1.12036253198304,1.12931402959551,1.16550779831354
PCR amplification of cDNA aliquots was performed by adding 2.5 mM dNTPs  2.5 U of Taq DNA polymerase  Takara  and 0.25 µM of sense and antisense primers.,30,1.14755168586381,1.13287686528264,1.08807717199246,1.21346723972762,0.961761225692808,1.12441030982172,1.08214459956087
The reaction was performed in PCR buffer  1.5 mM MgCl 2   50 mM KCl  10 mM Tris-HCl  pH 8.3  in a total volume of 25 µl.,28,1.16699761850485,1.12241840280392,1.06553096064608,1.19161813135578,0.911842199883709,1.08489364588301,1.05857282491409
The following sense and antisense primers for each molecules were used: IL-17 sense  5'-ATG ACT CCT GGG AAG ACC TCA TTG-3'  IL-17 antisense  5'-TTA GGC CAC ATG GTG GAC AAT CGG-3'  glyceraldehyde-3-phosphate dehydrogenase  GAPDH  sense  5'-CGA TGC TGG GCG TGA GTA C-3'  GAPDH antisense  5'-CGT TCA GCT CAG GGA TGA CC-3'.,51,1.28303309931616,1.25805837556905,1.29833600419394,1.30936952676072,1.25065596218159,1.27555450239453,1.2761265480315
Reactions were processed in a DNA thermal cycler  PerkinElmer Cetus  Norwalk  CT  USA  through cycles for 30 s of denaturation at 94°C  1 min of annealing at 56°C for GAPDH and IL-17  followed by 1 min of elongation at 72°C.,40,1.19824679307732,1.12791341314328,1.14493613091238,1.22850266787531,1.0834433190569,1.12658576374947,1.13861465959842
PCR rounds were repeated for 25 cycles each for both GAPDH and IL-17  this was determined as falling within the exponential phase of amplification for each molecule.,27,1.18844984283535,1.13450655413681,1.17523907817478,1.22454078085148,1.14177018366815,1.1602118598798,1.20719375522486
The level of mRNA expression was presented as a ratio of IL-17 PCR product over GAPDH product.,17,1.22050859354386,1.18401618556691,1.23634729569835,1.24306794685132,1.1589916441018,1.19403844169298,1.21086354437196
PBMC were incubated with anti-CD3  10 µg/ml  in the presence or absence of LY294002  20 µM .,16,1.18941168476597,1.03161025025411,1.03835694370146,1.14472112233071,1.05870464545999,1.12897350791621,1.01765404964471
After incubation for 1 hour  whole cell lysates were prepared from about 10 7 cells by homogenization in the lysis buffer  and centrifuged at 14000 r.p.m. 19000 g  for 15 min.,33,1.11746324991817,1.0979080431891,1.04798661627547,1.13644448123541,1.01146249730395,1.02319478728398,1.09722369100256
Protein concentrations in the supernatants were determined with the Bradford method  Bio-Rad  Hercules  CA  USA .,15,1.21019139959586,1.21525505506684,1.21376360219506,1.19501545342611,1.22858059573727,1.19662244926522,1.23488517586086
Protein samples were separated by 10% SDS-PAGE and transferred to a nitrocellulose membrane  Amersham Pharmacia Biotech  Uppsala  Sweden .,18,1.26738602988744,1.27239475177725,1.25582773209972,1.27342578770433,1.22539158395167,1.22766982285916,1.25884662206156
For western hybridization  membrane was preincubated with 0.1% skimmed milk in TBS-T buffer  0.1% Tween 20 in Tris-buffered saline  at room temperature for 2 hours  then primary antibodies against Akt  phosphorylated Akt and IκB-α  Cell Signaling Technology Inc.  Beverly  MA  USA   diluted 1:1000 in 5% BSA/TBS-T  were added and incubated overnight at 4°C.,56,1.10406511408775,1.11160460571413,1.03320821169065,1.14164242822343,1.03948258048537,0.897920498709024,1.06709554338506
After washing four times with TBS-T  horseradish peroxidase-conjugated secondary antibodies were added and allowed to incubate for 1 hour at room temperature.,22,1.20307823224926,1.21924480959257,1.15927397224858,1.2375291053718,1.11336772448185,1.10127874798369,1.13851886072766
After TBS-T washing  hybridized bands were detected with the enhanced chemiluminescence  ECL  detection kit and Hyperfilm-ECL reagents  Amersham Pharmacia .,19,1.24483047650382,1.24346803280461,1.24196117500561,1.2481611062455,1.19175390889501,1.19707455059427,1.20307150765976
Nuclear proteins were extracted from about 5×10^6 PBMC.,8,1.27069513291863,1.23394464732645,1.24059445355881,1.19285525611546,1.23771497426672,1.22438586387097,1.16652636571257
Oligonucleotide probes encompassing the NF-κB binding site of the human IL-17 promoter  5'-ATG ACC TGG AAA TAC CCA AAA TTC-3'  were generated by 5'-end labeling of the sense strand with dATP  Amersham Pharmacia  and T4 polynucleotide kinase  TaKaRa .,38,1.24534108484759,1.22418627508809,1.23374560784737,1.26313432354909,1.2228111791637,1.20513516788393,1.18833191554308
Unincorporated nucleotides were removed by NucTrap probe purification columns  Stratagene  La Jolla  CA  USA .,14,1.28409887424063,1.28244950141948,1.28354994696762,1.28492533538606,1.24317420204751,1.25618981300189,1.26304543000308
Nuclear extracts  2 µg of protein  were incubated with radiolabeled DNA probes  10 ng  100 000 c.p.m. for 30 min at room temperature in 20 µl of binding buffer consisting of 20 mM Tris-HCl  pH 7.9  50 mM KCl  1 mM dithiothreitol  0.5 mM EDTA  5% glycerol  1 mg/ml BSA  0.2% Nonidet P40 and 50 ng/µl poly dI-dC .,63,1.12167993722732,1.07384722228845,0.962213838647433,1.16055349593582,0.974117209462906,1.06717641175282,1.00517939938778
Samples were subjected to electrophoresis on nondenaturing 5% polyacrylamide gels in 0.5 × Tris-borate-EDTA buffer  pH 8.0  at 100 V. Gels were dried under vacuum and exposed to Kodak X-OMAT film at -70°C with intensifying screens.,38,1.15082918598477,1.17168119214571,1.09194984133822,1.20954386502332,1.07980145071355,1.15973263074632,1.14740269772534
Rabbit polyclonal antibodies against NF-κB subunits p50  p65 and c-Rel were from Santa Cruz Biotechnology  Santa Cruz  CA  USA .,19,1.31117457420128,1.27814799019206,1.28150445661119,1.3108704382679,1.25714141826647,1.18583921287271,1.21305554418321
For cell viability assays  the trypan blue dye exclusion method was used to evaluate the potential of direct cytotoxic effect of inhibitors on cells.,24,1.14696423504914,1.22008095804338,1.17116482940193,0.971368740040205,1.19230787590711,1.1664048965075,1.15980770387275
After incubation for 24 hours  the cells were harvested and the percentage cell viability was calculated with the formula 100 ×  number of viable cells/number of both viable and dead cells .,31,1.09441282217933,1.11921403210967,1.130587490669,0.937107491084573,1.16043932544442,1.11915307076082,1.17712516519335
Data are expressed as means ± SEM.,7,1.18345310838779,1.26134955052128,1.2660781954544,1.26872689221668,1.30462279283841,1.26867472085365,1.29479748739289
Statistical analysis was performed with Student's t-test for matched pairs.,10,1.25572699802159,1.31338695187518,1.29314455381351,1.29987934552972,1.28563199988416,1.23921266531546,1.2746917319631
P values less than 0.05 were considered significant.,9,1.18376731402364,1.21584404275508,1.1997575197274,1.26423854750981,1.24898992644006,1.26099620096268,1.25574087740858
PBMC were separated and cultured with PHA  5 µg/ml  from patients with RA  patients with OA  and age-matched normal controls  IL-17 levels were then determined in the culture supernatants Figure-1 .,30,0.95361968988595,0.949972957761431,1.07919531664299,1.00108538588144,1.07532742251789,1.11217518611466,1.0429968500331
Although the amounts of basal IL-17 secretion were not different between RA  OA and normal controls  62 ± 31  43 ± 19 and 43 ± 10 pg/ml  respectively   the IL-17 production stimulated by PHA was significantly higher in RA PBMC than in those from OA and controls  768 ± 295 versus 463 ± 211 pg/ml  and 241 ± 29 pg/ml  .,60,1.04919080428249,0.969110843887508,1.06399626062919,1.12727902443335,1.11734327529504,1.1562291698733,1.09364128995554
Because IL-17 was already known from earlier reports to be produced mainly by activated T cells  we investigated the effect of different concentrations of anti-CD3  1  5 and 10 µg/ml  as a T cell activation  which showed a dosedependent increase in IL-17 levels  data not shown .,46,1.04964684286899,1.02089205637336,1.05509838568587,1.07809315090636,1.06957472345522,0.95730249462084,1.08343476060889
On the basis of this  we chose 10 µg/ml as a stimulation concentration for anti-CD3.,15,1.21074731525513,1.09307355419653,1.11506630934574,1.21861562556355,1.13912228338324,1.16083977978045,1.18241299082745
As shown in  anti-CD3 significantly upregulated IL-17 production up to 3.7-fold  and the combination of anti-CD28 and anti-CD3 produced more IL-17  approximately 1.3-1.5-fold  than anti-CD3 alone.,29,1.12418267062206,1.07478040325974,1.10174319188111,1.18957531239046,1.08514124449392,1.09866438359539,1.05291554990902
Furthermore  when incubated with T cell mitogens such as PHA  increased IL-17 production was more pronounced than with anti-CD3 and anti-CD28  588 ± 85 versus 211 ± 1 pg/ml  P < 0.05 .,33,1.03667992146533,1.01745459753792,1.0446161628394,1.16550092817416,1.1274651394344,1.1238411320447,1.14217098574684
Because RA PBMC include several cell types in addition to T cells  some inflammatory cytokines released from macrophages and other lymphocytes might have affected the production of IL-17 from T cells.,31,1.08955606479783,0.986350221356281,1.12531515411809,1.01422864645498,1.17167020349857,1.15296221834538,1.10066795539126
To evaluate the effects of inflammatory cytokines released by activated PBMC  we tested the effects of several cytokines and chemokines on IL-17 production.,23,1.15127982743839,1.02210270209933,1.13633444354859,1.08020829870481,1.20222745258702,1.19855291627171,1.16070512539389
We detected an increase in IL-17 level after stimulation with IL-15  10 ng/ml   whereas with IL-1β  10 ng/ml   TNF-α  10 ng/ml   IL-18  10 ng/ml  or TGF-β  10 ng/ml  the levels in IL-17 were unchanged Figure-2 .,35,1.13029658223739,0.814855586565291,1.00237701450124,1.20596583242854,1.08289719610329,1.08058082211011,1.13770678080806
When treated with MCP-1  10 ng/ml  or IL-6  10 ng/ml   significant upregulations of IL-17 proteins were observed  62 ± 42 and 50 ± 10 versus 31 ± 11 pg/ml  respectively  P < 0.05   whereas none was observed with IL-8  10 ng/ ml   MIP-1α  10 ng/ml  or MIP-1β  10 ng/ml  Figure-2.,51,1.0704583234927,0.817501111415082,0.935417459515318,1.19689810940595,1.0586492790078,1.1093261646491,1.14205415334105
Having observed the increased IL-17 production in RA PBMC  it was important to know which signal transduction pathways were involved.,20,1.19310908390937,1.08020082120493,1.17580166902517,1.11624493923778,1.21990426023957,1.2070756477757,1.1533376859706
As illustrated in Figure-3  an significant decrease in anti-CD3-induced IL-17 production was observed when co-incubated with NF-κB inhibitor  PDTC and dexamethasone in comparison with anti-CD3 alone  38 ± 5 and 54 ± 11 versus 98 ± 19 pg/ml  respectively  P < 0.05 .,43,1.02539117318213,1.02353277674071,0.991201795155784,1.1151897991423,1.08466419618588,1.14107016447714,1.12625701493161
LY294002 and wortmannin  as an inhibitor of PI3K  also markedly inhibited the anti-CD3-induced IL-17 production in RA PBMC  98 ± 19 versus 38 ± 10 pg/ml  and 48 ± 4 pg/ml   respectively .,32,1.06655113231903,0.891113319638374,0.968513651508634,1.05337170196176,1.05159107143857,1.06017197920838,1.02963177126532
The calcineurin inhibitors cyclosporin A and FK506 also downregulated the IL-17 secretion as well as the mitogenactivated protein kinase  MAPK  p38 inhibitor SB203580 did  whereas rapamycin and PD98059 had no effect on IL-17 levels Figure-3 .,35,1.21474720853123,1.15876147602276,1.11547016034751,1.16259605865614,1.23120980737924,1.14346241364045,1.20560653603225
To evaluate the possibility of non-specific inhibition by the drug at high concentrations  we observed the dose response of PDTC and LY294002 for the inhibition of IL-17 production in PBMC.,30,1.16762339847611,1.07654394866565,1.10816285264721,1.05955172907618,1.15788753317922,1.15394637086106,1.12912145182125
There were dosedependent inhibitions of IL-17 production with chemical inhibitors Figure-4.,11,1.25194827478547,1.16896492026521,1.20965273919074,1.2229805249251,1.29046400433932,1.27069940357697,1.2787048418175
The other inhibitors in addition to PDTC and LY294002 showed the same pattern of inhibition.,15,1.26992400699591,1.25204922657297,1.2278331926791,1.17933573028894,1.22092249025758,1.19709420108633,1.21786198551891
Cytotoxic effects on PBMC by the chemical inhibitors at experimental concentrations were not observed Figure-4.,15,1.21518008055811,1.18634756350496,1.14012478681211,1.05203403135663,1.21149271130162,1.21647544901004,1.16817996278179
To see whether enhanced IL-17 production could be regulated at a transcriptional level  semi-quantatitive reverse transcription-polymerase chain reaction was performed.,20,1.18248113974929,1.14433023707417,1.20198161413589,1.22086414644142,1.15558152422718,1.1671328090827,1.19689735927934
We observed a dose-dependent increase in IL-17 mRNA transcripts after stimulation with anti-CD3  this was inhibited by the PI3K inhibitor LY294002 and by the NF-κB inhibitor PDTC Figure-5.,28,1.23317816937626,1.17033377788283,1.19745972872768,1.1599443756852,1.19818729384934,1.18037260411327,1.22203404309521
To determine downstream effector molecules of the PI3K pathway  we evaluated the activation of Akt by western blotting.,18,1.24411849163163,1.23380592516736,1.259580603406,1.25592794473251,1.25004753079225,1.0213026308519,1.20815346689056
"As shown in Figure-6, at 10 min of incubation with anti-CD3 10 µg/ml or LY294002 20 µM, no difference in the amounts of phosphorylated Akt was observed.",27,1.15832404988192,1.0536702669822,1.04864573163895,1.20333250215713,1.07014441467581,0.912722639653096,1.12883774128024
"However, after 30 min of incubation, phosphorylated Akt increased lane 2, and the effect of inhibition by LY294002 lane 3 reached a peak at 60 min, lasting to 120–240 min.",30,1.19360421470062,1.1385250408773,1.10051550234806,1.16848427876585,0.98272524265941,0.909333040334082,0.938324605700528
"In contrast, non-phosphorylated Akt and β- actin remained unchanged regardless of incubation time.",13,1.23959638333631,1.24356680723421,1.24064702583982,1.25934364542478,1.23908804174501,1.05535773745309,1.16802814849041
"PHA, concanavalin A and IL-15 also demonstrated the same effect on phosphorylated Akt as shown with antiCD3, which was an inhibition by wortmannin and PDTC as well as by LY294002.",30,1.2196116086037,1.19734578054835,1.19173127096752,1.10769195205703,1.18343675586899,1.02909740019678,1.17951289352188
"To investigate further the intracellular signaling pathway activated by anti-CD3 plus anti-CD28, concanavalin A, PHA and IL-15, and responsible for inducing IL-17 expression, we performed an electrophoretic mobility-shift assay EMSA of NF-κB recognition sites in the promoters of IL-17.",39,1.15658013870934,1.12392056693589,1.20492015539756,1.21344186251374,1.19083496182346,1.14515372980773,1.1102261955551
"As shown in Figure-7, nuclear extracts from RA PBMC stimulated with anti-CD3 plus anti-CD28 (ane 2 demonstrated increased binding of NF-κB to IL-17 promoters in comparison with that of controls lane 1.",32,1.09354150205376,1.02595459318412,1.09228771635041,1.06859805427561,0.979426509238885,1.01053370926594,0.787160096053812
A supershift assay demonstrated shifted bands in p65 and p50 lanes 3 and 4 not in c-Rel lane 5.,19,1.15619722335734,1.12887701619342,1.14268654253225,1.21891793971894,0.961697481500136,1.02754709567602,0.820687598254042
In normal PBMC the same pattern was observed  but the degree of NF-κB activation by anti-CD3 plus anti-CD28 was less intense than that in RA PBMC Figure-7.,27,1.18598982764639,1.14199815731608,1.1712052383574,1.09569688155896,1.18769602277143,1.16732347902061,1.01563291162072
To confirm the link between PI3K activity and NF-κB  we performed EMSA to determine the NF-κB binding activity after treatment with both LY294002 and PDTC.,25,1.23824404823314,1.24727071445328,1.24326983286107,1.16812107950269,1.21511539042001,1.16632087823711,1.15769197402841
Both agents block NF-κB DNA-binding activity in the IL-17 promoter Figure-7.,11,1.2604955733023,1.21354696991014,1.2411237376918,1.25229420220675,1.2716688274462,1.23879620797726,1.18713838323758
Western blotting for IκB-α showed inhibition of degradation of IκB-α by LY294002 and PDTC at the same time Figure-7.,19,1.26266462020173,1.25839323316116,1.25943819256589,1.19702981902021,1.20772231146533,1.1277071488916,1.17538488113356
In contrast  the AP-1 pathway was not activated by stimulation with anti-CD3 plus anti-CD28  data not shown   demonstrating that NF-κB is the main intracellular signaling pathway in IL-17 production by activated PBMC from patients with RA.,36,1.07832738115375,1.00825831206409,1.11003368714251,1.05798042043143,1.15697391965236,1.11868686941974,1.04136778474327
IL-17 was first described as a T cell product with proinflammatory properties.,12,1.18815436466786,1.16117769801578,1.19880202856479,1.16678923749868,1.20161231121047,1.1898869052654,1.22077416900301
RA is characterized by hyperplasia of synovial lining cells and an intense infiltration by mononuclear cells.,16,1.15802872972856,1.17414644484973,1.22430727006243,1.12434414317671,1.22918106459161,1.221818952976,1.19108202029386
Proinflammatory cytokines such as IL-1 and TNF-α are abundant in rheumatoid synovium  whereas the T cell-derived cytokines  especially IL-4 and interferon-γ  have often proved difficult to detect in RA synovium.,30,1.15622871947777,1.11157301655205,1.22086596489144,1.15756857663934,1.2313819346684,1.22090785795635,1.20273775434906
Although T cells may have a role in the augmentation of rheumatoid synovial inflammation  the lack of T cell-derived cytokines has limited its importance.,24,1.17490351022256,1.17521296182938,1.21928549088372,1.17068504958978,1.24684807795831,1.22544785885972,1.21863530883147
In this respect  IL-17 is appealing because it has been described as a T cell-derived cytokine with proinflammatory properties.,19,1.21495450744378,1.14282949958152,1.21794684212115,1.19957760173696,1.25927775111525,1.24105885338426,1.26780592124249
In our studies  we tried to evaluate how IL-17 production is regulated in RA PBMC  and which signaling pathway it used.,21,1.16509009338283,1.07776677066897,1.17399241641446,1.12007698847811,1.20876414749343,1.1837148443033,1.1536542950577
Levels of IL-17 were found to be higher in RA synovial fluid than in OA synovial fluid.,17,1.15186332824023,1.12357953292716,1.23405723262623,1.19470276317198,1.23760198415648,1.22177771613539,1.21809937223896
However  there are few data available on the agents that stimulate IL-17 production in RA  although the highest level of IL-17 production can be achieved by anti-CD3/anti-CD28 stimulation in healthy individuals.,31,1.10039074993754,1.07343465504127,1.17653548244091,1.15437941233907,1.22263709257688,1.18489009357087,1.18068190925339
In our experiments  PHA as mitogens  as well as anti-CD3/anti-CD28 for signaling through the T cell receptor  increased IL-17 production from RA PBMC in a dose-dependent manner.,27,1.12700407859059,1.0202922099796,1.13615751122528,1.04142207660356,1.2017549358731,1.13385432357185,1.13529758227433
We found  by a cell proliferation assay  data not shown   that this upregulation of IL-17 might be due to increased cellular activity rather than to cellular proliferation.,27,1.10912228071695,1.13948731724298,1.21642489617625,1.1860777057408,1.23425881663905,1.13728164873512,1.14538372296314
IL-17 is produced mainly by activated CD4+ T cells  especially for Th1/Th0 cells  not the Th2 phenotype.,17,1.19215024522549,1.1557973553475,1.22311881430401,1.17899519149291,1.23913468117639,1.16931451666868,1.20438519748931
However  it can also be produced by CD8+ T cells via an IL-23 triggering mechanism in Gram-negative pulmonary infection.,19,1.21284247693085,1.21893273264637,1.24068436341743,1.18340717917507,1.24113099428315,1.19155677797207,1.21643617714513
In addition  IL-17 production was significantly R145 augmented by T cells recognizing type II collagen in a collagen-induced arthritis model.,20,1.11906234931988,1.08640829643379,1.15480527808775,1.14105853714001,1.18191635349577,1.15199942046273,1.1478391132522
A complex interaction between cells in inflamed RA joints might produce a variety of proinflammatory cytokines and chemokines  which also activate other cells in the joints.,26,1.17118445919169,1.13367349321783,1.21633829244838,1.13193621405526,1.23950089895982,1.19648596747135,1.17276139777651
For example  IL-17 stimulates rheumatoid synoviocytes to secrete several cytokines such as IL-6  IL-8 and tumor necrosis factor-stimulated gene 6 as well as prostaglandin E 2 in vitro.,28,1.1108329290291,0.988329444466661,1.12467713389821,1.13381406734864,1.11551830311712,1.09729683858658,1.11100844099096
There are as yet few data available on the agents that stimulate IL-17 production in RA  although some cytokines  IL-15 and IL-23  have been known to regulate IL-17 production.,29,1.1581858644255,1.07285046941428,1.19453391280868,1.17854587667948,1.2450862989877,1.19367689210375,1.20904059882484
We therefore investigated the in vitro production of IL-17 in RA PBMC responding to a variety of cytokines/chemokines and mitogens as well as T cell receptor  TCR  ligation using anti-CD3/anti-CD28.,30,1.12099506211804,1.02037045084771,1.15020883383422,1.03598723627727,1.18743213489582,1.13638318887608,1.12439156674888
Our studies demonstrated that IL-15 and MCP-1 as well as TCR ligation significantly increased the production of IL-17 in RA PBMC.,21,1.16510449333971,1.03185459008486,1.16535612514344,1.08564168717705,1.19083191847367,1.1794130671461,1.1321672356161
Adding IL-15 or MCP-1 to TCR ligation augmented IL-17 production more markedly.,12,1.21219810571605,1.08534084106433,1.20259246095004,1.2374528439466,1.22952532058392,1.20112383304908,1.21842984614388
In contrast  IL-1 and TNF-α  which are known to have proinflammatory properties and to be increased in RA joints  did not affect IL-17 production.,24,1.17105997095494,1.07887843721986,1.21262814706307,1.18063270118837,1.24813633162491,1.23377286089283,1.20745939856182
Our data were consistent with a recent report that IL-15 triggered in vitro IL-17 production in PBMC  but TNF-α did not do so.,23,1.17053136212991,1.09379686963417,1.17530460370741,1.1637595979025,1.23830424691886,1.19875726464856,1.18375298711595
Although there were no data that MCP-1 directly induces T cell activation  it might exert effects indirectly on T cells through the activation of monocytes/macrophages in PBMC cultures.,28,1.13712847263637,1.11423338556196,1.13963240796079,1.02796898442358,1.18844473643262,1.09005178224585,1.11540207719745
As reported for normal individuals  T cell activation through anti-CD3/anti-CD28 also increases IL-17 induction in RA PBMC.,17,1.10383186997412,1.04878147395569,1.16019990107659,1.04554557158828,1.18997003667557,1.1075678503627,1.08381745641836
Although the signaling pathway for the induction of cytokines/chemokines by IL-17 has been documented widely  no data have been available on how IL-17 production can be regulated by certain signaling pathways.,31,1.17995552180264,1.11736362215039,1.21040785506446,1.22325531782535,1.25893363659848,1.15773484437449,1.24777131084475
By using signal transduction inhibitors  we therefore R146 examined which signaling pathway was mainly involved in the induction of IL-17 in RA PBMC.,23,1.20033172786033,1.08117298382444,1.15444197446231,1.08916223474141,1.2043823167303,1.13338994247178,1.13558661790415
We identified that anti-CD3-induced IL-17 production in RA PBMC was significantly hampered by the PI3K inhibitor LY294002 and the NF-κB inhibitor PDTC to comparable levels of basal production without stimulation.,30,1.13297116278717,1.02115026457531,1.12381294510263,1.03047381058355,1.15327650172103,1.13968798328736,1.1148921739999
We also found that anti-CD3-induced IL-17 production was downregulated by the addition of SB203580  a p38 MAPK inhibitor.,18,1.21100640868379,1.1378412795858,1.19162046179332,1.22907060183592,1.23781032334746,1.15892159752991,1.21391962918694
It is interesting that a series of evidence supports crosstalk between NF-κB and p38.,14,1.30805079170659,1.30297015186105,1.28800237808115,1.30638739971676,1.31324338598038,1.22890808457208,1.28065079163006
In myocytes  IκB kinase-β is activated by p38  and the activated p38 can stimulate NF-κB by a mechanism involving histone acetylase p300/CREB-binding protein.,23,1.2741377657689,1.25383530058066,1.24140875917855,1.26717844514783,1.28123181827646,1.18826328404923,1.23547588306083
Our results revealed that p38 MAPK activation was not affected by LY294002  whereas NF-κB binding activity was decreased by LY294002  which provided the evidence for a p38 MAPK pathway independent of PI3K activation.,33,1.21451221892426,1.20525230038403,1.21614206599932,1.24264583619239,1.23924062902648,1.10940134513193,1.1562016203503
The direct relationship between p38 and NF-κB for IL-17 production needs to be studied in future experiments.,17,1.18976914028736,1.16031909087572,1.19739960377616,1.24456567719252,1.2692394717385,1.16879429497874,1.2498269944985
The search for a downstream pathway of PI3K seemed to have a maximal response of Akt activation at 1 hour and a gradual loss of activity at 2 hours.,29,1.18841913023186,1.15092383392275,1.15513076402569,1.1871950287864,1.13303562941728,1.00653940751653,1.04765550472495
The fact that Akt is phosphorylated upon anti-CD3 stimulation suggests the possible involvement of PI3K in the induction of IL-17 in RA.,22,1.21295040618835,1.12446060710078,1.21964139413379,1.20301875620505,1.24112536440116,1.0500958789732,1.18429721149723
In view of the fact that NF-κB was also activated by anti-CD3/ anti-CD28  IL-15 or mitogens in our experiments  it is most likely that the NF-κB pathway is also actively involved in the induction of IL-17 in RA PBMC.,39,1.15780632007962,1.04627120796587,1.15532220626092,1.09803444533302,1.21046888711604,1.13232592988264,1.12414167282473
In contrast  the AP-1 signal transduction pathway  another important signaling pathway for cytokines/chemokines  was not activated in our experiments  data not shown .,22,1.16848454409304,1.19013814098998,1.21041205860161,1.22900997692859,1.24305746873588,1.1208674022768,1.2111140608346
Although PI3K and its downstream kinase Akt in association with NF-κB have been reported to deliver activating signals in many cell types  the data on the signal inducing IL-17 are lacking.,31,1.17756182257288,1.18358729718475,1.19437587124422,1.19763345768307,1.23577053200807,1.07492197227846,1.2100981167067
Our data clearly demonstrated that PI3K/Akt and resultant NF-κB activation could be an important arbitrator of the upregulation of IL-17 in RA  on the basis of our experiments showing simultaneous blocking of NF-κB binding activity in the IL-17 promoter by PDTC and LY294002.,43,1.16986081597612,1.13245805126112,1.19096061146757,1.12284219582219,1.18453319007133,1.11629870516117,1.12038588785591
Considering its proinflammatory activities and successful induction of anti-IL-17 for ameliorating arthritis in animal models  understanding the IL-17 signaling pathway is an important element of developing new targeted therapies in RA.,31,1.18020584667633,1.11654218531143,1.1876249912695,1.15943561851458,1.24402568170771,1.18848256886841,1.18432527139294
We have detected a more pronounced production of IL-17 from RA PBMC in response to IL-15 and MCP-1 as well as stimulation by anti-CD3/anti-CD28.,24,1.16604125965276,1.00554411683339,1.16187292401178,1.08035797170274,1.18841262786923,1.18250099735433,1.12107261463872
We have also shown that upregulation of IL-17 by activated T cells in patients with RA could be the result of activation via the PI3K/Akt pathway with resultant NF-κB activation.,30,1.09661478907967,1.0931783240955,1.18042662370764,1.101437294564,1.19977815481299,1.09339266969588,1.14042685625981
Our data provide insights into cellular mechanisms of the regulation of IL-17 production in RA  and highlight the role of T cells  which has hitherto been neglected in RA pathogenesis.,30,1.1693358140865,1.12496092013868,1.21674992954878,1.15669885497759,1.25997655980188,1.21542134343593,1.22172175516952
Together with recent data on the successful introduction of anti-IL-17 in RA  our results have added information for the future molecular targeting of new therapeutic applications in RA.,28,1.23539477305461,1.24024257129565,1.24877499138511,1.20183869668059,1.26521810453846,1.24125048843106,1.23658597980229
