Sentences,length,sent_fig_caption-1,sent_fig_caption-2,sent_fig_caption-3,sent_fig_caption-4,sent_fig_caption-5
INTRAVESICAL administration of BCG is the standard of care for high risk  nonmuscle invasive UC of the bladder.,18,1.25044862052009,1.16941236671763,1.27217553969298,1.16016984824636,1.10083153760292
Through the combination of a direct effect on tumor cell biology and the induction of a cellular host immune response  BCG results in a significant antitumor response.,27,1.17006345873645,1.05659898743143,1.19612550533284,1.07413387436745,0.947412232663212
From the bladder perspective the antitumor response includes efferent and afferent pathways.,12,1.27764070079278,1.24914563239422,1.29804936240754,1.27783783493742,1.22043451408497
The efferent pathway results from direct BCG effects on UC cells  including signaling pathway activation  gene transactivation  cytokine expression and phenotypic changes.,22,1.12997814496557,1.06898925562156,1.1823984398001,1.08997350335309,1.11606075267624
BCG exposure also results in nonapoptotic cell death in a subpopulation of cells and release of the potent chemokine HMGB1.,20,1.07166339247931,0.958983521253188,1.15354084402428,1.00578173966553,1.07462300325683
These elements of the direct tumor cell response to BCG combine to form an efferent pathway  signaling to the host the need to mount an afferent immune response.,28,1.17490032269755,1.0997333162193,1.21006548710498,1.12414203137107,1.04395758420215
To determine the importance of tumor derived/ BCG induced factors  we focused on the role of HMGB1 in mediating the antitumor effect of BCG.,24,1.13975441920801,1.08193904516744,1.24937242315814,1.11918211773072,1.01985969875778
We noted that knockdown of HMGB1 release by UC cells is associated with a loss of the BCG antitumor effect.,20,1.07266026532481,0.965717841914172,1.14320761409652,1.00433133866409,1.00285433583652
These findings suggest a vital role of nonapoptotic cell death and associated HMGB1 release in mediating the in vivo antitumor response to BCG.,23,1.09693659103761,0.996062741555559,1.18862402183638,1.07172159876437,1.05618628433295
We used the murine UC cell line MB49.,8,1.09441788606756,1.18025973021177,1.14407381765872,1.16138063155102,1.16123690104007
Cells were maintained at 37C  5% CO 2 in RPMI 1640  Gibco®  supplemented with 10% fetal bovine serum  penicillin and streptomycin.,21,1.24804470982172,1.19331905455718,1.1372290549014,1.13965077856272,1.23764088736264
In these experiments TICE BCG  Organon  West Orange  New Jersey  was used.,12,1.25670247184896,1.21475907147321,1.27622128126915,1.1894382224999,1.18851361586762
Freeze-dried BCG was reconstituted at an estimated concentration of 2.5*10^7 viable organisms per ml.,15,1.22664975618492,1.09822752055112,1.12430915014523,1.02371393583337,1.12144716595913
HMGB1 expression was knocked down by transfecting parental MB49 cells with the shRNA/HMGB1 lentiviral plasmid pLKO.1-puro  Sigma®  using Lipofectamine™.,20,0.922413356259794,1.02444688879285,1.11744490915022,1.14568594661864,1.13566479526891
The shRNA plasmid contains the sequence CCGGGCACAGCA-CAAATTAGTTATACTCGAGTAT-AACTAATTTGTGCT-GTGCTTTTTG targeting the 3’ untranslated region of mouse HMGB1.,15,0.94526640374384,1.11061382160776,1.21456245290537,1.23352878234095,1.18979528100677
Puromycin resistant clones were selected and expanded.,7,1.21517586403404,1.19153412071297,1.18324629163962,1.22274795638755,1.25752793530876
HMGB1 expression of each clone was evaluated by Western blot using Anti-HMGB1/HMG-1 Antibody 07-584  EMD Millipore Bioscience  Billerica  Massachusetts   as previously described.,22,0.944061518810993,1.1195887694188,1.1744952801335,1.26826657182013,1.22735268381942
Positive clones  defined as those with a greater than 75% decrease in protein vs the parental line  were selected to create the HMGB1 knockdown cell line.,26,0.856764417170798,0.936553253541718,0.990407944502591,1.02310671932225,0.952603777560492
Parental MB49 and shRNA/HMGB1 knockdown cells were transfected with pGL4.51 Vector  Promega® .,13,1.07349303152727,1.05261238820009,0.997353924148747,1.11590310199531,1.10484625307003
Positive clones were selected  expanded and used in all experiments.,10,1.19872781702009,1.19060733203314,1.17918169836022,1.23196564332042,1.25315269110593
HMGB1 levels in cell culture supernatant 24 hours after BCG treatment  1:50 cell-to-BCG ratio  were measured by a commercially available HMGB1 ELISA kit  Shino-Test  Sagamihara  Japan .,27,1.01483256228674,0.922175810182901,1.0448996939787,0.982289874055936,1.08763809459976
Cell proliferation was measured using the MTT assay  as previously described.,11,1.14720136698204,1.18793866911315,1.16743654136732,1.17035124572712,1.21043671732639
At 24 and 72 hours after adding BCG  1:50 cell-to-BCG ratio  we evaluated cell viability using trypan blue dye.,20,1.17387569615434,1.0357089000079,1.02462050862421,0.944132785201884,1.11135458742463
Cells were incubated with 0.4% trypan blue for 3 minutes before counting.,13,1.22006582179805,1.1376278115643,1.0541535198511,1.04171256868383,1.21944470207006
Trypan blue uptake indicated loss of membrane integrity.,8,1.20794279302281,1.24541311456528,1.25319288431624,1.18826798375246,1.24758326372924
LDH is a stable cytosolic enzyme that is released upon cell lysis.,12,1.1399179874885,1.18295171421705,1.17837391582985,1.14687776195035,1.21409626695126
LDH in culture supernatants was measured 24 hours after BCG exposure  1:50 cell-to-BCG ratio  using the commercially available CytoTox 96® Assay Kit.,23,1.19657618668323,1.0132932351508,1.08539460138846,0.996063822279403,1.15065412392526
All animal experiments were approved by the institutional animal care committee.,11,1.31999292064761,1.32728557343299,1.32023579156466,1.32397135635948,1.31552710337526
Tumor was implanted in C57BL/6  albino  female mice at ages 7 to 9 weeks on experimental day 0  as described by Ninalga et al.,24,1.24064795095722,1.17535148530684,1.10588316518463,1.07505424605662,1.08576252125667
Mice underwent intravesical treatment with BCG  5*10^6 organisms in 50 l  or PBS  50 l  on days 1  4  8 and 12.,22,1.23131211502531,1.11157628310474,1.07053195632312,0.923254011046318,0.985656046996563
Biophotonic imaging was performed on days 7 and 14 to assess tumor take and interval growth.,16,1.24447058084865,1.18412490866962,1.0900538570446,1.1161927616503,1.16014260497683
Mice were sacrificed on day 15.,6,1.2683974486776,1.24353016291332,1.15045234945754,1.12638083753266,1.19307899180033
The bladders were excised and fixed in formalin.,8,1.31467093585382,1.31517496156829,1.30123555131148,1.30659235541084,1.29526568797158
At 48 hours the bladders were bisected  blotted dry and weighed.,11,1.28709434115871,1.25046864407513,1.21253655713575,1.25988833011561,1.2812900923475
Bladder weight served as the primary end point for the treatment effect.,12,1.18471367591426,1.23377524457007,1.23220254914202,1.18293293970511,1.1719250566283
For the parental cell line group 24 mice were treated with PBS and 24 were treated with BCG.,18,1.05106476672849,0.99308307440101,1.03987535768839,0.926259385347054,0.815080378349311
For the shRNA cell line group 23 mice were treated with PBS and 21 were treated with BCG.,18,1.10164594946538,1.05338076690901,1.02388386495026,0.955302132614849,0.850924245336815
This experiment was repeated twice.,5,1.27958688136103,1.27557028441377,1.2443312549707,1.25917613407412,1.28193876295517
Results were consistent between experiments and combined for statistical analysis.,10,1.25134490110783,1.26615522016947,1.27229584384983,1.28506146922705,1.25858480180612
Except as noted  all experiments were done in triplicate.,9,1.25796682423415,1.24954792173139,1.23939118656285,1.26463537856541,1.2669185203368
Differences between treatment groups were evaluated using ANOVA for repeat measures with results considered significant at p 0.05.,19,1.25169730184544,1.12235722061229,1.19626641674947,1.1743535171626,1.14296822428944
For in vivo experiments tumor weight measurement data were analyzed using 2-way ANOVA  adjusting for the experimental run.,18,1.23689390056937,1.22734047751335,1.20863748879005,1.24154598157051,1.136067246692
Based on published data and the initial analysis of the data from this experiment  log transformation was used to stabilize measurement variability.,22,1.21931915538683,1.22397261156177,1.22047648169154,1.23573989354157,1.24048882262067
Interaction testing in the ANOVA model answered the primary question of comparing the effect of treatment on control and HMBG1 silenced animals.,22,1.15955566299121,1.16745671614677,1.20569629355027,1.18431599064972,1.12446601270691
The Mann-Whitney U test was used to compare tumor weight between treatment groups.,13,1.24576004474943,1.23666311884676,1.23346007438101,1.21483056220682,1.11731029174142
shRNA expression targeting HMGB1 mRNA re- sulted in decreased intracellular HMGB1.,11,0.911944106778257,1.07376137531338,1.23484051931052,1.17648262987337,1.1763988546668
Relative to the parental line  MB49 cells with constitutive expression of the shRNA construct targeting HMGB1 demonstrated markedly less HMGB1 protein in cell lysates.,24,0.560198937444835,0.902172595244344,1.0364415872587,1.02666005059086,1.00338913801548
Figure-1 shows a representative Western blot of HMGB1 from parental and shRNA expressing cells.,14,0.784354570081487,0.976249683161928,1.10926028428274,1.09887281265086,1.11147546785511
Actin served as the lane loading control.,7,0.97178263852913,1.21583041674161,1.24034544390541,1.21948337209733,1.25796776577073
HMGB1 release in response to BCG was decreased in shRNA expressing cell lines.,13,0.918134247668255,0.87443791136195,1.11809810964318,0.946428682724744,0.996472271883666
Figure 2 shows the results of ELISA for HMGB1 in cell cul- ture supernatant 24 hours after exposure to BCG.,20,1.01253321352957,0.931337642782992,1.04637777387575,0.943221346787569,1.06155211025956
In the parental line BCG exposure resulted in a statistically significant nineteenfold increase in HMGB1 concentration  p 0.01 .,19,1.03943282367053,0.819462510871567,1.12770041663023,0.975106258640577,0.888234018811982
Relative to the parental line  HMGB1 release by shRNA expressing cell lines was decreased from that in controls and BCG exposed cells.,22,0.863223571666699,0.767021268069693,1.02227638235834,0.849120922112654,0.906070043906562
HMGB1 release by shRNA clones in response to BCG was decreased sixteenfold vs the parental cell line.,17,0.889086837011322,0.811082218848371,1.05652493197082,0.901121107803569,0.884809914454312
Notably  relative to untreated controls the shRNA expressing cell lines showed significantly increased HMGB1 release in response to BCG  average 2.8-fold   indicating persistent non-apoptotic cell death in these lines in response to BCG  ANOVA p 0.05 .,38,0.99654599006462,0.75383215593413,1.02424066050034,0.782180359883935,0.871935524626096
shRNA expressing clones and the parental cell line had similar in vitro doubling time.,14,1.02513990832835,1.0288609531629,0.910409740701734,1.03919173491197,1.0923849694836
On MTT assay the calculated doubling time of the parental and knockdown cell lines was 30.9 and 29.6 hours  respectively  Figure-3 .,23,1.06424393608432,1.01841651881553,0.586060835842539,0.885264103735064,1.07186066124776
The number of metabolically active cells present as a function of time did not significantly differ between the 2 cell lines  ANOVA p 0.44 .,25,1.11712037794565,1.03655125495781,0.668489362237358,0.833283837270675,1.07054535920808
Cellular cytotoxicity in response to BCG was not decreased by shRNA knockdown of HMGB1.,14,0.980504235722716,0.980321762534852,1.18131543098715,1.05657290215798,1.03498302020992
The shRNA expressing cell line underwent extensive analysis of known intermediate end points of BCG cytotoxicity to ensure that the loss of HMGB1 release was a consequence of decreased expression and not of resistance to BCG  Figure-4 .,37,0.943489849236687,0.951428205608364,1.10284377481904,0.923675037089333,0.992984282217044
On vital dye exclusion assay the number of parental cells with loss of membrane integrity in response to BCG was in- creased twofold and 4.8-fold over that of control cells on posttreatment days 1 and 3  respectively  Figure-4 .,39,1.08724303772911,0.956440519729217,0.925525623614709,0.702566601511157,1.02733714044466
In contrast  in the shRNA expressing group there were 2.4 and 4.5-fold increases vs controls on days 1 and 3  respectively.,23,1.16750008988327,1.05455624384977,1.01139713057012,0.819482400408107,1.09810914083706
BCG treatment significantly increased the number of cells with loss of membrane integrity in each group at each time point  ANOVA p 0.001 .,24,1.13567720090888,0.996806463687962,1.04687108988929,0.777309440874391,1.00833903769987
Relative to the parental MB49 cell line  shRNA expressing cells had increased sensitivity to BCG on day 1  ANOVA p 0.001 .,22,1.01430510634838,0.843162914636318,0.963193070520246,0.702275770788903,0.928177623595152
The BCG effect on membrane integrity of the cell lines did not differ on day 3.,16,1.1110356022835,1.07461781286367,0.989620622284066,0.757890791040969,1.04779456423055
BCG increased LDH release on day 1 posttreatment by 2.6 and 7.5-fold in parental and HMGB1-shRNA cells  respectively  vs controls.,22,1.08773952030585,0.889695292320501,0.920013032004482,0.61206573048136,0.951842987084881
On day 3 these relative values were 1.7 and 1.9-fold  respectively  Figure-4 .,14,1.22746848680675,1.11391846176209,1.04508923855912,0.907314613302277,1.1868515575008
BCG treatment significantly increased the magnitude of LDH release in each group at each time point  ANOVA p 0.05 .,20,1.15678728458663,0.997191924176214,1.14420421000454,0.87449162748215,1.02267109800975
The BCG effect on the cell lines did not differ on day 1 or 3.,15,1.12517359747975,1.06454177982765,0.956530913788335,0.711823345835185,1.03542295557764
On MTT assay adding BCG decreased the number of metabolically active cells in the parental and shRNA lines to 79% and 80% that of controls on day 1  and to 59% and 61%  respectively  on posttreatment day 3  Figure-4.,39,1.03234326780486,0.934242442177929,0.801397355135153,0.621777998559682,0.993143581709893
BCG treatment significantly decreased the number of metabolically active cells in each group at each time point  ANOVA p 0.05 .,21,1.1333265873884,0.970630766745071,0.956149805770686,0.796796580921895,1.01673769987309
The BCG effect on the cell lines did not differ on day 1 or 3.,15,1.12517359747975,1.06454177982765,0.956530913788335,0.711823345835185,1.03542295557764
HMGB1 knockdown was associated with loss of antitumor responsiveness to BCG in vivo.,13,1.07115981749947,1.04865369545198,1.19744959932219,1.11000021365869,1.04740679306334
The incidence of overall tumor take in the orthotopic model was 95.7%.,13,1.27390695698832,1.24207232039444,1.24209638414233,1.24571714412197,1.15798593467236
Mice inoculated with the parental MB49 cell line showed a significant decrease in intravesical tumor volume in response to BCG vs controls  p 0.036  Figure-5.,26,1.02777863847183,0.819327423231845,1.05937463088032,0.932887390789647,0.535190493467327
Mice inoculated with shRNA cells showed a nonsignificant increase in intravesical tumor volume after BCG treatment vs controls  p 0.12 .,21,1.15889658369971,0.884149295177386,1.09659288921319,0.944733192797986,0.659286386611584
Tumor volume did not significantly differ between parental and shRNA treated mice that received PBS  p 0.12 .,18,1.13567803366793,1.05575120936276,1.04651109387277,1.03719946290019,0.758774179480518
Tumor volume was significantly greater in shRNA treated mice that received BCG than in parental treated mice that received BCG  p 0.00001  see table .,25,1.1156576717737,1.01456638834646,1.13349466280746,0.983220707048314,0.710199429064226
ANOVA revealed significant interaction between tumor cell line  shRNA vs parental  and the BCG treatment effect  indicating that the effect of BCG depended on whether the parental line or the shRNA line was used  p 0.0076 .,37,1.03295883748881,0.930467152025174,1.05882733968086,0.935024642744249,0.780293470960924
Today the predominant paradigm for cancer therapy is to view the cancer cell as a passive entity to be targeted by the antitumor agent.,24,1.18936203951802,1.22856885677086,1.20478694299303,1.20176328872785,1.19924108943914
Treatment leading to nonapoptotic cell death  necrosis  and HMGB1 release may represent a fundamental change in this model.,18,1.08100603639241,1.03308522871669,1.18098595622294,1.14303579592133,1.15307805072597
Nonapoptotic cell death can influence local tumor biology and the systemic host response.,13,1.21837867134051,1.18736245937811,1.21456219247861,1.18176533032681,1.13040190492777
Paracrine release of HMGB1 in concert with the expression of tumor cell surface receptors for HMGB1 translates into local effects.,20,0.993461105303528,1.08577246817698,1.20140788004202,1.15667016223069,1.10690208701899
Systemically  HMGB1 activates macrophages  induces neutrophil chemotaxis and altersvascular endothelial cell biology.,12,1.06923633795782,1.13071613539905,1.22062425182048,1.19344881358075,1.17845740781181
Whether these local/systemic influences of HMGB1 contribute positively or negatively to tumor biology and treatment outcome is a subject of debate.,21,1.15281748282047,1.14629730962934,1.24126474397892,1.20496765967333,1.12350604976428
16 HMGB1 stimulates tumor growth and metastasis in some systems while appearing to be growth inhibitory in others.,18,1.13134578339258,1.11911532403519,1.18536640478907,1.19495211889143,1.12926153634904
In the clinical setting intravesical BCG administration increases urinary HMGB1.,10,1.12330003981018,1.08870777189779,1.27928149525546,1.13293198981482,1.08187372216428
In vitro studies demonstrated HMGB1 release by human UC cells in response to BCG exposure.,15,1.07300355891618,0.916050698682842,1.14080654856284,1.02545901912006,1.0521182736798
These observations  coupled with the ambiguity surrounding the friend or foe role of HMGB1  prompted the current study.,18,1.186733258628,1.19919296753468,1.28867331634516,1.27837627012029,1.24890423539326
The extensively characterized MB49 line served as the basis for developing the clonal cell lines used in these experiments.,19,1.07063486076584,1.19780755686286,1.12901358071587,1.14414828852074,1.2000381639198
In vitro comparisons of the parental and HMGB1 knockdown clones revealed comparable doubling times.,14,0.97677897145428,0.984522644264697,0.942255293734241,1.11787499890548,1.08058612202952
In vitro sensitivity of the parental and knockdown cell lines to BCG was similar  as measured by vital dye exclusion  LDH release and metabolically active cell number on day 3 after BCG exposure.,33,1.0568224364031,0.949895700844225,0.803730170653141,0.723541211483768,1.00514273021039
Day 1 results suggest early  increased in vitro sensitivity of the knockdown clone to BCG with statistically increased loss of membrane integrity associated with numerically increased LDH release.,28,1.10586628530551,0.982497690617023,1.03683147069019,0.877932659060194,1.0734181359886
While to our knowledge the etiology of this early sensitivity is unknown  it may relate to the HMGB1 role of facilitating gene transcription  an important component of the direct cellular response to BCG.,33,1.14256604702391,1.04954498753796,1.22362758860166,1.14031674797664,1.1217128918564
Predictably  in vitro HMGB1 release in response to BCG was decreased in HMGB1 knockdown cells relative to the parental line.,20,0.874346139225447,0.821909464636219,1.01057639206188,0.911557868239012,0.946553584364935
However  HMGB1 knockdown cells continued to manifest a necrosis response to BCG  as evidenced by a significant increase in HMGB1 release vs controls.,23,1.01909422226844,0.798795377352624,1.1026932113851,0.971647025384588,0.888643838973775
In our orthotopic model our results reveal that HMGB1 knockdown cells/tumors failed to respond in vivo to intravesical BCG.,19,1.10851731185583,1.05072110898665,1.16831199483401,1.13021918877371,1.04338822243261
Treatment was begun on postimplantation day 1 to maximize BCG access to implanted tumor  analogous to clinical carcinoma in situ.,20,1.22941689610436,1.17366293299157,1.1748131611342,0.994906511009874,1.07266031386938
This strategy is widely used in studies using orthotopic models.,10,1.26765609186238,1.28224437422613,1.2736762079152,1.28650021189048,1.27386628367167
Possibly the early initiation of treatment limits clinical relevance.,9,1.27411641743003,1.25835420358755,1.25755392629182,1.24031632339636,1.25650143981269
However  the experimental design of our study  with a positive treatment effect in the parental control arm compared to treatment failure in the HMGB1 knockdown line  provides strong evidence of an essential role for HMGB1 release in this model.,39,0.956582605693932,0.98872232042505,1.10133910995909,1.0774176359078,1.04362382527834
These findings are biologically consistent with the immune dependence of BCG activity.,12,1.24173118275041,1.17430032973945,1.25195556689897,1.16107113627159,1.15917808300635
The in vivo antitumor efficacy of BCG requires an intact host immune system and T-cell response.,16,1.23116489170021,1.13915932501301,1.23767974973745,1.1398153672679,1.10994146942255
Acute HMGB1 release in response to BCG could serve as the impetus for an afferent host immune response.,18,1.14730677646824,1.04210288234017,1.2869385623316,1.14711763925816,1.11421566356647
Acute HMGB1 release combined with known BCG induced tumor cell secretion of other cytokines is distinct from the chronic tumor necrosis/HMGB1 release that occurs without simultaneous cytokine/chemokine secretion.,28,1.10689166538802,1.0552232008266,1.19052414376504,1.10291272773173,1.03954787564647
This may explain the apparently positive role of HMGB1 in BCG treatment for bladder cancer.,15,1.11260308592902,1.08370921367962,1.22180344267452,1.12947973360548,1.06752311730384
Notably  these statements represent hypothesis.,5,1.28720914882571,1.25302618704357,1.29262684909615,1.29419814356875,1.30578728530843
Additional studies are required to obtain insight into the mechanism by which HMGB1 contributes to the BCG antitumor effect.,19,1.13213801295272,1.0976421038939,1.24522401282953,1.1230157485078,1.10053196464556
When considering the clinical relevance of our results  several possibilities come to mind.,13,1.30234173294937,1.2953887462424,1.27682711565705,1.29123066512436,1.3030321538644
HMGB1 could be used to monitor the tumor response to BCG or as a target for clinical manipulation.,18,1.09846181789133,1.03460486291067,1.24314039348549,1.13237363072458,1.02295906172947
Most importantly  nonapoptotic cell death and its associated HMGB1 release may serve as in vitro surrogates for treatment efficacy.,19,1.07600347953605,1.089604051393,1.15537099758271,1.13625439925787,1.17566575650455
While prior studies of the BCG mechanism of action identified elements needed for a tumor response  to our knowledge this is the first report to identify a tumor specific variable on which the BCG treatment effect depends.,37,1.21264342607433,1.09962613613339,1.2044306960426,1.07865989547807,1.0166304762443
These findings provide new insight into how the tumor cell could be used as part of the therapeutic armamentarium.,19,1.22215530796899,1.23833605138644,1.21990034283722,1.21914434099683,1.16978366432718
In conclusion  HMGB1 release by tumor cells appears to be an important element of the direct BCG effect on UC cells and one that is required for an antitumor effect.,30,1.12064703512332,1.00072489823074,1.15982197307191,1.03755100527586,0.999103103138929
