Fig,Caption
1,Figure-1 Western blot shows HMGB1 in cell lysates from shRNA clone and parental MB49 line. Constitutive expression of shRNA construct targeting mouse HMGB1 markedly decreased HMGB1 protein. Actin served as lane loading control.
2,Figure-2 HMGB1 release from MB49 cells in response to BCG was decreased in cells constitutively expressing shRNA construct targeting HMGB1. Parental clone 7 was compared to shRNA expressing clones 92 and 96. Only parental clone showed statistically significant increase in HMGB1 vs controls in response to BCG (p 0.05). Optical density values represent relative HMGB1 concentration in cell culture medium 24 hours after exposure to BCG or control. Values represent mean absorbance SE.
3,"Figure-3 In vitro calculated doubling times of parental MB49 clone and shRNA knockdown clone were virtually identical at 30.9 and 29.6 hours, respectively. Number of metabolically active cells did not differ as function of time in 2 cell lines (p=0.44)."
4,"Figure-4 BCG exposure resulted in comparable in vitro toxicity in parental and shRNA producing MB49 cell lines. A, number of cells with membrane integrity loss in response to BCG on vital dye exclusion was increased 2.8 and 4.8-fold in controls on days 1 and 3 after treatment vs 2.4 and 4.5-fold, respectively, in shRNA expressing group. BCG significantly increased number of cells with membrane integrity loss in each group at each time point (p<0.001). shRNA expressing cells had increased sensitivity to BCG on day 1 vs parental MB49 cell line (p<0.001). BCG effect did not differ in cell lines on day 3. B, BCG increased LDH release on day 1 by 2.6 and 7.5-fold in parental and HMGB1-shRNA cells, and on day 3 by 1.7 and 1.9-fold, respectively. BCG significantly increased LDH release in each group at each time point (p<0.05). BCG effect did not differ in cell lines on day 1 or 3. C, on MTT assay adding BCG decreased number of metabolically active cells in parental and shRNA to 79% and 80% that of controls on day 1, and 59% and 61%, respectively, on day 3. BCG significantly decreased number of metabolically active cells in each group at each time point (p<0.05). BCG effect on cell lines did not differ on day 1 or 3."
5,Figure-5 shRNA knockdown of HMGB1 resulted in loss of antitumor response to BCG. Mice inoculated with parental MB49 cell line had significant decrease in intravesical tumor volume in response to BCG vs PBS treated controls (p=0.036). Mice inoculated with shRNA construct targeting HMGB1 showed nonsignificant increase in intravesical tumor volume after BCG vs PBS treated controls (p=0.12). Tumor volume did not significantly differ in parental vs shRNA mice treated with PBS. Tumor volume in shRNA mice treated with BCG was significantly greater than in BCG treated parental mice (p=0.00001). Values are shown as mean + SE bladder weight. Interaction between shRNA vs parental tumor cell line and BCG effect was statistically significant (ANOVA p=0.0076).
