Sentences,length,sent_fig_caption-1,sent_fig_caption-2,sent_fig_caption-3,sent_fig_caption-4,sent_fig_caption-5
Secreted IgM antibodies play important roles in the initial phases of humoral immune responses.,14,1.23679172699945,1.25591077606159,1.25755794464635,1.22195245127553,1.26320845937463
Unlike other antibody isotypes  secreted IgM uniquely functions as an adjuvant  promoting primary antibod.,14,1.23185825492743,1.22511587221066,1.24652263767273,1.19887869039662,1.24982954171487
The adjuvanticity of IgM is completely dependent on an intact complement system.,12,1.25360801659074,1.25149561816066,1.25565590509258,1.23108782952175,1.25842715593155
While mice deficient in secreted IgM make protective antibody responses to pathogens  these responses are delayed compared to the immune response of IgM sufficient mice.,25,1.14632493315703,1.17161272417912,1.20539409011314,1.15178332013924,1.17810303616271
Interestingly  pathogens more readily disseminate into vital organs in secreted IgM-deficient mice  rather than concentrate them into secondary lymphoid organs.,20,1.15670654408679,1.22578012584245,1.25636717699903,1.24074547879655,1.20752922798399
This suggests that an important role for IgM is to serve as an arbiter of antigen localization  which may contribute to its adjuvant function.,24,1.20569114510839,1.23641335958834,1.24360678143084,1.20624470864035,1.1789391251903
To investigate how IgM affects the localization of foreign antigen  a system was developed to follow the fate of IgMcontaining immune complexes  IgM-IC  following their intravenous administration.,27,1.15687377365077,1.2205085477791,1.21306973875006,1.19866487908912,1.17322997098788
IgM-IC first localize to the splenic marginal zone  MZ   where they are phagocytized by MZ macrophages and are also bound to MZ B cells.,24,1.08573867006509,0.865002419538175,0.907079744120052,0.958388418581682,1.16396947027796
Binding of IgM-IC to MZ B cells is strictly complement dependent.,11,1.19325728315013,0.814901088440504,0.831721264348492,0.979395104860569,1.18836760614889
The MZ B cells subsequently transport the IgM-IC into the B cell follicles where they are deposited onto follicular dendritic cells  FDCs .,22,1.19096615234745,0.860646896475623,0.917870939708904,0.98332311100297,1.15928259648231
The important role of MZ B cells in this process was established by monitoring IgM-IC deposition onto FDCs in mice that lacked MZ B cells  either as a result of a genetic lesion  CD19-deficient mice  that inhibited MZ B cell survival  or by their depletion using pertussis toxin.,48,1.07885940206355,0.815997298823754,0.898198053351226,0.914697334311136,1.06618907243419
In these mice  little if any IgM-IC was deposited onto FDCs.,11,1.17697667638871,1.21944788679682,1.24167795049504,1.24052872625279,1.16444306928387
In addition  adoptive transfer of B cells with bound IgM-IC into mice led to IgM-IC deposition onto FDCs.,18,1.12166477734667,0.942721547339902,0.956693019579346,1.03179521377952,1.12248417378813
In these mice  transferred MZ B cells in close proximity to FDCs were found to have IgM-IC capped and directed toward the FDC dendrites  strongly suggesting IgM-IC was being transferred to FDCs by MZ B cells.,36,1.08335301018069,0.82837111564828,0.899904908758665,0.940784077315878,1.05332531209948
To further investigate the role of MZ B cells in IgM-IC transport  we used mice deficient in p50 a member of the NF-κB family of transcription factors.,27,1.12570514513502,0.938375506620448,0.945103253344563,0.994229255406122,1.11638507735092
These mice have been reported to lack MZ B cells  suggesting an unambiguous role for this component of the NF-κB transcription factor complex in the development of this subset of B cells.,32,1.08323200275266,0.840745299723675,0.868218767212182,0.945720252963394,1.09851924065118
However  we found that small numbers of MZ B cells are present in young p50-/-mice  and these cells are capable of binding high levels of IgM-IC in vivo and in vitro.,31,1.09770189711681,0.738569279640489,0.728567006151339,0.874268675023272,1.05194323438255
Interestingly  MZ B cells were found to accumulate with age in p50-/-mice such that by 6 months a normal sized MZ B cell compartment was present.,26,1.07574311755032,0.784165783031315,0.678376154698004,0.783731191653342,0.967132989203399
We also found that p50-/-mice exhibited an accelerated loss of FDC networks  as assessed by intense CD21 staining.,18,1.04097610810029,1.13155280008384,1.13752924448199,1.1275302473267,0.946406956817838
These data indicate that MZ B cells can develop in the complete absence of p50 and suggest that the transcriptional requirements for the development and/or survival of MZ B cells might differ in young and old mice.,37,1.09816524818653,0.858284655971745,0.844072959932115,0.910035187963155,1.04749619714838
Two month old p50-/-or control C57BL/6  B6  mice were injected with IgM-IC and the spleens removed 16 h later.,19,0.988756057652162,1.13332756790383,1.0457810642181,1.04739497951169,0.896083130386001
Based on the reported lack of MZ B cells in p50-/-mice and the requirement for MZ B cells in the transport and deposition of IgM-IC onto FDCs  we expected that IgM-IC would not be found localized on FDCs in the splenic follicles of these mice.,45,1.00317341980245,0.789068055159255,0.829811737678414,0.885131030125782,1.01224782666079
However  immunohistochemistry  IH  revealed the presence of IgM-IC on FDCs in p50-/-mice  Figure-1 .,13,1.04583063494732,1.10800925284151,1.11529556241675,1.11661046537538,1.11287377709441
The amount of IgM-IC localized in the spleen follicles of p50-/-mice was substantially less than in control B6 mice  but none-the-less readily detectable.,23,0.946187762140482,1.05995202719257,1.07736103744213,1.09260979048217,0.998368480959084
These results could indicate either that IgM-IC can traffic to FDCs by a previously unanticipated mechanism independent of MZ B cells  or p50-/-mice may possess small numbers of MZ B cells that are still functional for transporting IgM-IC into follicles.,40,1.08806908245866,0.806925412520877,0.836593582091633,0.91481944854462,1.07623848419044
To help discriminate between these alternatives  splenic B cells from p50-/-mice were analyzed for the presence of MZ B cells by FACS.,22,1.09678588587519,0.767684319085752,0.753337806648897,0.863805814769267,1.06480596556402
MZ B cells can be phenotypically distinguished from other B cell subsets in the spleen based on CD21/23 and B220/CD1d. Profiles.,21,1.1724577717051,0.802698564100945,0.846700363197423,0.901946560995363,1.16918811568796
As shown in Figure-2  MZ B cells were  as expected  severely reduced in p50-/-mice.,14,1.11181882505346,0.782793436580294,0.811428683307746,0.90421575665788,1.03662652203912
However  small numbers of B cells fell within the CD21 hi /CD23 lo and B220 + / CD1d hi gates  at ~10% of the frequency found in the B cell compartment of control B6 mice.,35,1.06717736714559,0.857850231266742,0.939753692073318,0.929881236166644,1.05579211046274
To determine if these MZ B cells could bind high levels of IgM-IC  spleen cells from mice that had been injected 1 h earlier were isolated and the presence of IgM-IC on B cell subsets was determined by FACS.,39,1.03089087718473,0.67898871424191,0.732105987398692,0.821752750765571,1.01488231548847
When IgM-IC were injected into B6 mice  the complexes were found associated with MZ B cells at high levels Figure-2 as expected from their high level expression of the complement receptor CR2  CD21  and localization at the marginal sinus  which facilitates exposure to blood-borne IgM-IC.,45,0.999773840916424,0.883138626118679,0.965088647459548,0.937906659549618,1.00950348004321
In contrast  little if any of the IgM-IC were present on follicular  FO  B cells.,15,1.20712793642544,0.925495809900444,0.998773000192938,0.99664137468595,1.1856812256362
In p50-/-mice  there was discernable binding of IgM-IC to MZ B cells  as defined by a shift in the FACS profile  while  as seen in B6 mice  IgM-IC did not bind to FO B cells Figure-2.,36,0.990895045193043,0.647655389407246,0.644915930585336,0.729996575552275,1.00702336485276
This suggests that the cells in the CD21 hi gate in p50-/-mice were authentic MZ B cells.,17,1.1149871461858,0.799526119398572,0.836424158782321,0.897002428449265,1.06434871379128
To confirm this  the capacity of these cells to bind IgM-IC was determined using in vitro binding assays  Figure-2.,19,1.15907839915819,1.00965862100803,0.973109996993988,1.14072119269612,1.22127876090856
When p50-/-B cells were incubated with IgM-IC in vitro  MZ B cells bound higher levels of IgM-IC than did FO B cells  3 to 5 times as assessed by mean fluorescence intensity   similar to results using B cells from B6 mice.,41,1.01755283204296,0.706590162739632,0.767103724176233,0.757079682410357,1.00948927666844
Note that the spleens of p50-/-mice contain an increased number of CD21 lo CD23 lo B cells  Figure-2  see also Figure-3 .,21,1.08639713736185,0.898587251880458,0.883411393115715,0.970497783553871,1.00859180417037
"While we have not explored the identity of these cells in detail they are likely to reflect increased numbers of immature ""transitional"" B cell subsets  since the number of AA4.1 + B cells in the spleens of these mice are increased  up to 2-fold  over those in age-matched control B6 mice.",52,1.0074931977414,0.82642859857712,0.870274713193971,0.927109429738024,0.985162366532503
As expected from their low levels of CD21  however  this population of cells does not bind IgM-IC  data not shown .,20,1.19217920947414,0.985141548944776,1.00874639167269,1.09312363102129,1.17540133152683
MZ B cells can be distinguished as IgM hi B cells positioned outside of the marginal sinus.,17,1.16077261134916,0.835099631144873,0.913633220649384,0.89309494753161,1.19147966660314
To determine whether the MZ B cells in p50-/-mice were positioned correctly around the marginal sinus of the spleen  immunofluorescence  IF  was performed on spleen sections using anti-IgM and anti-MOMA-1  which stains marginal metallophilic macrophages and delineates the MZ.,39,0.945472349357852,0.859697447881219,0.953753922101218,0.927945855476334,1.10163302885321
In control B6 mice  IgM hi cells  in red  were present in the MZ  outside of the MOMA-1 + cells  Figure-2.,21,1.03982806420814,0.857007066387765,0.981859724713325,0.89078615497612,1.10974083258523
IgM hi MZ B cells were also found outside of the MOMA-1 ring in p50-/-mice  but in reduced numbers  as expected from the drastic reductions in MZ B cells in these mice  Figure-2.,33,1.04274766623164,0.705686818876904,0.805844610117054,0.813124009173834,1.01959542639878
Taken together  these data indicate that p50-/-mice contain small numbers of MZ B cells that are correctly positioned around the marginal sinus  where they can encounter blood-borne IgM-IC and transport them into splenic follicles for deposition onto FDCs.,38,1.07484955764431,0.919913828870485,0.958236509479694,0.970839602040576,1.10595749361648
When older p50-/-mice were analyzed for the presence of MZ B cells  increased frequencies of MZ B cells were detected.,20,1.09052331792195,0.74198680206899,0.753387250071894,0.866832911253362,1.00889927860672
At 4 months of age  some p50-/-mice contained increased numbers of MZ B cells  whereas others did not suggesting that these cells might be emerging around this time period  data not shown .,32,1.03028285515507,0.859342357117453,0.797244637250551,0.872976515779558,0.964753406901508
By 6 months of age  a phenotypically distinct MZ B cell population was detected in all of the more than 10 mice analyzed  as determined by the CD21/23 profile.,29,1.0594906038187,0.938577391384469,0.84778223695009,0.84486928053396,0.978505578872303
In these mice  MZ B cells were present at frequencies comparable to those found in B6 mice  Figure-3   left panels   although the total number of splenic B cells did not appear to change.,33,0.985979275703985,0.769060061824546,0.838399370138271,0.857769774578906,1.02247442315239
At all ages tested  p50-/- and B6 mice had similar frequencies of T and B cells in their spleens  and their spleen sizes were also similar  unpublished results   and the cellularity of the spleens  as determined by IH  see for example Figure-5B  were also similar  indicating that the increased number of MZ B cells was selective for this subset of cells.,61,0.953846574746758,0.840846983337619,0.865378917432956,0.885035528678097,0.979944538963932
To confirm the phenotypic identity of the CD21hi/CD23lo B cells as MZ B cells  the expression of other markers of MZ B cells  including CD1d  and CD9   was assessed.,29,1.14243672042729,0.808225487269771,0.858559553784514,0.902621996572027,1.15208360598311
As shown in Figure-4  populations of B220+ B cells with CD1dhi and CD9hi phenotypes were present in p50-/- mice  consistent with the presence of MZ B cells.,27,1.07730005711207,0.775499799151898,0.827882553938508,0.874113724645382,1.08052766635263
The frequencies of these cells were similar to those in aged-matched control B6 mice.,14,1.07695095035871,1.01583289343548,1.06046921478971,1.05904707168527,1.12821827464559
We also assessed the levels of IgM on the CD21hiCD23lo cells  since MZ B cells express higher levels of IgM compared with FO B cells .,25,1.15561561541072,0.755208715091785,0.858366043012376,0.797290122003815,1.15582599075068
MZ B cells from p50-/- mice clearly expressed higher levels of IgM than on FO B cells from these same mice  and at levels similar to those in control mice  Figure-4 .,31,1.07942324789497,0.758540398514095,0.85155271545262,0.768620945019538,1.09576881864604
These B cells were also positioned within the MZ in p50-/- mice  Figure-4 as indicated by the presence of IgM+ cells outside of the marginal sinus as revealed by laminin staining .,31,1.0093402260229,0.828607810952778,0.916466500894484,0.83482528458522,1.08871891515058
As further evidence that the accumulating cells were functional MZ B cells  cells were tested for their capacity to bind IgM-IC in vivo and in vitro.,26,1.15322016299593,0.859218419874518,0.866016605683303,0.982848427264836,1.15409034911199
MZ B cells from 2 and 6 month old B6 mice or from 6 month old p50-/-mice had high levels of IgM-IC bound following i.v. injection  whereas FO B cells bound little or no IgM-IC  Figure-3 .,37,0.983212038018658,0.708516298682831,0.624488481268966,0.662382719006726,0.813784557069533
An in vitro binding assay also demonstrated the capacity of the MZ B cells from p50-/-mice to bind high levels of IgM-IC compared to FO B cells  Figure-3 .,28,1.09758593627112,0.62125476018146,0.623983524052836,0.806923523827438,1.07825091988237
Taken together  the data demonstrate that while few MZ B cells are present in young p50-/-mice  they do develop and accumulate with age  such that by 6 months they have reached normal levels and can functionally bind IgM-IC at high levels  as would be expected from their increased expression of CR1/2  CD21/35 .,52,1.06353619789814,0.875514506997522,0.784087262374225,0.889957450962291,0.971303941446309
In an effort to determine whether the repopulation of older p50-/-mice with MZ B cells enabled efficient IgM-IC trapping  mice were injected with IgM-IC and analyzed for FDC deposition.,29,1.00748733209885,0.921403740787041,0.90731210173626,0.927743018696846,0.96792260462756
Despite the normal levels and positioning of MZ B cells  no IgM-IC deposition was observed in the spleens of 6 month old p50-/-mice  Figure-5.,24,1.05150344412485,0.820197333935733,0.639550275247401,0.721462565651408,0.849491949792253
The failure of the IgM-IC to localize in the follicles of these mice could be due to the absence of FDCs.,21,1.12544547175711,1.17272661481253,1.18737005728757,1.21479621700743,1.1468297709822
However  as shown in Figure-5B  FDCs were present in these mice  as assessed by CD21 staining.,16,1.04076591639209,1.13444155571188,1.17113263486304,1.13122747107086,1.0680846782386
However  they appeared to be much smaller and the dendrites less pronounced than in age-matched B6 mice  as evident from the diminished area of intense CD21 staining  Figure-5B  right panels  see arrows .,32,0.95107314580385,1.06311876423633,1.12776857464102,1.07195611984405,0.935649197120784
In addition  the number of follicles with intense CD21 staining was reduced in the 6 month old p50-/-mice compared with age matched B6 mice  Figure-5B  4× view in left panels .,30,0.935761633141735,0.998629157148128,0.898334467347814,0.893868344477554,0.772624295932009
This suggests that the ability of FDCs from p50-/-mice to retain complement fragments might be diminished at 6 months of age.,21,1.13120647848225,1.13320346563417,1.01082094475545,1.07455376533534,0.945139620870156
Interestingly  6 month old B6 mice also exhibited some reduced capacity to trap IgM-IC  Figure-5  and slightly reduced CD21 staining compared with younger mice  Figure-5  suggesting a loss of FDC function may also be occurring naturally with age  as previously observed.,41,0.966237476829073,1.07353209581612,0.985269844712829,0.979140948625665,0.805840501160857
Consistent with this  FDCs in 6 month old p50-/-and B6 mice could not be detected by FDC-M2 staining  data not shown   in contrast with younger mice Figure-1 .,27,0.947442673317792,1.10074765970724,1.0040478050274,0.955671598314663,0.863889939857128
FDC-M2 is a FDC specific antibody that detects the complement component C4 on FDCs.,14,1.19911896079994,1.19834386556727,1.21404386693487,1.21035420187213,1.19780448817968
The data indicate the loss of FDC function may be accelerated in mice lacking p50.,15,1.10603729685161,1.1730335620947,1.18658962162356,1.19250010818221,1.06803192450243
Together  the data imply that the lack of FDC localization of IgM-IC in 6 month old p50-deficient mice is not due to functional inactivity of the MZ B cells that have accumulated in these mice  but reflects a loss of FDCs and/or FDC function by this age.,47,1.02260347555481,1.00063743177036,0.862314986838985,0.892030623238223,0.835602502747753
Our data demonstrate that while NF-κB p50-/-mice are clearly deficient in MZ B cells for the first 2 months of life  MZ B cells appear with age  such that by 6 months a normal splenic MZ B cell compartment has been reconstituted.,42,1.05270044912809,0.769137309065732,0.667714644117874,0.789103102512711,0.963734484693131
There are at least four distinct but not mutually exclusive mechanisms that could account for the late appearance of cells within the MZ of p50-/-mice.,25,1.11908611843206,0.997613208521391,0.981465313981824,1.01329374372792,1.08479434418406
First  these B cells could be memory B cells  which have been reported to accumulate in the MZ.,18,1.14133137178693,0.832838595980095,0.832298742037721,0.940609973223874,1.12508806445266
While we cannot formally rule out this possibility  B cells from p50-/-mice respond poorly to antigenic challenge  especially Tdependent antigens.,20,1.14761283139156,0.987283811227401,0.96526488754004,1.02183070051157,1.09117614678534
Consequently  it is unlikely that memory B cells would be generated in these mice  irrespective of their age.,18,1.08575471619937,0.95441217649187,0.937097476699238,1.01860986776589,1.0719606707587
Alternatively  the emergence of MZ B cells in p50-/-mice could represent the accumulation of these cells through homeostatic proliferation  in which cells proliferate to fill niches in response to deficits in specific subsets of cells.,35,1.12008682133804,0.894009296858056,0.918296470818017,0.973891727951987,1.10600538168087
While splenic B cells from p50-/ -mice will undergo homeostatic proliferation as a consequence of their transfer into SCID recipients  the ability of the few MZ B cells in the p50-/-donor spleen to expand following transfer was not examined.,39,1.14132290775887,0.895157296390008,0.898452929110393,0.980804836981494,1.14923295214698
Nevertheless  we view it as unlikely that homeostatic proliferation accounts for the accumulation of MZ B cells in the spleens of older p50-/-mice  since the accumulation of cells brought on by homeostatic proliferation is generally observed over a much shorter period of time  days to a couple of weeks  rather than the months required to reconstitute MZ B cells in p50-/-mice.,61,1.02261620496199,0.885554777108195,0.833428454196578,0.894997853886708,1.00578625441073
A third possibility is that a NF-κB p50-dependent signal transduction pathway that activates a developmentally required transcription program in MZ B cells or their precursors is overcome by compensatory mechanisms with aging.,32,1.20320488663317,1.02262107579425,1.01772356999224,1.0510413260588,1.17009920648892
NF-κB p50is involved in a number of pathways crucial for B cell development and maturation  including B cell receptor  BCR  signalling and responses to members of the TNF family.,29,1.23625798210222,1.02451380795712,1.06267519324635,1.10389817752491,1.20314923495044
Signal strength through the BCR has been proposed to be an important determinant of B cell lineage fate decisions  including the MZ B cell pool.,25,1.20194007586436,0.944359724573659,0.985023130081545,1.02289410717993,1.1905231420911
BAFF signalling is also important for the selection of B cells into the MZ B cell pool  while an intact LT-β R signalling pathway is required for the proper positioning of these cells.,33,1.18346915076298,0.875199847596313,0.92764787446059,0.973665376978776,1.17419002100245
The accumulation of MZ B cells in older p50-/-mice could reflect compensatory mechanisms in one or more of these signal transduction pathways important for the emergence or maintenance of MZ B cells.,32,1.11861155539783,0.83434976620011,0.828374026843446,0.908490120147555,1.0629113984027
A fourth possibility is that the small numbers of MZ B cells that successfully emerge in p50-/-mice survive for extended periods of time  resulting in the slow accumulation of this subset of cells with age.,35,1.04587972361023,0.90170703206193,0.850310513952524,0.953076395259488,1.0681861889813
Hao and Rajewsky have demonstrated that the half-life of MZ B cells is greater than that of FO B cells.,20,1.17339480699757,0.820706092132522,0.896343651657584,0.907744648541206,1.15734757136477
Thus  a simple explanation for the accumulation of MZ B cells in p50-/-mice with age is that these cells preferentially survive  and thus their frequency relative to the FO B cell pool and other B cells in the spleen increases slowly with age.,43,1.08645663327447,0.762030102525376,0.790922714155723,0.858942652773724,1.05353285157098
B cells from p50-/-mice are compromised in their ability to respond to specific antigen challenge  and are completely unresponsive to mitogenic substances such as LPS.,25,1.14334778602047,0.993902503591632,0.968322731559716,1.03163279295401,1.08873124567164
However  our data suggests that MZ B cells from p50-/-mice display some functionality  including the binding  transport and deposition of IgM-IC onto FDCs  a function unique to MZ B cells.,30,1.08247304250761,0.755132777963304,0.766367114837485,0.890082753049223,1.0496101153348
Like IgM-containing T-dependent immune complexes  MZ B cells also bind T-independent type 2  TI-2  antigens in a complement and CR1/2-dependent manner.,21,1.17922298997655,0.911635598754836,0.884253781516449,0.958993555847518,1.13589759809413
Despite the fact that p50-/-mice are widely considered to be devoid of MZ B cells  the presence of small numbers of these B cells in p50-/-mice were in fact noted in the initial studies of Pillai and colleagues  and these appeared to bind low levels of TI-2 antigens.,48,1.09639374429231,0.791321110327775,0.783931105355802,0.899238203353805,1.03728927535117
However  further analysis of the consequences of this binding  such as the transfer of immune complexes to FDCs  was not evaluated.,21,1.21215751503429,1.18512688099818,1.16246819104985,1.22563287086456,1.23517823841254
The results of the current study not only extend these previous studies  but demonstrate that one consequence of the small amount of IgM-IC binding manifests itself by the limited  but none-the-less detectable  deposition of these complexes onto FDCs.,38,1.19916914028395,1.16926744721315,1.1392755177562,1.21118555045417,1.18312733940407
This suggests that this function of MZ B cells is completely independent of the activation of NF-κB  at least those complexes containing p50.,23,1.15266586056764,0.881659304994412,0.901532750183267,0.958084255693765,1.12393324587714
These results extend other evidence suggesting that the activation of MZ B cells through engagement of the BCR may not be required for transport and deposition of IgM-IC  since MZ B cells from CD19-deficient mice  which also have deficits in MZ B cells  are also functional in this assay.,49,1.08430906051496,0.800711268920072,0.846875138440283,0.924319481707101,1.06395513964942
Together  these results raise the question of whether MZ B cells require activating signals to migrate into B cell follicles following IgM-IC binding to CR1/2.,25,1.17755348018107,0.848489806792733,0.857160251087723,0.968359468520668,1.17878237576117
MZ B cell migration can be detected in 1 h or less after the binding of IgM-IC.,17,1.12262212693983,0.845739334614508,0.843218681593924,0.96437294287546,1.0839321386249
The binding of IgM-IC to these cells may interfere with one or more of the mechanisms proposed to play a role in MZ B cell positioning  including retention by macrophages within the MZ  integrin-mediated retention  or responsiveness to lysophospholipids in the blood.,42,1.1471149389375,0.913558203985909,0.947528554843443,1.02170208126714,1.15351393360083
Once released  the MZ B cells would be expected to migrate into follicles in response to chemoattractants such as BLC.,20,1.17485503463701,0.897630341205531,0.941076623397611,0.989176967352202,1.17256826002417
"These considerations suggest that follicular migration of MZ B cells may be the ""default"" pathway  whereas BCR engagement  which is known to direct MZ B cells not into the follicles but to the T-B interface  actively alters the fate of antigen specific MZ cells away from follicular migration.",48,1.1477950571509,0.895511037802483,0.941315797498579,0.979631262383456,1.14907267872535
Despite the increase in frequency  and numbers  of MZ B cells in p50-/-mice  the deposition of IgM-IC within the follicles does not improve with age  but declines severely.,28,1.1234717400798,0.888685141598011,0.835234000153538,0.92934486393542,1.05556134518375
This appears to be due to a decrease in function of FDCs  which are fewer in number and are less pronounced  as evidenced by CD21 staining  Figure-5 .,27,1.13463892158821,1.18743104970674,1.20690471532916,1.19207140398683,1.11867992152345
Thus  the decreased ability of FDCs to retain complement containing immune complexes observed in old mice  appear to emerge with accelerated kinetics in p50-/-mice.,24,1.05027229742633,1.10129022299097,1.04960198183649,1.09449774363473,0.99370954014319
NF-κB p50is only one of a growing number of genes  including a number of transcription factors  whose expression influences the development of MZ B cells  reviewed in   highlighting the complex interactions that must converge to generate this B cell compartment.,40,1.16433481711534,0.938504429521801,0.961509058973421,0.992859422780174,1.14774432502554
The fact that the requirements for individual proteins  such as p50 could change with age suggests that compensatory mechanisms exist which can overcome cellular defects  and/or that more than one pathway to generate these cells may exist.,37,1.19600519585548,1.15088117818313,1.12667228447677,1.15287251160292,1.1503082907731
These experiments demonstrate the profound influence age can exert on cellular populations in genetically modified mice.,16,1.12747974148715,1.19631362810511,1.16720115335015,1.20447204019729,1.14554154274407
The appearance of large numbers of MZ B cells in 6 month old p50-/-mice suggests that compensatory mechanisms overcome the deficits caused by p50-deficiency.,24,1.10432317987103,0.922137801258384,0.76246105692003,0.807636319982763,0.879576629490031
Both in young and old p50-/-mice  these MZ B cells appear to retain some functionality  as assessed by their ability to bind  transport and deposit IgM-IC onto FDCs.,28,1.07793361003687,0.88422921641099,0.820431125088156,0.911363857045147,1.00513727867983
On the other hand  FDCs are unable to maintain their functional capacity to trap IgM-IC in aged p50-/-mice indicating that  while MZ B cells recover with age  other immune defects become more pronounced as a result of deficiency in this member of the NF-κB family of transcription factors.,48,1.08397488124933,1.00850754437778,0.946340949312393,1.00684230879026,1.05429922606909
C57BL/6J and NF-κB p50deficient  B6 129P2-Nfkb1 tm1Bal  mice were purchased from Jackson Laboratories  Bar Harbor  ME .,16,1.11608599706776,1.16429332955515,1.18655933778031,1.16808222873094,1.16444428991556
Mice were maintained in the Laboratory Animal Sciences Center  Boston University Medical Center.,13,1.1906557844895,1.25386845817221,1.27093322099517,1.25187628448473,1.22393243388895
All studies were reviewed by an Institutional Animal Care and Use Committee and carried out in accordance with established guidelines according to National Institutes of Health.,26,1.27939947572387,1.30834939545831,1.31978785377838,1.3063226198187,1.29294427151868
Mice of both sexes were used at 2 to 6 months of age as described.,15,1.14051000558819,1.2046314950528,1.05428691915273,1.1139417318671,1.01262362362076
Mice were injected i.v. with a mixture of 15 to 20 µg each of NP 12 -BSA-biotin  Biosearch Technologies  Novato  CA  and affinity purified pentameric IgM anti-NP monoclonal antibody  B1-8  exactly as previously described.,35,1.12759464765443,1.15570618689867,1.11914751571824,1.11503953419341,1.11404805117558
In vitro assays to assess the binding of IgM-IC to MZ B cells were performed as previously described.,18,1.15896803088129,0.850819871973274,0.810215792193104,0.991652366197618,1.18018174475398
Briefly  IgM-IC were formed by mixing 1 µg each of NP-BSA-biotin and B1-8 IgM in RPMI in the presence of 10% fresh mouse serum as a source of complement and incubated for 30 minutes at 37°C.,36,1.20430290830564,1.18707204608552,1.15624660095248,1.16073119357319,1.16671627119054
Splenocytes  10 7   were resuspended in the IgM-IC and incubated at 37°C for an additional 30 minutes.,17,1.20997795689877,1.21199318378435,1.15315027931258,1.19110550446009,1.17699286782058
Cells were washed and analyzed by flow cytometry.,8,1.22797264267173,1.14677917908323,1.1683506630913,1.18426168267222,1.26439389642202
Staining of spleen sections was performed exactly as previously described.,10,1.10668122979474,1.21863677394498,1.21959978740061,1.22032739654084,1.2054985557051
Briefly  spleens were removed and snap frozen in O.C.T. Compound and stored at -80°C.,16,1.18598181204455,1.17269929255721,1.15986722596023,1.197472870749,1.21075077523041
6 µm sections were cut  IEC Microtome  Needham  MA  and fixed in acetone at -20°C for 10 min.,18,1.20444087879113,1.23571707900196,1.19913647104882,1.19561943614125,1.17568144505001
Sections were incubated with 0.3% H 2 O 2 /PBS for 5 min and blocked with 3% normal rabbit or rat serum.,23,1.17810066396721,1.18271060679937,1.12688415412189,1.16877401889331,1.13658874979947
All antibodies were diluted in 5% BSA in PBS.,9,1.28058536305332,1.2591692764005,1.26632403380457,1.27621133304313,1.28798175985095
Primary antibodies used included: anti-CD3-FITC  1/200   anti-CD3-biotin  1/200   anti-CD21/35-FITC  1/100    all from BD Biosciences  San Diego   ER-TR9  1/ 200  BMA Biomedical  Augst  Switzerland   and anti-FDC-M2  1/200  Immunokontact  Frankfurt  Germany .,29,1.26343609251074,1.26848661405997,1.27811471988902,1.25697834613882,1.25115702224149
Secondary antibodies included anti-FITC-HRP  1/100  Roche Molecular Biochemicals  Indianapolis  IN   goat anti-rat IgG-HRP  1/500  Jackson Immunoresearch  West Grove  PA   and goat anti-rat IgM  Fab'  2 -HRP  1/1000  Jackson Immunoresearch .,29,1.26344953130261,1.26551459121297,1.24710694191505,1.19561553389898,1.24851467226225
NP 12 -BSA-biotin and anti-CD3-biotin was visualized by alkaline phosphatase  AP -streptavidin  1/400  Molecular Probes  Eugene  OR  and developed with napthol AS-MX phosphate/Fast blue BB base  Sigma  St. Louis  MO .,30,1.16319991329216,1.2050630679838,1.18095492819119,1.14716762809528,1.16911420706314
Visualization of antibody stains was accomplished using horse radish peroxidase  HRP  conjugated secondary antibodies developed with 3-amino-9-ethylcarbazole  Sigma  and H 2 0 2 .,23,1.13385932325369,1.1954179117983,1.18524249163248,1.167553055884,1.11983170701213
After staining  sections were covered with crystal mount  Biomedia  Foster City  CA  before examining by digital microscopy  Zeiss  Axiovert 200 M  Oberkochen  Germany .,23,1.18526192900405,1.23472205841952,1.24900043396895,1.22336463002029,1.22259653453959
Unless otherwise noted  all images were obtained using a 10× objective  initial magnification of 100×  unless otherwise noted  see Figure-4 .,20,1.20065293557495,1.22360943459276,1.22911463076904,1.20946898654762,1.13646101361572
Sections were initially treated as for IH.,7,1.1321917544928,1.20346434969481,1.2320817657241,1.21768442617044,1.21361667894
Antibodies utilized included anti-MOMA-1  1/25  Serotec  Raleigh NC  visualized with a goat anti-rat IgG-AMCA  1/100  Jackson Immunoresearch   anti-IgM-Texas Red  1/100  BD Biosciences   and anti-laminin  1/500  Sigma  visualized with an anti-rabbit IgG-FITC  1/100  Jackson Immunoresearch .,34,1.22143777432357,1.23806150395584,1.25596511489207,1.21197916114694,1.23496995754427
All sections were covered with Fluoromount G  Jackson Immunoresearch  and a cover slip before examining by digital microscopy  Zeiss  Axiovert 200 M  Oberkochen  Germany .,24,1.22132552525463,1.25701394062874,1.26985515998355,1.24305533526372,1.24773028223391
Splenocytes were isolated at the indicated times and stained as follows.,11,1.12796610266946,1.18548726360858,1.17488024055797,1.16949835290267,1.17923448457609
The lymphocyte gate was utilized for all analysis.,8,1.2387407654324,1.22141495345391,1.24818837632337,1.21857905577413,1.26923686620624
Cells were analyzed using a FACScan  Becton Dickinson  Franklin Lakes  NJ  and FlowJo software  Tree Star  Ashland  OR .,18,1.21889932678704,1.12636010197246,1.1514777630372,1.15240409308158,1.24757101128443
Antibodies utilized were anti-B220-FITC  1/200   anti-B220-biotin  1/200   anti-B220-PE  1/ 200   anti-CD21/35-FITC  1/200   anti-CD23-PE  1/ 200   and anti-CD1d-FITC or PE  1/100   BD Biosciences .,22,1.25679155230126,1.23912763009707,1.24748142229087,1.24392531242979,1.25423050564358
Streptavidin-Cy5  1/200  BD Biosciences  was used to identify the NP antigen  NP 12 -BSA-biotin  associated with lymphocytes  as well as to visualize biotinlabelled antibodies.,24,1.15739415797063,1.15848812415567,1.13654016911469,1.1152934920695,1.14529511195308
