Fig,Caption
1,"Figure-1 p50-/- mice trap IgM-IC less efficiently on FDCs. Localization of IgM-IC in B6 or p50-/- mice was determined by IH 16 h after injection. ER-TR9 identifies marginal zone macrophages (MZM) and FDC-M2 identifies FDCs. IgM-IC (which appear blue in this and all subsequent figures and are identified by arrows) are localized to FDCs in spleens from both groups of mice, but FDCs from B6 mice show more intense staining, indicating that more IgM-IC are trapped in these mice. All IH stains were performed on serial sections and were developed side-by-side for identical periods of time."
2,"Figure-2 p50-/- mice contain reduced numbers of MZ B cells that bind high levels of IgM-IC A. B cell subsets and IgM-IC binding. Splenocytes from B6 or p50-/- mice were analyzed for B cell subsets by FACS using CD21/CD23 or B220/CD1d expression. Histograms on the right show binding of IgM-IC to MZ and FO B cells 1 h after i.v. injection (shaded region); clear profiles represent uninjected control mice. Although spleen cells from p50-/- mice contained reduced numbers of MZ B cells, the cells present in the MZ B cell gate bind IgM-IC at high levels over background, similar to levels of binding of IgM-IC to B6 MZ B cells. B. In vitro binding assay showing binding of IgM-IC to MZ B cells (shaded region) compared with FO B cells (clear region). MZ B cells from both B6 and p50-/- mice bind high levels of IgM-IC compared to FO B cells. C. Immunofluorescence shows the presence of IgMhi cells (red) in the MZ as demarcated by MOMA-1 (marginal metallophilic macrophages, blue) staining. p50-/- mice possess some IgM+ cells in the MZ outside of the MOMA-1 ring, consistent with the presence of appropriately positioned MZ B cells in these mice."
3,Figure-3 p50-/- mice accumulate MZ B cells with age that have the capacity to bind high levels of IgM-IC A. FACS profile of splenocytes from 2 and 6 month old B6 and 6 month p50-/- mice reveal the presence of normal numbers of MZ B cells in spleens of the p50-/- mice. Histograms illustrate binding of IgM-IC to p50-/- MZ B cells as described in Figure 2A. B. In vitro IgM-IC binding assay. Binding to MZ B cells (shaded profiles)
4,"Figure-4 Phenotypic and histological analysis of MZ B cells in p50-/- mice A. FACS profile of splenocytes from 2 and 6 month old B6 and 6 month old p50-/- mice revealed by B220/CD1d and B220/CD9 profiles. B. FACS histograms showing IgM levels on MZ and FO B cells (shaded and clear regions, respectively) as determined by CD21/23 profiles. Cells present in the MZ B cell gate in p50-/- mice express higher levels of IgM compared with FO B cells, similar to B6 mice. C. IF reveals well demarcated IgMhi cells (in red) in the MZ outside of the laminin staining (which identifies the marginal sinus; in green) in 6 month p50-/- mice."
5,"Figure-5 Deteriorated FDCs in aged p50-/- mice correlates with reduced IgM-IC localization A. 2 month and 6 month old B6 mice and 6 month old p50-/- mice were injected with IgM-IC and analyzed by IH for IgM-IC localization 16 h later. IgM-IC were present on FDCs in 2 and 6 month B6 mice (see arrows), but were not deposited onto FDCs in p50-/- mice. B. Intense CD21 staining (designated by arrows) was less visible in the spleens of p50-/- mice, indicating that FDC networks were poorly developed in these mice. This suggests that reduced IgM-IC localization may be attributed to the loss of functional FDC networks in p50-/- mice. The magnifications noted refer to the objective used, not the absolute magnification."
