Text
"The Hedgehog (Hh) signaling pathway is a critical regulator of diverse biological processes including developmental patterning and organogenesis. The pathway is initiated upon Hh ligand binding to the transmembrane receptor<ref type=""bibr"">Patched (Ptc1)</ref>. This relieves the Ptc1-mediated suppression of<ref type=""bibr"">Smoothened (Smo)</ref>, triggering a complex downstream signal cascade. Gli1 and Ptc1 are conserved Hh target genes and their expression levels are considered reliable indicators of pathway activity. Most biological effects of Hh signaling appear to be mediated through transcriptional regulation of Hh target genes, although a non-transcriptional response was recently identified."
"Null mouse models have been critical in determining the role of Hh signaling in the growth and morphogenesis of tissues and organs. These models have also proved valuable in gleaning the function of individual Hh signal mediators in pathway regulation. In cell-based assays, Gli1 over-expression has been found to induce Hh target gene expression. The finding that Gli1 -/-mice develop normally,however, infers that Gli1 function is dispensable for normal development. Gli2 -/-mice exhibit neural tube defects and demonstrate diminished Hh target gene expression in several tissues. This supports findings from cell-based assays that Gli2 functions as a critical target gene activator. Increased target gene expression in tissues derived from Gli3 null mice relative to tissues from wild type mice suggests that Gli3 functions to repress transcription."
"Numerous studies have utilized transgenic MEFs to investigate diverse gene and protein properties. However, the experimental utility of primary cells is limited by a finite propagation and culture period. We showed previously that mouse embryonic fibroblasts (MEFs) from Gli null mice provide a tractable cell-based system in which to quantitatively examine the regulation of Hh target gene expression by the Gli transcription factors. We now describe the generation of immortalized Gli null MEFs (iMEFs) and characterize their transcriptional and migratory response to Hh ligand stimulation."
"This work was conducted with the approval of the University of Wisconsin Animal Care and Use Committee. Gli1 zfd and Gli2 zfd mice were generously provided by Alexandra Joyner and maintained on an outbred CD-1 background. Gli3 Xtj mice were obtained from Jackson Laboratories (Bar Harbor, ME) and were maintained on a C57/C3H background. Primary MEFs were derived from crosses of Gli1 zfd and Gli2 zfd transgenic mice and Gli3 Xtj mutant mice. Gli1 zfd and Gli2 zfd transgenic mice were produced by homologous recombination replacing exons 2-5 and 3-5, respectively with neo cassettes. Gli3 Xtj mutant mice from Jackson Laboratories (Bar Harbor, ME) lack Gli3 expression due to a deletion mutation in the 3' end of the gene."
"Primary MEFs were grown as described previously in 10% fetal calf serum (FCS) DMEM [with L-glutamine, 4.5 g/L glucose, without sodium pyruvate] with 1% Pen/Strep and propagated following the 3T3 protocol for spontaneous immortalization. 3.0 × 10 5 cells in 4.0 mls media were plated in 60 mm plates and passed at three day intervals. After 8-12 passes, proliferation rates decreased and cells were allowed to grow to confluence before subsequent passing. After 15-25 passes, proliferation rates increased, suggesting spontaneous immortalization. Following, cells were grown for an additional 10-12 passes to ensure stable immortalization. The absence of expression of Gli1, Gli2, and Gli3 in corresponding null iMEF cell lines was confirmed by Real Time-RT-PCR of isolated cDNA as well as standard genotyping of genomic DNA."
"A pIRES shuttle vector carrying coding sequences for hShh, hGli1, ΔNmGli2, hSmo* and independently translated GFP was used to retrovirally infect WT iMEFs. iMEFs were plated at subconfluence in DMEM with 10% FCS 100 mm plates. Cells were then incubated with viral-conditioned media at 4°C for 6 hrs. Following a 72 hr propagation period, GFP-sorting was used to isolate over-expressing populations."
"iMEFs were plated in Multiwell Primaria™ 24 well plates (Falcon, Franklin Lakes, NJ) at 2.0 × 10 5 cells per well in 400 μl media. Cells were allowed to attach overnight and media were replaced with DMEM containing 1% FCS ± 1 nM octylated Shh peptide (Curis/Genentech). At 24 hrs RNA was harvested and gene expression was determined by real time RT-PCR as described, using gene specific primers as listed: GAPDH: 5'-AGCCTCGTCCCG TAGACAAAAT-3' and 5'-CCGTGAGTG GAGTCATACT-GGA-3', Ptc1: 5'-CTCTGGAGCAGATTTCCAAGG-3' and 5'-TGCCGCAGTTCTTTTGAATG-3', Gli1: 5'-GGAAGTC-CTATTCACGCCTTGA-3' and 5'-CAACCTTCTTGCT-CACACATG TAAG-3', Gli2: 5'-CCTTCTCCAATGCCT CAGAC-3' and 5'-GGGGTCTGTGTACCT CTTGG-3', Gli3: 5'-AGCCCAAGTATTATT CAGAACCTTTC-3' and 5'-ATGGATAGG GATTGGGAATGG-3'."
"Cells were grown to 70% confluence in 6-well plates and labeled with 10 μM CellTracker Green (Invitrogen) in serum-free medium for 1 hr. The dye was fixed by adding 10% FCS for 1 h, and subsequently cells were washed and detached with 5 mM ethylenediaminetetraacetic acid (EDTA) in PBS. After complete detachment, cells were resuspended in serum-free medium, pipetted through a 70 μM cell strainer (BD Falcon, Franklin Lakes, NJ), and 100 μl suspension was transferred to 8 μM pore size HTS FluoroBlok Cell Culture Inserts from BD Falcon which were inserted in fitting 24-well plates. In the bottom wells, 600 μl medium was supplemented with indicated chemoattractant. Promptly, fluorescence values representing the number of cells on the bottom side of the insert were read four times every two minutes on a Series 4000 CytoFluor Multi-Well Plate Reader (Perseptive Biosystems, Framingham, MA). The raw fluorescence data were corrected for background fluorescence. No-attractant controls were subtracted at each measured time point to correct for any effects not due to active migration to the chosen attractant. Migration start points were set to zero. For comparison of the different cell lines from multiple experiments, total migration of wild type cells was set to one. For migration assays, Shh peptide (R&D Systems) was used at given concentrations. Preincubation with inhibitors was performed during 10 minutes following detachment and inhibitors were also added to the bottom wells to exclude chemorepellent artifacts. Transfection of iMEFs with SuFu overexpression construct (a kind gift of Dr. Toftgård) was performed with Effectene transfection reagent (Qiagen, Hilden, Germany) according to manufacturer's recommendations 16 h before start of migration assay. Western blot analysis revealed a 10-fold increase in SuFu levels following transfection (not shown)."
"Gli3 +/+ (WT), Gli1 -/-, Gli2 -/-, Gli3 -/-, Gli1 -/-2 -/-,and Gli2 -/-3 -/-primary MEFs were propagated by described 3T3 protocols for spontaneous immortalization. Each nonclonal immortalized cell line demonstrated a fibroblastlike morphological appearance in monolayer culture although individual lines exhibited subtle morphological differences <ref type=""figure"">(Figure 1</ref>). Each iMEF line was determined to be tetraploid by flow cytometry analysis (data not shown)."
"iMEFs were treated ± Shh ligand, and Hh target gene expression was determined by real time RT-PCR.<ref type=""figure"">Figure 2A</ref>shows the expression of reliable Hh target gene Ptc1 following stimulation with Shh or vehicle and<ref type=""figure"">Figure 2B</ref>shows the fold induction (Shh/Veh) of Ptc1 expression. Gli3 -/-iMEFs demonstrated elevated basal and Shhinduced expression of Ptc1 (p = 0.03 and p = 0.02 respectively) relative to WT cells. Shh ligand stimulation induced Ptc1 expression in each iMEF line except that lacking expression of both Gli2 and Gli3, which are essential for a transcriptional Hh response. While loss of Gli1 alone had no effect on target gene expression, Ptc1 induction was reduced in both Gli2-/- and Gli1-/-2-/- iMEFs relative to WT."
"While Hh signaling effects are thought to be exerted primarily through transcriptional regulation, a novel pathway was recently identified which is Smo-dependent but does not require transcription. This alternative pathway triggers cytoskeletal rearrangement, driving a cellular migratory response toward Hh ligand. When activation of this pathway was investigated in wild type iMEF cells, a dose-dependent migratory response to recombinant Shh was observed (<ref type=""figure"">Figure 3A</ref>). In the absence of Shh ligand (no-attractant control), a low level of baseline migration was observed and subsequently subtracted from the migratory responses in all other experiments."
"The generated Gli null iMEFs provide a valuable tool to assess transcription factor dependence of specific biological responses. When Gli3 +/+ (WT), Gli1 -/-2 -/-, and Gli2 -/-3 -/-iMEF cells were allowed to migrate to 2 μg/ml Shh peptide, migration was observed for each genotype (Figure 3B).Remarkably, increased migration to Shh was observed for the null cells (Gli1 -/-2 -/-and Gli2 -/-3 -/-) that was inversely correlated with their respective transcriptional Hh-responsiveness (<ref type=""figure"">Figure 3C</ref>). This inverse correlation may be explained by competition for shared pathway components between the two different signal transduction mechanisms but no data to suggest such a competition have so far been presented."
"To confirm that the observed migration of Gli2 -/-3 -/-iMEFs to Shh peptide is Hh-pathway specific, we used the Smo agonist purmorphamine as chemoattractant. Robust migration was observed that was comparable in magnitude to migration to Shh as well as the positive control, FCS (<ref type=""figure"">Figure 4A</ref>). Conversely, treatment with the Smo inhibitor cyclopamine abrogated the migration response to Shh peptide. These data indicate that the migratory response of Gli2 -/-3 -/-iMEFs is Smoothened dependent and thus Hh-pathway dependent. An artifactual response to endotoxin contamination of Shh peptide was excluded by demonstrating the inability of the lipopolysaccharide (LPS) inhibitor polymixin B (PMB) to reduce the cellular migratory response to Shh peptide."
"While the Hh-inhibitory protein suppressor of fused (SuFu) mitigates the Gli-mediated Hh transcriptional response, it appears to have no effect on migratory response. Accordingly, when SuFu was overexpressed in Gli2 -/-3 -/-iMEFs, Shh-induced migration was not changed (<ref type=""figure"">Figure 4B</ref>). The translation independence of the migratory response was confirmed by demonstrating the ineffectiveness of cycloheximide in altering the migration response to Shh peptide."
"To confirm the previously demonstrated requirement for intact leukotriene synthesis machinery in the migratory response to Shh, we used the lipoxygenase inhibitor MK-886 to block leukotriene production. When Gli2 -/-3 -/-iMEFs were preincubated with 5 μM MK-886 migration to Shh was markedly reduced, indicating that in cells without a functional transcriptional Hh signaling pathway, leukotriene synthesis is required for Shh-mediated migration (<ref type=""figure"">Figure 4B</ref>)."
"As several studies have demonstrated that either Gli2 and Gli3 are required for the Hh signaling transcriptional response, the Hh-induced migration of Gli2 -/-3 -/ -cells is affirmative evidence that the migratory response is independent of Gli transcription factor activity. Also important for this study, the observed migration data indicate that the iMEFs have functional Hh-sensing machinery and that the diminished Hh-responsiveness of Gli1 -/-2 -/-and Gli2 -/-3 -/-iMEFs is due to the absence of Gli proteins, rather than ablation of the Ptch1/Smo receptor pair or other artifacts."
"Immortalized cells allow for retroviral-mediated, stable expression of vectors for gene-knockdown or over-expression. We generated WT iMEFs with stable over-expression of several pathway components and assessed pathway activity by measuring the expression of Ptc1, a reliable Hh target gene. We found that iMEFs over-expressing hShh, hGli1, or constitutively active forms of mGli2 <ref type=""formula"">(ΔNmGli2)</ref>or hSmo (Smo*) demonstrated increased pathway activity relative to iMEFs expressing only GFP (<ref type=""figure"" target=""#fig_2"">Figure 5</ref>). This demonstrates that over-expression of pathway components at multiple levels including ligand and transcription factor is sufficient to drive constitutive pathway activity."
"The full complement of Gli genes in most Hh ligandresponsive cell models mitigates their utility in investigations of molecular regulation and biological activity of the individual Gli transcription factors. Here we demonstrated the unique transcriptional and non-transcriptional responses of a battery of Gli-null iMEFs. Moving forward, these cell lines should prove a useful tool in a wide range of the Hh signaling field and have already been distributed to several investigators for a wide range of purposes including; studies of transcriptional co-regulators and Glibinding partners; chemical pathway inhibitor site of action studies; anti-Gli antibody specificity studies; and several studies of Gli dependence in specific Hh-related biological function."
