Sentences,length,sent_fig_caption-1,sent_fig_caption-2,sent_fig_caption-3,sent_fig_caption-4,sent_fig_caption-5
The Hedgehog  Hh  signaling pathway is a critical regulator of diverse biological processes including developmental patterning and organogenesis.,18,1.2945364502202654,1.2679762791893379,1.2326076264164714,1.1667919041829742,1.188482859018643
The pathway is initiated upon Hh ligand binding to the transmembrane receptorPatched  Ptc1 .,13,1.2947823896689514,1.2358258285062225,1.2375180363651335,1.1605408916911073,1.1772488387723434
This relieves the Ptc1-mediated suppression ofSmoothened  Smo   triggering a complex downstream signal cascade.,13,1.3111983099829028,1.26834603501872,1.2425086859029413,1.1534598340437894,1.2014986886999641
Gli1 and Ptc1 are conserved Hh target genes and their expression levels are considered reliable indicators of pathway activity.,19,1.2959719581984845,1.1697548229440862,1.1879559490229288,1.1574803410201913,1.0867042462420673
Most biological effects of Hh signaling appear to be mediated through transcriptional regulation of Hh target genes  although a non-transcriptional response was recently identified.,24,1.292282638434691,1.1936637137968114,1.1758813721202952,1.1433306347250094,1.1585592541227294
Null mouse models have been critical in determining the role of Hh signaling in the growth and morphogenesis of tissues and organs.,22,1.2533250265005487,1.236794085353484,1.1862952002209488,1.1941666206808292,1.1754727887487444
These models have also proved valuable in gleaning the function of individual Hh signal mediators in pathway regulation.,18,1.2917869507091178,1.2177516965624695,1.1858428300576023,1.1711526123189695,1.1495994438525032
In cell-based assays  Gli1 over-expression has been found to induce Hh target gene expression.,14,1.2556631047681142,1.162573253227869,1.169144117816758,1.1715806077362962,1.1013256588521148
The finding that Gli1 -/-mice develop normally however  infers that Gli1 function is dispensable for normal development.,17,1.2898013929192438,1.2227961415355821,1.2101506902766686,1.2060916573077702,1.1939842563753709
Gli2 -/-mice exhibit neural tube defects and demonstrate diminished Hh target gene expression in several tissues.,16,1.2417346540888663,1.1650957879107389,1.1774331794022697,1.1807507450144217,1.0894011817717009
This supports findings from cell-based assays that Gli2 functions as a critical target gene activator.,15,1.2819708683005793,1.215914435894684,1.191757927888819,1.1786301782166018,1.1734151661401606
Increased target gene expression in tissues derived from Gli3 null mice relative to tissues from wild type mice suggests that Gli3 functions to repress transcription.,25,1.2647053774540522,1.1430063156331538,1.0621350176374296,1.18123485791482,1.1099746279641962
Numerous studies have utilized transgenic MEFs to investigate diverse gene and protein properties.,13,1.2743480580798745,1.2268550699573675,1.186174635100858,1.2306570797592868,1.1714049789903969
However  the experimental utility of primary cells is limited by a finite propagation and culture period.,16,1.124282858865909,1.2337025929269017,1.1960092246425245,1.242111381204593,1.2098561257665001
We showed previously that mouse embryonic fibroblasts  MEFs  from Gli null mice provide a tractable cell-based system in which to quantitatively examine the regulation of Hh target gene expression by the Gli transcription factors.,34,1.2626643782697224,1.1624398351012755,1.1517572004452323,1.1861666243771671,1.1036210452501343
We now describe the generation of immortalized Gli null MEFs  iMEFs  and characterize their transcriptional and migratory response to Hh ligand stimulation.,22,1.2695438186657146,1.1831996721732185,1.1709116687652585,1.1140977522378945,1.157687726139467
This work was conducted with the approval of the University of Wisconsin Animal Care and Use Committee.,17,1.3393636254906545,1.3030577157676122,1.2839581799036468,1.3215355960972006,1.3135897496525055
Gli1 zfd and Gli2 zfd mice were generously provided by Alexandra Joyner and maintained on an outbred CD-1 background.,19,1.2625250333786588,1.2227500135930207,1.2494237785901399,1.2352444322298881,1.2126429418999622
Gli3 Xtj mice were obtained from Jackson Laboratories  Bar Harbor  ME  and were maintained on a C57/C3H background.,18,1.244024329208874,1.1712644769243532,1.198420940071229,1.2218955523205453,1.1788869527343104
Primary MEFs were derived from crosses of Gli1 zfd and Gli2 zfd transgenic mice and Gli3 Xtj mutant mice.,19,1.269905356462297,1.2195255551635964,1.2090854338745922,1.1960018473628635,1.17282856358245
Gli1 zfd and Gli2 zfd transgenic mice were produced by homologous recombination replacing exons 2-5 and 3-5  respectively with neo cassettes.,21,1.2634908729754084,1.1766215441570795,1.195950305857924,1.1885591288470405,1.1188260371151306
Gli3 Xtj mutant mice from Jackson Laboratories  Bar Harbor  ME  lack Gli3 expression due to a deletion mutation in the 3' end of the gene.,25,1.2839370404049106,1.1567223465241476,1.1926744903672155,1.1893211246494864,1.1464226169851561
Primary MEFs were grown as described previously in 10% fetal calf serum  FCS  DMEM  with 1% Pen/Strep and propagated following the 3T3 protocol for spontaneous immortalization.,26,1.1384347056963149,1.2351444416560278,1.2121034550603866,1.1696699345536914,1.175302609740782
3.0 × 10 5 cells in 4.0 mls media were plated in 60 mm plates and passed at three day intervals.,23,1.0718804697160842,1.129809295739398,1.124738538867981,1.171841467600903,1.138738490091672
After 8-12 passes  proliferation rates decreased and cells were allowed to grow to confluence before subsequent passing.,17,1.0778998149060277,1.2163105049756102,1.1950518247244153,1.2151629765473757,1.1827033927895134
After 15-25 passes  proliferation rates increased  suggesting spontaneous immortalization.,9,1.198370764754706,1.2466647836049478,1.200998581072109,1.226667827303027,1.2316560019238398
Following  cells were grown for an additional 10-12 passes to ensure stable immortalization.,13,1.092279072220651,1.238619747276074,1.2020835404931298,1.21125745108388,1.122008382304902
The absence of expression of Gli1  Gli2  and Gli3 in corresponding null iMEF cell lines was confirmed by Real Time-RT-PCR of isolated cDNA as well as standard genotyping of genomic DNA.,31,1.1859556423837152,1.1311012266198968,1.1247997237995744,1.1391458778537733,1.0756759417873427
A pIRES shuttle vector carrying coding sequences for hShh  hGli1  ΔNmGli2  hSmo* and independently translated GFP was used to retrovirally infect WT iMEFs.,23,1.2757012970426453,1.2303068357510831,1.2112978185542516,1.2083051358870658,1.0849741314215418
iMEFs were plated at subconfluence in DMEM with 10% FCS 100 mm plates.,13,1.0416039007995737,1.2440624150861779,1.2747234098246665,1.2297789265418955,1.2312990345605301
Cells were then incubated with viral-conditioned media at 4°C for 6 hrs.,12,1.0671767346686036,1.2216172501398592,1.221476742131106,1.21254908655457,1.2003185891247834
Following a 72 hr propagation period  GFP-sorting was used to isolate over-expressing populations.,13,1.212704728148446,1.1920912065147982,1.1847433827263807,1.1730661581808122,1.130929143389547
iMEFs were plated in Multiwell Primaria™ 24 well plates  Falcon  Franklin Lakes  NJ  at 2.0 × 10 5 cells per well in 400 μl media.,26,1.0961052173595418,1.1456750961711337,1.1491404146954414,1.1437219721990561,1.1499469735852876
Cells were allowed to attach overnight and media were replaced with DMEM containing 1% FCS ± 1 nM octylated Shh peptide  Curis/Genentech .,22,1.1128031056286851,1.2011601904258769,1.1754288197233917,1.1209198349592209,1.181620030210991
At 24 hrs RNA was harvested and gene expression was determined by real time RT-PCR as described  using gene specific primers as listed: GAPDH: 5'-AGCCTCGTCCCG TAGACAAAAT-3' and 5'-CCGTGAGTG GAGTCATACT-GGA-3'  Ptc1: 5'-CTCTGGAGCAGATTTCCAAGG-3' and 5'-TGCCGCAGTTCTTTTGAATG-3'  Gli1: 5'-GGAAGTC-CTATTCACGCCTTGA-3' and 5'-CAACCTTCTTGCT-CACACATG TAAG-3'  Gli2: 5'-CCTTCTCCAATGCCT CAGAC-3' and 5'-GGGGTCTGTGTACCT CTTGG-3'  Gli3: 5'-AGCCCAAGTATTATT CAGAACCTTTC-3' and 5'-ATGGATAGG GATTGGGAATGG-3'.,50,1.2447082872327007,1.0570325532844913,1.1416091979645862,1.1047600068628747,1.0237614922386844
Cells were grown to 70% confluence in 6-well plates and labeled with 10 μM CellTracker Green  Invitrogen  in serum-free medium for 1 hr.,23,0.8788918776029384,1.190951073807503,1.2016404494616761,1.19674976689125,1.1729311336106738
The dye was fixed by adding 10% FCS for 1 h  and subsequently cells were washed and detached with 5 mM ethylenediaminetetraacetic acid  EDTA  in PBS.,26,1.1477920620730235,1.209202283258763,1.1781972253527266,1.151936966226264,1.1904979462995338
After complete detachment  cells were resuspended in serum-free medium  pipetted through a 70 μM cell strainer  BD Falcon  Franklin Lakes  NJ   and 100 μl suspension was transferred to 8 μM pore size HTS FluoroBlok Cell Culture Inserts from BD Falcon which were inserted in fitting 24-well plates.,47,0.9947694752872638,1.208193885702941,1.1897611277779852,1.1683986252863396,1.170788060634575
In the bottom wells  600 μl medium was supplemented with indicated chemoattractant.,12,1.0056917044748814,1.2024405377526783,1.2057321692724001,1.233265151775852,1.2328915043083277
Promptly  fluorescence values representing the number of cells on the bottom side of the insert were read four times every two minutes on a Series 4000 CytoFluor Multi-Well Plate Reader  Perseptive Biosystems  Framingham  MA .,34,1.1868300753048895,1.122440553006619,1.0922761715597564,1.2029671252298773,1.1291031198859907
The raw fluorescence data were corrected for background fluorescence.,9,1.2701526258105178,1.2269172163076227,1.1847955390448244,1.2882896483869934,1.238680684202607
No-attractant controls were subtracted at each measured time point to correct for any effects not due to active migration to the chosen attractant.,23,1.2415105276745366,1.1846318679458545,1.0503142796823606,1.0706834978854034,1.173373059840593
Migration start points were set to zero.,7,1.242500738586344,1.1956328461784047,1.0642644955747773,1.1250417126232717,1.1981065040258962
For comparison of the different cell lines from multiple experiments  total migration of wild type cells was set to one.,20,1.1415350500345676,1.1416853366689623,0.8935277310098999,1.1420681595562423,1.0959365699292796
For migration assays  Shh peptide  R&D Systems  was used at given concentrations.,12,1.228072967919748,1.1861253067923023,1.0485507517921162,1.0816220083253243,1.1769039943555222
Preincubation with inhibitors was performed during 10 minutes following detachment and inhibitors were also added to the bottom wells to exclude chemorepellent artifacts.,23,1.1671843575532923,1.1886807594986504,1.140920449704544,0.9693905578265202,1.1687379060015
Transfection of iMEFs with SuFu overexpression construct  a kind gift of Dr. Toftgård  was performed with Effectene transfection reagent  Qiagen  Hilden  Germany  according to manufacturer's recommendations 16 h before start of migration assay.,33,1.2057406110730065,1.1720082115410229,1.0994468732438667,1.0736652986090616,1.1230658999353522
Western blot analysis revealed a 10-fold increase in SuFu levels following transfection  not shown .,14,1.2306517804619903,1.1749193864338179,1.2085687832401435,1.1850733838254792,1.1526141615806818
Gli3 +/+  WT   Gli1 -/-  Gli2 -/-  Gli3 -/-  Gli1 -/-2 -/- and Gli2 -/-3 -/-primary MEFs were propagated by described 3T3 protocols for spontaneous immortalization.,26,1.2501122704709684,1.2305073021728783,1.2134693750604917,1.1895333968184865,1.164001982008849
Each nonclonal immortalized cell line demonstrated a fibroblastlike morphological appearance in monolayer culture although individual lines exhibited subtle morphological differences  Figure-1 .,21,0.9167528652852627,1.1721004474282668,1.1521841158227322,1.2270844216280363,1.1344275531529149
Each iMEF line was determined to be tetraploid by flow cytometry analysis  data not shown .,15,1.2380972711886227,1.195229106318851,1.1706380892504782,1.2586501480557477,1.1887018783768948
iMEFs were treated ± Shh ligand  and Hh target gene expression was determined by real time RT-PCR.,17,1.2475283412855809,1.0613356587888634,1.1534786957589713,1.10124777409965,1.0663719237286757
Figure-2 shows the expression of reliable Hh target gene Ptc1 following stimulation with Shh or vehicle and Figure-2 shows the fold induction  Shh/Veh  of Ptc1 expression.,26,1.2320641807039032,1.079360255275764,1.1652690585742629,1.1176856945686702,1.0841022793237116
Gli3 -/-iMEFs demonstrated elevated basal and Shhinduced expression of Ptc1  p = 0.03 and p = 0.02 respectively  relative to WT cells.,24,1.242215174858204,1.0131050273756226,1.068057129741957,1.1487819218107882,1.0386697667407143
Shh ligand stimulation induced Ptc1 expression in each iMEF line except that lacking expression of both Gli2 and Gli3  which are essential for a transcriptional Hh response.,27,1.254070903354177,1.1283698579616714,1.1681673615297536,1.1147356126292287,1.105409785631828
While loss of Gli1 alone had no effect on target gene expression  Ptc1 induction was reduced in both Gli2-/- and Gli1-/-2-/- iMEFs relative to WT.,25,1.2620023474211746,1.1328664198365443,1.1463142412038572,1.1479618232539064,1.1066475466260437
While Hh signaling effects are thought to be exerted primarily through transcriptional regulation  a novel pathway was recently identified which is Smo-dependent but does not require transcription.,27,1.3078796932043988,1.2197106646640348,1.2157816393986216,1.166904230379089,1.1588544175121855
This alternative pathway triggers cytoskeletal rearrangement  driving a cellular migratory response toward Hh ligand.,14,1.2799605420517757,1.248485978848902,1.2108104676578864,1.1121261823851867,1.175636848797794
When activation of this pathway was investigated in wild type iMEF cells  a dose-dependent migratory response to recombinant Shh was observed  Figure-3.,22,1.2203567675283749,1.197526135345799,1.028710787679674,1.0720862480594524,1.1317326739096532
In the absence of Shh ligand  no-attractant control   a low level of baseline migration was observed and subsequently subtracted from the migratory responses in all other experiments.,27,1.213455381303061,1.1004967952586833,1.0069636741425187,0.9672210958872945,1.1258450760784413
The generated Gli null iMEFs provide a valuable tool to assess transcription factor dependence of specific biological responses.,18,1.3071208180267768,1.1974199702647494,1.172951068928574,1.1980969098660996,1.200614479603268
When Gli3 +/+  WT   Gli1 -/-2 -/-  and Gli2 -/-3 -/-iMEF cells were allowed to migrate to 2 μg/ml Shh peptide  migration was observed for each genotype  Figure-3 .,28,1.1985294945044154,1.172220828108219,1.0508950171915445,1.0632405855155038,1.1309066994297154
Remarkably  increased migration to Shh was observed for the null cells  Gli1 -/-2 -/-and Gli2 -/-3 -/-  that was inversely correlated with their respective transcriptional Hh-responsiveness  Figure-3.,27,1.2311710251842516,1.1619949330353656,1.0643426931047404,1.1017813357823816,1.1432465873870452
This inverse correlation may be explained by competition for shared pathway components between the two different signal transduction mechanisms but no data to suggest such a competition have so far been presented.,32,1.2919663485457142,1.1859417126288365,1.146161085717126,1.2155111097680003,1.1417486003456736
To confirm that the observed migration of Gli2 -/-3 -/-iMEFs to Shh peptide is Hh-pathway specific  we used the Smo agonist purmorphamine as chemoattractant.,24,1.2484396295185904,1.2005140578595235,1.0533424834381515,0.9891174689470851,1.1912758703404043
Robust migration was observed that was comparable in magnitude to migration to Shh as well as the positive control  FCS  Figure-4 .,21,1.209380430749201,1.1847433944163939,1.0468672503466476,1.010273724740156,1.1677695188794779
Conversely  treatment with the Smo inhibitor cyclopamine abrogated the migration response to Shh peptide.,14,1.2697116068925718,1.2314831927651761,1.1217082003680239,0.8999874932817802,1.2050987970490399
These data indicate that the migratory response of Gli2 -/-3 -/-iMEFs is Smoothened dependent and thus Hh-pathway dependent.,18,1.2578778905574493,1.1929764038778012,1.1458509808427422,1.1257869781575232,1.1885244903698946
An artifactual response to endotoxin contamination of Shh peptide was excluded by demonstrating the inability of the lipopolysaccharide  LPS  inhibitor polymixin B  PMB  to reduce the cellular migratory response to Shh peptide.,32,1.2467080164775008,1.1873911268823323,1.1368681332131172,0.97366345975272,1.19756327960859
While the Hh-inhibitory protein suppressor of fused  SuFu  mitigates the Gli-mediated Hh transcriptional response  it appears to have no effect on migratory response.,23,1.283382999399138,1.224165379408907,1.1962351598456868,1.1025218365304557,1.166951688292626
Accordingly  when SuFu was overexpressed in Gli2 -/-3 -/-iMEFs  Shh-induced migration was not changed  Figure-4 .,15,1.2454566394995812,1.2386483013630805,1.1375607020685907,1.0979040749308058,1.197509158444894
The translation independence of the migratory response was confirmed by demonstrating the ineffectiveness of cycloheximide in altering the migration response to Shh peptide.,23,1.2434936732666466,1.2091315261783204,1.1046748944361737,1.021572987238612,1.1899347417248352
To confirm the previously demonstrated requirement for intact leukotriene synthesis machinery in the migratory response to Shh  we used the lipoxygenase inhibitor MK-886 to block leukotriene production.,27,1.2623525050106303,1.222388278860105,1.1583210237883101,0.9783867195382281,1.1955422752253169
When Gli2 -/-3 -/-iMEFs were preincubated with 5 μM MK-886 migration to Shh was markedly reduced  indicating that in cells without a functional transcriptional Hh signaling pathway  leukotriene synthesis is required for Shh-mediated migration  Figure-4 .,35,1.1855896394704488,1.1595954863659086,1.050418333530573,0.918661300003136,1.0965287545599656
As several studies have demonstrated that either Gli2 and Gli3 are required for the Hh signaling transcriptional response  the Hh-induced migration of Gli2 -/-3 -/ -cells is affirmative evidence that the migratory response is independent of Gli transcription factor activity.,40,1.2780020528829976,1.169836695164216,1.1025704485949999,1.056863477356177,1.0810790583874685
Also important for this study  the observed migration data indicate that the iMEFs have functional Hh-sensing machinery and that the diminished Hh-responsiveness of Gli1 -/-2 -/-and Gli2 -/-3 -/-iMEFs is due to the absence of Gli proteins  rather than ablation of the Ptch1/Smo receptor pair or other artifacts.,48,1.2572657130548328,1.1811037665903497,1.097525340365895,1.1054284910388605,1.1508905355814547
Immortalized cells allow for retroviral-mediated  stable expression of vectors for gene-knockdown or over-expression.,13,1.2142162779223635,1.2006014761074597,1.2163597085673943,1.204696032696294,1.0518524984473716
We generated WT iMEFs with stable over-expression of several pathway components and assessed pathway activity by measuring the expression of Ptc1  a reliable Hh target gene.,26,1.2544180795508486,1.1275229099798039,1.122176475268852,1.1245638085581229,0.9072122785937078
We found that iMEFs over-expressing hShh  hGli1  or constitutively active forms of mGli2  ΔNmGli2 or hSmo  Smo*  demonstrated increased pathway activity relative to iMEFs expressing only GFP  Figure-5 .,28,1.2460962227445245,1.2004476157474522,1.1530661166474174,1.164694450874763,1.033880608324637
This demonstrates that over-expression of pathway components at multiple levels including ligand and transcription factor is sufficient to drive constitutive pathway activity.,22,1.2832656472165223,1.1813765515905443,1.1990196340679862,1.1711337264006387,1.0490267066417795
The full complement of Gli genes in most Hh ligandresponsive cell models mitigates their utility in investigations of molecular regulation and biological activity of the individual Gli transcription factors.,29,1.2489119286408412,1.207111351624376,1.1818585445092857,1.183009245598409,1.1178440559807155
Here we demonstrated the unique transcriptional and non-transcriptional responses of a battery of Gli-null iMEFs.,15,1.3073259589799984,1.2313494603906083,1.2311538912109083,1.2221768728408493,1.2165779628843243
Moving forward  these cell lines should prove a useful tool in a wide range of the Hh signaling field and have already been distributed to several investigators for a wide range of purposes including  studies of transcriptional co-regulators and Glibinding partners  chemical pathway inhibitor site of action studies  anti-Gli antibody specificity studies  and several studies of Gli dependence in specific Hh-related biological function.,63,1.2608254989586718,1.1828067203149844,1.1434287952196598,1.1329361368759499,1.0749241763452315
