Sentences,length,sent_fig_caption-1,sent_fig_caption-2,sent_fig_caption-3
"Functional cross talk between fatty acid biosynthesis and secondary metabolism has been discovered in several cases in microorganisms; none of them, however, involves a modular biosynthetic enzyme. ",27,1.0884318978460736,1.1622524097026465,1.2449129456193302
"Previously, we reported a hybrid modular nonribosomal peptide synthetase (NRPS)-polyketide synthase (PKS pathway for the biosynthesis of FK228 anticancer depsipeptide in Chromobacterium violaceum strain 968.",26,1.057232763895156,1.1114440851005891,1.1884406419590317
"This pathway contains two PKS modules on the DepBC enzymes that lack a functional acyltransferase (AT) domain, and no apparent AT-encoding gene exists within the gene cluster or its vicinity. ",30,0.9743427220446265,1.0851518797071151,1.2057754973381383
"We report here that, through reconstitution of the FK228 biosynthetic pathway in Escherichia coli cells, two essential genes, fabD1 and fabD2, both encoding a putative malonyl coenzyme A (CoA) acyltransferase component of the fatty acid synthase complex, are positively identified to be involved in FK228 biosynthesis. ",46,0.9979441655559964,0.9932200859214028,1.2340024363456659
Either gene product appears sufficient to complement the AT-less PKS modules on DepBC for polyketide chain elongation. ,17,0.9585280874051226,1.1078534621121658,1.227867347809416
"Concurrently, a gene (sfp) encoding a putative Sfp-type phosphopantetheinyltransferase was identified to be necessary for FK228 biosynthesis as well. ",19,1.027658009368053,1.0742835077797377,1.2247124372684906
"Most interestingly, engineered E. coli strains carrying variable genetic components produced significant levels of FK228 under both aerobic and anaerobic cultivation conditions. ",22,1.1457027351936848,1.0271416371368802,0.9467726566582331
Discovery of the trans complementation of modular PKSs by housekeeping ATs reveals natural product biosynthesis diversity. ,16,1.0738343700647701,1.1419674016860066,1.2222608966010349
"Moreover, demonstration of anaerobic production of FK228 by an engineered facultative bacterial strain validates our effort toward the engineering of novel tumor-targeting bioagents.",23,1.209422507884462,1.1135350765813543,1.1389960035306415
A prototypical type I PKS elongation module contains minimally three integral domains-a ketosynthase  KS   an acyltransferase  AT   and an acyl carrier protein  ACP -that together catalyze one round of polyketide chain elongation.,32,0.9327854660544745,1.1295491473149781,1.2275922132088795
Optional domains  such as ketoreductase   dehydratase   and enoylreductase   are found between the AT and ACP domains  which carry out variable steps of reductive modifications on polyketide intermediates.,27,1.0878215755532419,1.2071362290244843,1.2280881279403848
Type II PKSs are multienzyme complexes that carry a single set of catalytic domains acting iteratively.,16,1.1180747307773153,1.174447915267189,1.229987412788169
Type III PKSs are chalcone synthase  CHS -like enzymes that essentially are iteratively acting condensing enzymes.,16,1.1554748065394347,1.2042484325878764,1.2531765211572197
FASs and type I and type II PKSs all use ACPs to tether acyl coenzyme A  CoA  substrates during fatty acid or polyketide biosynthesis  whereas type III PKSs directly condense acyl-CoA substrates without carrier proteins.,35,1.0256540035211619,1.1490967291671765,1.2174242354815425
Prior to biosynthesis  the apo form of ACPs must be activated to the holo form by attaching a 4-phosphopantetheinyl moiety from CoA onto a conserved serine residue  this posttranslational modification reaction is catalyzed by phosphopantetheinyl-transferases  PPTases  that can be largely classified into two groups  AcpS type and Sfp type .,49,1.0642893072722943,1.13058997032639,1.2163841973012959
Integral AT domains in the prototypical type I PKSs were termed cognate Ats.,13,1.185655898472838,1.2303567240345723,1.2816689231913365
A distinct variant of the type I PKSs contains no intact cognate ATs but a short segment of a remnant AT sequence in some or all modules.,27,1.1441195184013837,1.165128231705981,1.2435214310850708
This subclass of type I PKSs was named the AT-less type I PKSs  and the remnant AT segment was named the AT docking domain.,24,1.2019250410833027,1.233015998047525,1.2666178393958774
The essential AT activities are provided in trans by a discrete AT enzyme encoded by genes that are physically separated from the PKS genes but nevertheless within the same gene cluster.,31,1.023168920463065,1.0975244963867326,1.173880635280662
Our studies of the biosynthesis of FK228  a potent histone deacetylase inhibitor recently approved by the FDA for the treatment of cutaneous T-cell lymphoma  CTCL revealed that a 12-gene dep gene cluster encodes a hybrid modular nonribosomal peptide synthetase  NRPS -PKS pathway and that a flavin adenine dinucleotide  FAD -dependent oxidoreductase is responsible for a critical disulfide bond formation in FK228 biosynthesis in Chromobacterium violaceum number 968.,67,1.0588322123500646,1.1135052366727405,1.1989056335041193
Nevertheless  there are still several unanswered questions regarding the FK228 biosynthetic pathway.,12,1.1478946673393453,1.2025030702304662,1.259664616297914
In particular  the two PKS modules on DepBC enzymes do not contain any cognate AT domain but a remnant AT docking domain  Figure-1 and there is no AT-encoding gene anywhere in the defined dep gene cluster.,36,0.9741299460408119,1.1043843077815492,1.2175355523457292
Where does the AT activity necessary for FK228 biosynthesis come from?,11,1.1433185258924832,1.2336445185631466,1.2668812700524887
In this work  we report the identification of two essential genes  fabD1 and fabD2  both encoding a putative malonyl CoA acyltransferase  MCAT  also known as FabD  encoded by the fabD gene  component of the FAS II complex  that are positively involved in FK228 biosynthesis.,44,0.9574480048779416,1.042844812718358,1.2149051080395663
Concurrently  we identified a gene  sfp  encoding a putative Sfp-type PPTase necessary for FK228 biosynthesis as well.,17,1.0342817013303942,1.0798971391381729,1.2216651337072626
Furthermore  we show that  through reconstitution of the FK228 biosynthesis pathway  FK228 could be produced by recombinant Escherichia coli strains under both aerobic and anaerobic cultivation conditions.,27,1.125742998102729,0.9933214296296572,1.019478322658662
Our studies revealed  for the first time  that modular PKSs recruit FabD components of the primary metabolism for the biosynthesis of a secondary metabolite.,24,1.1263825476390257,1.1862084453456907,1.2067486719537215
Discovery of the trans complementation of modular PKSs by housekeeping Ats reveals natural product biosynthesis diversity.,16,1.0738343700647701,1.1419674016860066,1.2222608966010349
Moreover  demonstration of anaerobic production of FK228 by an engineered facultative bacterial strain validates our effort toward the engineering of novel tumor-targeting bioagents.,23,1.209422507884462,1.1135350765813543,1.1389960035306415
The bacterial strains and plasmids used in this study are listed in Table 1. ,14,1.2057809083555275,1.0453168816791696,1.145896272738098
Culture conditions and general molecular biological manipulations were performed as described previously or according to standard protocols.,17,1.2130149901736718,1.1946464039571363,1.0994022910984762
"Genomic DNA of wild-type C. violaceum no. 968 was prepared from an overnight culture with an UltraClean microbial DNA isolation kit (MO BIO Labs, Carlsbad, CA) and was submitted for single-end and paired-end shotgun sequencing on a G20 FLX platform (454 Life Sciences, Branford, CT) at the Research Technology Support Facility of Michigan State University (East Lansing, MI). ",58,1.1665500307060206,1.1824110202984255,1.1878563902542303
De novo assembly of sequence reads by instrument software was performed and resulted in a quality draft genome sequence. ,19,1.1950836015363822,1.2024862744184055,1.2293392170629431
Candidate genes were identified by using known protein sequences as bait to search the draft genome sequence of C. violaceum by the Blastx algorithm.,24,1.0129359849667767,1.1074360023371757,1.2094185700229796
"A multiplex PCR method, as described elsewhere, was used for all intended gene deletion experiments. ",15,1.1683976867396717,1.1167379808672346,1.1743621081266862
This method utilized a broad-host-range Flp-FRT recombination system for site-specific gene replacement/deletion and subsequent marker removal. ,16,1.1665405705292387,1.0917901809976542,1.2170173278924792
Primers used for making gene deletion constructs and for the detection of genotypes are listed in Table S1 in the supplemental material.,22,1.149433078399393,1.065265840795575,1.0866055306179638
"To probe whether individual candidate AT-encoding genes or PPTaseencoding genes are involved in FK228 biosynthesis, a three-plasmid system was utilized for gene cluster reconstitution and FK228 biosynthesis in bacterial strains derived from E. coli BL21(DE3) Figure-2. ",37,0.9757566049751725,0.8997969588722339,1.1768716925959462
"First, all candidate genes were amplified by high-fidelity PCR from the genomic DNA of C. violaceum with primer sets carrying designed restriction sites. ",23,1.0537870008663028,1.0759877997077494,1.2214132702226337
"Second, two candidate PPTaseencoding gene amplicons were double digested with BamHI/HindIII and individually cloned into the first multiple cloning site (MCS) of pCDFDuet-1 (Novagen, Madison, WI) to create two intermediate constructs, pCDFDuet-1-acpS and pCDFDuet-1-sfp. ",34,1.0725949454635217,1.0678714714972255,1.2102269700364077
"Third, two candidate AT-encoding gene amplicons were double digested with NdeI/KpnI and individually cloned into the second multiple cloning site of pCDFDuet-1 to generate pCDFDuet-1-fabD1 and pCDFDuet-1-fabD2 or into the two previously made intermediate constructs to create a combination of four final constructs, pCDFDuet-1-acpS-fabD1, pCDFDuet-1-acpS-fabD2, pCDFDuet-1-sfp-fabD1, and pCDFDuet-1-sfp-fabD2 . ",48,1.0707110561509043,1.0637537690482393,1.2021963253683934
"Finally, cosmid 18, which carries the original incomplete FK228 biosynthetic gene cluster that lacks any AT-encoding gene or PPTase-encoding gene, and pBMTL-3-depR, which was created to complement a depR deletion mutant of C. violaceum, were used in combination with the above expression constructs for the transformation of E. coli BL21(DE3) cells to create a series of bacterial strains. ",59,1.046873697861017,0.9188761456170078,1.1566389480485233
"Kanamycin at 25 #g/ml, chloramphenicol at 25 #g/ml, and streptomycin at 25 #g/ml were used individually or in combination for selection and maintenance of the respective E. coli strains.",29,1.2099211236543463,1.1466841247865789,1.2034587101838963
"The wild-type C. violaceum strain and recombinant E. coli strains were fermented aerobically for 4 days at 30°C under constant agitation (200 rpm) in 50 ml of LB medium supplemented with 1% (wt/vol) Diaion HP-20 resin (Sigma-Aldrich, St. Louis, MO) and appropriate antibiotics where necessary. ",45,1.189543991561846,1.1374507424168454,1.1615345799170445
Gene expression was induced with 0.5% (wt/vol) lactose and 0.1 mM IPTG (isopropyl-#-D-thiogalactopyranoside) when bacterial culture reached an optical density at 600 nm (OD600) of 0.4. ,29,1.205343240403027,1.1173025593051913,1.1739192263013174
"Strict anaerobic fermentation of bacterial strains was carried out similarly for 5 days at room temperature in a Coy anaerobic chamber (Grass Lake, MI) with occasional manual agitation, except that 0.05% (wt/vol) thioglycolate was added to the medium to capture any oxidative species generated during fermentation. ",47,1.2040765285635922,1.127850730311871,1.1288564542727713
Extraction of metabolites and detection and quantification of FK228 by liquid chromatography-mass spectrometry (LC-MS) were performed as described previously.,19,1.235529660133469,1.2428976628830224,1.2522977411789875
Recombinant E. Coli BL21(DE3) strains were grown in LB medium supplemented with appropriate antibiotics at 30°C under constant agitation (200 rpm) to an OD600 of 0.4. ,28,1.2185075400629966,1.1489646165483667,1.1817094344698988
"Five milliliters of each preinduction sample was collected, and the remaining cultures were induced with 0.5% (vol/vol) lactose and 0.1 mM IPTG. ",24,1.2268530020772066,1.1823896407820234,1.1972654488054626
Aliquots of samples were collected at 60 min and again at 120 min postinduction. ,14,1.3174654270119583,1.2932517137528223,1.2732921594916724
"Preservation of sample aliquots, extraction of total RNA, and RT-PCR experiments were performed as described previously. ",16,1.2283280757114952,1.191611573094415,1.187855319306479
Primers used for detection of individual gene expression are listed in Table S1 in the supplemental material.,17,1.15250222107735,1.0735631774623988,1.0719321481721458
"The nucleotide sequences of C. violaceum no. 968 genes reported in this paper have been deposited in the GenBank database under accession numbers HM449690 for the 16S rRNA gene, HM449691 for fabD1, HM449692 for fabD2, HM449693 for AT3, HM449694 for acpS, and HM449695 for sfp.",45,1.0631814993038327,1.0521491480043381,1.1657196771477547
Shotgun sequencing of C. violaceum genomic DNA on a GS20 FLX sequencer generated a total of 163 954 650 input bases  which were assembled into 122 contigs  among them  82 are large contigs  500 nucleotides  with an average contig size of 59 514 bp.,44,1.1617231245455881,1.1591560154865368,1.195536090619074
Those contigs were further aligned into 15 scaffolds with a total length of 4 909 141 bp.,17,1.224422759343262,1.2105913975600948,1.2234264712443923
The sequence coverage for this draft bacterial genome was thus calculated at 33.4-fold  which exceeded the desired 30-fold oversampling of raw sequence for the 454 pyrosequencing and de novo assembly technology platform  12 .,34,1.1675081344136389,1.172296227415398,1.1784610514808382
Compared to the published 4.75-Mb complete genome of a type strain of C. violaceum ATCC 12472 with a GC content of 64.8%  4   the 4.91-Mb draft genome sequence of C. violaceum no. 968 with an overall GC content of 61.9% obtained in this study appears to be nearly complete.,53,1.128840931154324,1.1255409210898648,1.100616209195323
The quality of this draft genome sequence was assessed by the following analyses.,13,1.221240631033377,1.2075576980197988,1.2171602779449109
First  a comparison of the 16S rRNA gene sequences of two C. violaceum strains revealed an overall 96% identity without a single gap  see Figure-S1 in supplemental material indicating a high quality of the draft genome sequence and a taxonomical relatedness of the two strains.,45,1.0794581794798073,1.010649257794247,1.0500158861446345
Second  a homology search by the Blastn algorithm of the draft genome sequence using our previously published FK228 biosynthetic gene cluster sequence  GenBank accession no. EF210776  as bait identified two contigs that carry the gene cluster with a 100% sequence identity and with a 1298-bp sequence gap  data not shown .,50,1.045358975047676,1.0489084641114859,1.1631168101585347
This gap was artificially created due to two highly homologous regions within the gene cluster that were assembled into a single copy of sequence.,24,1.1135441033651747,1.087000893657826,1.2123483003200222
Sequences of three bait proteins  FabD of E. coli K-12  GenBank accession no. AAC74176   FabD of C. violaceum ATCC 12472  GenBank accession no. NP_903085   and LnmG of Streptomyces atroolivaceus S-140  GenBank accession no. AAN85520   were used to search the draft genome sequence and identified three candidate genes  fabD1  fabD2  and AT3  that encode putative AT enzymes  FabD  MCAT  or AT   Table 2 Figure-1 .,63,0.974891717834357,1.0657993148509226,1.1572357192798126
Based on bioinformatic analysis  the fabD1 gene lies within an apparent FAS II gene cluster that also includes fabH  fabG  acp  and fabF  whereas fabD2 is a standalone gene whose function cannot be predicted a priori.,36,1.1010251533928588,1.114801748248053,1.1782267361463294
The AT3 gene lies within a putative gene cluster that may be involved in cell surface O-antigen biosynthesis.,18,1.061599696332632,1.0591195412825214,1.2241019645828206
Similarly  sequences of five bait proteins  AcpS of E. coli K-12  GenBank accession no. P24224   Sfp of Bacillus subtilis  GenBank accession no. P39135   AcpS of C. violaceum ATCC 12472  GenBank accession no. NP_901742   EntD of C. violaceum ATCC 12472  GenBank accession no. NP_902320   and PcpS of Pseudomonas aeruginosa PAO1  GenBank accession no. AAG04554   were used to search the draft genome sequence and identified two candidate genes  acpS and sfp  that encode putative PPTase enzymes  AcpS  Sfp   Table 2 Figure-1 .,79,1.0179602676740496,1.0853084005327611,1.1852818199162043
The acpS gene appears to be a stand-alone gene likely involved in primary metabolite  e.g. fatty acid  biosynthesis.,19,1.076912867295704,1.1153572927727997,1.233761792471606
The sfp gene is located at the end of an apparent NRPS gene cluster  therefore  it is likely involved in secondary metabolite  e.g. nonribosomal peptide or hybrid molecule  biosynthesis.,30,1.0502137282614505,1.0845729857943778,1.2192054215179595
Individual candidate genes were subjected to targeted gene deletion by a well-established multiplex PCR procedure to probe whether they play any roles in FK228 biosynthesis.,25,1.0087980256424451,1.0444861455578358,1.2119474136114812
Only AT3 was successfully mutated  and the mutant strain did not show any notable difference from the wild-type strain  data not shown   suggesting that AT3 is disposable and is independent of FK228 biosynthesis.,33,1.1198599680909802,1.083493509698391,1.0825303349293183
Thus  AT3 was not further tested.,6,1.241474428524451,1.2322452566810107,1.2337420198774962
In contrast  four other candidate genes  fabD1  fabD2  acpS  and sfp  could not be mutated despite numerous attempts  indicating that they are all essential to bacterial physiology and survival.,29,1.051394625752246,1.1268488984597456,1.172811758723618
They were then subjected to tests by a different strategy  described below.,12,1.2235689681287203,1.1712138447412979,1.247041825863488
A series of recombinant E. coli strains were created herein Table 1 Figure-2  and the relative levels of FK228 production by these strains were examined by LC-MS  Figure-3  see also Table S2 and Figure-S2 in the supplemental material .,38,1.154925350850847,1.0288964458776053,0.9377882117028279
When cosmid 18  the originally identified large construct that carries the dep gene cluster which definitely lacks an AT-encoding gene and a PPTase-encoding gene  9   was introduced into E. coli BL21 DE3  cells  the recombinant strain SW01 failed to produce FK228.,41,1.1211908144612581,1.0152587089338703,1.1604142868878247
When a newly defined pathway regulatory gene  depR  23   was introduced into SW01 via a broad-host-range construct  pBMTL-3-depR  the resulting strain SW02 still did not produce any detectable level of FK228.,31,1.12987409032302,1.0388726650783726,1.1393833552689105
When the candidate sfp gene was introduced into SW02 via a compatible construct  pCDFDuet-1-sfp  the resulting strain  SW03  produced a moderate level of FK228.,24,1.1228640145827926,1.0612885240277103,1.1119884406370635
When either the candidate fabD1 or fabD2 gene was added in tandem with sfp on the pCDFDuet-1-sfp-fabD1 or pCDFDuet-1-sfp-fabD2 construct  the resulting strains SW07 and SW08 produced significant levels of FK228.,31,1.1274484041041422,1.052720875699777,1.0843607237866244
All other strains that received a single candidate gene of either acpS  strain SW04   fabD1  strain SW05   or fabD2  strain SW06   or two genes with acpS in tandem with either fabD1  strain SW9  or fabD2  strain SW10   did not show production of a detectable level of FK228.,47,1.0573803687062957,1.0308742929926578,1.1334395299668947
Those observations led to the following conclusions:  i  the product of the sfp gene but not that of the acpS gene is capable of converting all ACPs in the FK228 biosynthetic pathway from their inactive apo form to their active holo form   ii  indigenous E. coli AcpS cannot promiscuously act on those heterologous carrier proteins from a secondary metabolic pathway   iii  either gene product of the essential fabD1 or fabD2 gene of C. violaceum no. 968 is able to complement the AT-less PKS modules on DepBC for polyketide chain extension   iv  even E. coli FabD  in the background in the case of strain SW03  is able to provide the necessary AT activities for FK228 biosynthesis  albeit at a lower rate  and  v  at this point  we believe that genes necessary for FK228 biosynthesis have all been identified.,137,0.8040631806252284,1.0004460013106842,1.1496074158057414
To verify whether key biosynthetic and regulatory genes for FK228 biosynthesis were adequately expressed in the SW07 recombinant strain under normal aerobic conditions  aliquots of bacterial culture were collected at three time points  and total RNA samples were prepared and subjected to semiquantitative RT-PCR analysis Figure-2.,46,1.0466666796712008,0.929324375669727,1.0637849971137767
Prior to chemical induction  all examined genes  including two representative structural genes  depA and depJ  but excluding the 16S rRNA gene control  were not expressed.,25,1.0509550576608717,1.0076526000337944,1.1869163210602314
This suggests that the depR gene in its native position on cosmid 18 is not functioning in E. coli cells  likely due to a lack of proper external or internal stimulus or signal transduction pathway or other regulatory components  expression of the dep gene cluster carried by cosmid 18 in E. coli cells requires an ectopic copy of depR driven by a lactose-inducible promoter on a pBMTL-3 vector.,68,1.0940265462224767,0.9636180616994876,1.1696143395968843
Upon induction by lactose and IPTG for the expression of depR from pBMTL-3-depR and for the expression of sfp and fabD1 from pCDFDuet-1-sfpfabD1  those genes and two representative structural genes  depA and depJ  were found to have been expressed at 60 min postinduction  and the gene expression reached higher levels at 120 min postinduction.,54,1.0838760208477671,1.0864733606039847,1.152085984428113
As a pilot study for the engineering of novel tumortargeting bacterial agents that may effectively infiltrate  multiply  and continuously produce an anticancer drug inside the hypoxic core of solid tumors  we examined whether the engineered SW07 strain may produce FK228 under anaerobic fermentation conditions.,44,1.185003632240568,1.0898223346871485,1.0950604222762808
To our delight  the SW07 strain produced ca. 14.1% as much FK228 as the wildtype C. violaceum strain or 15.3% as much as the SW07 strain under aerobic conditions  Figure-3  see also Table S2 and Figure-S2 in the supplemental material   this relative level of FK228 production was translated into 0.40 mg/liter of actual yield or a ca. 741 nM concentration when normalized to the FK228 standard.,69,1.136792819588023,1.0645629523044664,0.8233382236573713
As a control  the wild-type C. violaceum strain was also found to have produced a lower level of FK228 under anaerobic conditions.,22,1.1842361020417413,1.0696169159475253,0.9755020284109128
This Gram-negative bacterial species appeared to be able to survive and grow slightly during the first 24 h under the strict anaerobic conditions tested.,24,1.2206327833849888,1.1621115946649325,1.0972677818925494
Organizational and functional variation of PKSs leads to a diverse structure of polyketide natural products.,15,1.1377191754439953,1.2049428486775382,1.250018436541095
The modular AT-less PKSs represent a severe deviation from the canonical type I PKS  and this phenomenon appears to be a transition state of complex enzyme evolution from FAS II to type II PKSs.,34,1.1188333137882573,1.193891654853833,1.1665855111979584
Nevertheless  in most AT-less PKS pathways  the AT activities required for polyketide chain elongation are often encoded by discrete genes within the respective biosynthetic gene clusters.,26,0.9214265404108513,1.051257715471255,1.2042067910219874
In the present work  for the first time  we uncovered an extreme case of the AT-less PKS system where the AT activity is encoded by fabD genes  the essential bacterial genes involved in fatty acid biosynthesis.,36,1.0101570576533672,1.0862535830701554,1.1937642312410244
As more and more modular AT-less PKSs are identified  it was not so surprising to find that the two PKS modules on DepBC do not contain an intact cognate AT domain but a remnant of an AT-docking segment Figure-1.,39,1.008833758442385,1.1623925353252362,1.2238033754574662
However  a failure to identify any AT-encoding gene within or in the vicinity of the defined dep gene cluster was intriguing.,21,1.1479025625899526,1.1482355479290258,1.2313809595475553
To address the mystery about where the necessary AT activities would come from  the genome of C. violaceum no.968 was decoded by a rapid genome sequencing platform  revealing three candidate genes that may encode the AT activities for FK228 biosynthesis.,41,0.9217888545974189,1.098684882436176,1.1692416134604795
However  attempts to identify the exact AT-encoding gene by a direct gene deletion approach was not successful  because two candidate genes  fabD1 and fabD2  could not be mutated due to their apparent essential roles in bacterial viability.,37,1.0408050750527755,1.0657694361740666,1.2068898638715437
A third gene  AT3  could be mutated  but the mutant did not show any obvious sign of physiological defect or decrease in FK228 production.,24,1.170693382414879,1.108857489606085,1.177575697367447
We then engineered a series of recombinant E. coli strains that harbor one to three compatible vectors that carry either the previously reported incomplete dep gene cluster or candidate genes identified in this work with three objectives in mind  Figure-2.,40,1.0274759814240844,0.9121154281845953,1.1784464575760871
First  we hoped to identify the missing AT-encoding gene and PPTase-encoding gene necessary for FK228 biosynthesis.,16,1.0600362510089898,1.1117863696693338,1.2408312299575492
Second  we hoped to reconstitute a functional FK228 biosynthetic pathway in a heterologous host  such as E. coli cells.,19,1.1100858928541588,1.0693827572113739,1.2488876790004797
Third  we hoped to demonstrate that FK228 could be produced by a recombinant E. coli strain under both aerobic conditions and particularly anaerobic conditions as a pilot experiment for genetic engineering of novel cancer-targeting bioagents.,35,1.145739634454561,1.0808966976719143,0.9967474385093006
Three engineered E. coli strains  SW03  SW07  and SW08  were subsequently found to produce variable amounts of FK228 under normal  aerobic  fermentation conditions.,23,1.1359380990560974,1.0260325837065225,1.0389680770232472
In addition to receiving cosmid 18 and the depR gene on a vector  all three of these strains received the sfp gene  while other E. coli strains  regardless of having the acpS gene or not  did not produce FK228.,39,1.1041182029488017,1.0416028592590345,1.174082879587782
It was thus clear that the AcpS-type PPTase from either the E. coli host or from C. violaceum cannot activate the carrier proteins from the FK228 biosynthetic pathway.,28,0.9932945696325428,1.1132795055569176,1.2251929492400542
Therefore  it was concluded that the sfp gene  which was predicted to encode a broad-substrate-range Sfp-type PPTase  is involved in FK228 biosynthesis.,22,1.0590304138035942,1.0962886573351316,1.219286731752616
This PPTase should have other essential functions as well  otherwise  the sfp gene could have been mutated in early experimental attempts.,21,1.1292115275680457,1.1347271995066897,1.1910732560566633
In addition  two of the three strains  SW07 and SW08  which also received either the fabD1 or fabD2 gene of C. violaceum  produced much higher levels of FK228 than SW03.,30,1.1000128723744105,1.0597107825394136,1.0619285439456791
Those observations suggested that either fabD1 or fabD2 of C. violaceum is involved in FK228 biosynthesis and their involvement is interchangeable  it is also possible that both genes are redundantly involved in FK228 biosynthesis.,34,1.0119471543296967,1.119669541053025,1.2035611513900608
Surprisingly  the indigenous fabD of E. coli appeared to function as well for FK228 biosynthesis in the SW03 strain  which received the sfp gene but not fabD1 or fabD2.,29,1.0926488584124108,1.0601946397606423,1.186230503961937
Sequence alignment of C. violaceum FabD1 and FabD2 and E. coli FabD shows that FabD1 and FabD share a much higher amino acid sequence identity than the other two sets compared  FabD1/FabD2 and FabD2/FabD   see Figure-S3 in the supplemental material   suggesting that FabD1 is very likely the housekeeping FAS II component for bacterial fatty acid biosynthesis.,56,1.0542014616132325,1.1052934987909147,1.0759499431566606
The role of FabD2 is less certain.,7,1.2687005925939445,1.278181375347424,1.290259021327606
Besides a positive role in FK228 biosynthesis  FabD2 should have other essential functions  otherwise  the fabD2 gene could have been mutated in early experimental attempts.,25,1.0924590316328238,1.1257481074688171,1.2142105355129431
Now it is proven that an MCAT component of FAS II is recruited by modular type I PKS modules on DepBC for FK228 biosynthesis  which establishes a unique functional cross talk between bacterial primary metabolism and secondary metabolism and adds new evidence to the phenomenon of complex enzyme evolution from FAS II to type II PKSs.,56,1.0419505223230086,1.1399053437881588,1.1987853991732675
Previously  two type II PKS systems responsible for the biosynthesis of actinorhodin  24  or tetracenomycin were found to recruit FabD of FAS II.,23,1.0256260221099607,1.1288367811932691,1.2158641227479627
Additional variants of cross talk between bacterial primary metabolism and secondary metabolism have also been reported.,16,1.1634607143730642,1.2006134777354807,1.2269790696411984
For example  in the biosynthesis of quinoxaline antibiotics in two Streptomyces strains  an ACP from the primary FAS II is recruited by a stand-alone condensation domain of type II NRPS to form an initiation module of the biosynthetic pathway.,39,0.9836305743591881,1.055842535130177,1.2062593204304548
Furthermore  cross talk between a type I FAS  FAS I  for primary metabolism and a secondary FAS I for HC-toxin biosynthesis had also been postulated in the fungal species Cochliobolus carbonum  where only one gene encoding the -subunit of FAS I was found in the secondary metabolic gene cluster  while the -subunit of FAS I necessary for HC-toxin biosynthesis might be recruited from the primary FAS I  1 .,68,1.0468429332818936,1.048169182307728,1.2261271218477405
Recently  an opposite example was reported in the apicidin biosynthetic pathway in Fusarium semitectum  where a gene encoding the -subunit of FAS I is present in the apicidin biosynthetic gene cluster  while the -subunit of FAS I necessary for apicidin biosynthesis is speculated to be recruited from the primary FAS I  16 .,52,1.0414629956943944,1.0710123064935682,1.2421418639010366
Lastly  the ability by which the engineered SW07 strain produced 0.4 mg/liter of actual yield or a ca. 741 nM concentration of FK228 under strict anaerobic conditions is worth highlighting.,31,1.1971555810883099,1.084197005034207,0.9919513976042799
This accomplishment represents an important milestone toward the goal of engineering of tumor-targeting bioagents.,14,1.2579523026356203,1.260516107101062,1.2597446516712034
The next step will be undertaken to introduce the FK228 biosynthetic capacity into one or more selected nonpathogenic anaerobic bacterial species  such as Bifidobacterium longum or Clostridium oncolyticum  so that when the engineered bacteria infiltrate and multiply inside the necrotic region of solid tumors  FK228 will be produced in situ.,50,1.148960457972508,1.0350729551369793,1.1405355949788833
Because FK228 is a potent histone deacetylase inhibitor and a new anticancer drug effective in the lower nanomolar range  the synergistic efforts of bacterial oncolysis of tumor tissue and the anticancer activity of FK228 could potentially be clinically effective against many types of cancer.,44,1.2097009043184013,1.2192117483262606,1.2287489838627212
