Sentences,length,sent_fig_caption-1,sent_fig_caption-2,sent_fig_caption-3
Peripheral blood was collected from patients with polycythemia vera who presented for treatment at The Queen Elizabeth Hospital  Adelaide  Australia.,20,1.28318994434206,1.28371381382063,1.28163604328764
Informed consent was obtained in all cases and ethics approval was obtained from The Queen Elizabeth Hospital Ethics of Human Research Committee.,22,1.30386442371677,1.31335168224064,1.31147494095791
Mononuclear cells were collected by centrifugation through a Ficoll gradient  washed with phosphate-buffered saline  PBS  and counted using a haemocytometer.,20,1.25773326122368,1.18222933490197,1.18005242658673
In the course of this investigation  PBMNCs from eight different patients were used.,13,1.19428284569345,1.23102881679051,1.23403288914527
The breast cancer cell lines MDA-MB-453  T47-D  MDA-MB-468  MCF-7  were cultured in DMEM  pH 7.4  Invitrogen  Carlsbad  CA  supplemented with 100 U/ml penicillin  100 µg/ml streptomycin  160 µg/ml L-glutamine and 10% heat-inactivated fetal bovine serum  JRH Biosciences  Lenexa  KS  in 75 cm 2 vented tissue culture flasks at 37°C in a 5% CO 2 environment.,56,1.11037071308576,1.09038978173635,1.0568842285543
Log phase cells were collected at less than 90% confluency by trypsin digestion and centrifugation for 5 min at 1000 rpm  resuspended in phosphate buffered saline  PBS  and counted using a haemocytometer.,32,1.23358265054696,1.09759455011209,1.09732011871682
The cell lines were purchased from the American Type Culture Collection  ATCC  Rockville  MD .,14,1.19811282730087,1.21969904093361,1.21271960804917
A dilute suspension of a cell line was prepared in calcium and magnesium free Dulbecco's PBS.,16,1.19771584434442,1.21151528471209,1.21079319459294
Single cells were visualised using an inverted phase microscope and selected by using a micropipette to draw up the cell in a 1 µl volume.,25,1.1580621183357,1.11561392204323,1.11739723247872
The cell was deposited into a 0.5 ml microcentrifuge tube containing 100 peripheral blood mononuclear cells in 1 µl of calcium and magnesium free Dulbecco's PBS.,27,1.20486214930254,1.03720805994657,1.03596368486516
Aliquots that contained 100 mononuclear cells only were included as controls for the specificity of the RT-PCR.,17,1.11075912331666,1.00616295073785,1.00542612862913
The cell mixture was lysed in a 15 µl volume of solution containing 0.3 % v/v Nonidet P-40 detergent  Sigma   500 ng random hexamers  Pharmacia  Uppsala  Sweden   20 U of RNasin  Promega  Madison  WI  and 10 mM DTT.,39,1.18411529876704,1.07036898831123,1.07485831444682
Following 70°C denaturation for 3 minutes  reverse transcription was initiated by the addition of 5× First Strand Buffer  200 U of Superscript II  Invitrogen   0.5 mM of each deoxynucleotide triphosphate  Roche  Mannheim  Germany   with Ultra-pure water  Fisher Biotech  Perth  Australia  to a final volume of 30 µl.,48,1.2178031243305,1.07147922465945,1.0748327715367
The reaction was incubated at 42°C for 50 minutes  and then the reverse transcriptase was inactivated at 70°C for 10 minutes.,21,1.24152208713428,1.14145729680375,1.14575907391946
After reverse transcription  4 µl of cDNA was used as the template in a single round of PCR amplification with 200 nM of each gene specific primer pair Table 1   1 U of Hot Star Taq  Qiagen  Valencia  CA   2.5 mM MgCl 2   and 200 µM of each deoxynucleotide triphosphate  in the supplied PCR buffer.,56,1.1164696523305,0.986835545470263,0.992787158531545
Cycling conditions included an initial denaturation step at 95°C for 15 minutes  then 1 minute at each of 94°C  66-68°C and 72°C for 45-55 cycles and a final extension of 7 minutes at 72°C.,34,1.23160846262146,1.14775175718923,1.15214511768465
Amplification products were visualised by ethidium bromide staining following separation by electrophoresis through agarose gels.,15,1.19854802780697,1.14771613444739,1.15123879450696
In each case an RT negative control  made up of the components of the RT reaction mixture with or without lysis mix  and without the addition of RNA  was used as the template in the PCR reaction  no cDNA made and therefore no amplification expected .,45,1.09226604783911,0.975563907632108,0.985924180841089
The PCR negative control contains the reagents of the PCR reaction but lacks template.,14,1.08959567670697,1.06510207584122,1.07321981895052
Cell line cDNA was included as a positive control for the PCR reaction.,13,1.03845348858369,1.00948615520498,1.01536894910613
Genomic DNA  100 ng  was used to confirm that a product of equal size to the cDNA product would not be amplified from the DNA in the cell lysate.,29,1.01802509685482,0.98406629654214,0.992948314867055
The expression of each of the RT-PCR markers was assessed for its suitability as a breast cancer marker.,18,0.95579024609991,1.16144222515489,1.15143047669587
RNA was extracted from seven breast cancer cell lines  reverse transcribed into cDNA then amplified using primers specific for the different markers Table 1 .,24,0.872551981321219,1.01757875908687,1.01295776705084
Transcripts corresponding to EpCAM were amplified from all of the cell lines tested  Figure-1. Panel 1 .,16,0.936401802822124,1.05929436401114,1.06156621517752
This validates the use of antibodies that recognise epitopes of this protein as the immunobead label for magnetic isolation of the breast carcinoma cells  and confirms earlier results which showed uniform bright fluorescence in breast cancer cell lines and biopsies stained with one of these antibodies  Ber-Ep4.,47,1.03928143253477,1.1574521824129,1.14732413858761
ELF3  EphB4 and MUC1 were amplified in all cell lines at consistently high levels  Figure-1  panels 2  3 and 4 .,20,0.997766604994497,1.06064402340006,1.06246389011088
EGFR expression was also easily detectable  Figure-1  panel 5  even though several reports have suggested it is expressed at low levels in MCF-7 and T47-D and is not expressed in MDA-MB-453 .,31,1.02456213090112,1.11261249232582,1.07546941719508
MGB1 transcripts were amplified from all cell lines except for MCF-7  Figure-1  panel 2  and CEA was amplified from all cell lines except PMC42  Figure-1 panel 6 .,27,0.934786039877031,1.06509249690555,1.02690193545157
Tubes that contained 100 PBMNCs and one tumor cell were used to determine the sensitivity of each RT-PCR marker.,19,0.985079788093713,1.00101918338955,0.999244714901032
Most of the sensitivity tests were performed using MDA-MB-453 cells but four different breast cancer cell lines have been included in this part of the study  two that are ER negative  MDA-MB-453  and MDA-MB-468  and two that are ER positive  MCF-7 and T47-D .,43,0.973157173312238,1.0787010841477,1.03665013721942
Analysing the samples to which a single breast cancer cell had been added to 100 PBMNC showed that we can detect the tumor cell most often with ELF3  40/43 -93%  and EpCAM  36/40 -89%   Figure-2 and Figure-3  table-2 and table-3 .,40,1.07783346696032,1.07279903586646,1.08235654319754
EphB4 specific amplification detected 31/40  77.5%   MUC1 10/20  67%   CEA 9/20  45%   EGFR 19/43  44%  and MGB1 9/35  26% .,20,1.1986753297864,1.19543667732064,1.19154462416793
Tubes that contained 100 PBMNCs only were included to determine specificity  Table 2 .,13,1.21321490685065,1.08447339643191,1.09346621564515
After combining the data obtained from several different experiments and several different normal individuals in reactions using the appropriate number of amplification cycles  we found no expression of EGFR  0/27   MGB1  0/24   EphB4 0/21   EpCAM  0/21  or CEA  0/18   Figure-2 and Figure-3  Table 2 .,44,1.10925456254291,1.07844620232223,1.09629640718611
Only ELF3 and MUC1 gave positive bands.,7,1.15962765134948,1.17103471239455,1.16689415777219
These results were for 45 cycles of amplification except for CEA which was run for 55 cycles.,17,1.19659763716618,1.15540707938516,1.15961615908708
We also examined ELF3  EphB4 and MUC1 at 55 cycles in a small number of experiments.,16,1.18598210007589,1.19886659817534,1.19419918846879
We amplified transcripts that corresponded to ELF3  1/6   EphB4  3/12  and MUC1  3/12  in some of the PBMNC control tubes.,20,1.1127967666085,1.13440061139293,1.13120178813574
The ELF3 and EphB4 bands were visible following ethidium bromide staining but were less intense than the band amplified after the addition of a single tumor cell and in no cases were all three of the PBMNC controls positive in the same experiment.,43,0.988404617698656,0.959904976183758,0.959832677418253
We assume that the ELF3 band is a result of amplification of illegitimate transcripts.,14,1.14970420189155,1.19859961430598,1.20149804705195
This band was eliminated when only 35 cycles of amplification  0/15  were performed but because only a small amount of product was amplified after 45 or 55 cycles in these controls we could distinguish samples that contained tumor cells and those that did not through comparison of the intensity of bands.,51,1.01321509158875,1.04141478658282,1.03870170890855
Analysing the samples to which a single breast cancer cell had been added to 100 PBMNC showed that we could still detect the tumor cell most often with ELF3  15/16 -94% .,31,1.07441890080053,1.09290103369784,1.08290288754506
Tests using single tumour cells in a 100 PBMNC background detected 15/16  94%  of tumour cells after 35 cycles.,19,1.15025706065653,1.05181004127953,1.04822016652685
Unlike ELF3  the MUC1 PBMNC band was of comparable intensity to those achieved after tumor cell addition making it impossible to distinguish samples that contain tumor cells from those that don't  Figure-2 .,32,1.12614710212175,1.13987523126185,1.15595362655846
The development of optimized methods for detecting tumor cells in the peripheral blood and bone marrow of cancer patients may enhance our ability to identify those patients in need of further therapy.,32,1.18161746442601,1.23483262323239,1.21958424719435
Nested RT-PCR of PBMNCs has been the most common method to detect epithelial -specific markers.,15,1.06639016192701,1.17210995302189,1.16166450523177
Due to the high level of sensitivity of nested RT-PCR  even low levels of illegitimate transcription in PBMNCs can cause false-positive results.,22,1.12055222482197,1.19227751824943,1.19538861083272
Nested RT-PCR is also more time consuming and stringent procedures need to be observed in order to minimise the risk of false positives due to PCR product cross contamination.,29,1.09173104050692,1.16069323441329,1.16591646740878
It is thus desirable that the RT-PCR is performed in a single round to avoid potential contamination problems.,18,1.16651395639304,1.19838126718168,1.2007195712739
The use of immunobead enrichment prior to reverse transcription has allowed the use of a single round of PCR amplification to screen a whole blood sample.,26,1.16131672387144,1.13129555146203,1.13534181757896
Our original methodology used blotting and detection with an oligonucleotide to increase sensitivity but this is no longer necessary with the more efficient RT-PCR assays presented here  in particular because of the use of a hot start Taq polymerase.,39,1.11812018114333,1.18243973745602,1.18538561657869
To improve RT-PCR detection further  the identification of epithelial or carcinoma cell specific markers that are expressed at a sufficient level to enable detection of a single cell after only one round of non-nested PCR are needed.,37,1.01298280939322,1.06237739686176,1.05521887245246
For this reason  we have used single tumor cells in a background of 100 PBMNCs to screen seven different RT-PCR assays in order to identify the best ones for inclusion in a panel for the immunobead RT-PCR based detection of circulating tumor cells.,43,0.995716385780528,1.04851645025224,1.04470364087704
We used breast cancer cell lines as the source of tumor cells.,12,1.09866236839364,1.21291762914465,1.19906085478631
Whereas breast cancer cell lines may have different levels of expression of markers compared to disseminated breast cancer cells  cells from different individuals  and even within an individual  are likely to display considerable heterogeneity.,34,0.973658183123601,1.11234442435023,1.10235343211834
We sought to overcome this difficulty by using a number of cell lines.,13,1.16958179613595,1.24155128570338,1.23691209828404
The use of cell lines has the great advantage of providing reproducible controls to test the sensitivity of the RT-PCR assays during studies of patient material.,26,1.09094605253128,1.15099714217979,1.15082560152669
The immunobead enrichment step relies on the expression of an epithelial cell adhesion molecule  EpCAM   current gene symbol  TACTSD1  tumor-associated calcium signal transducer 1   which is recognized by an antibody on immunobeads.,32,1.11815759594046,1.1388313072448,1.13169285141244
We considered this to be an appropriate positive control  as any cell that is detected using the immunobeads should express the EpCAM gene.,23,1.0628681394727,1.04923479726303,1.04880014002959
All of the breast cancer cell lines expressed the EpCAM gene and no message was detected in any of 24 aliquots that contained 100 PBMNC.,25,1.03069595705889,1.06095818584886,1.05425372446215
Tests of the single tumor cell and 100 PBMNC aliquots with EpCAM showed that it was also expressed to a sufficient level to enable detection of the tumor cell in 31/35  89%  cases after 45 cycles of PCR amplification.,39,1.08612346151633,1.0196489295672,1.01649679672941
We therefore consider EpCAM a useful addition to a marker panel for the detection of breast tumor cells.,18,0.996534649267128,1.14036956764066,1.13167028277325
It is possible that the sensitivity with this marker can be improved if more PCR cycles are performed.,18,1.12665035815125,1.15817884890303,1.16467180798245
Mucin 1  MUC1  is another epithelial glycoprotein expressed in breast epithelial cells.,12,1.16534036703807,1.16118499941884,1.15106611139937
It is a commonly used if controversial marker for detection of circulating tumor cells .,14,1.13106699893307,1.19367673692986,1.18748761664519
Recently  it was reported that that immunomagnetic separation followed by MUC1-specific real time RTPCR allowed the semi-quantitative detection of circulating mammary cells if amplification above a cycle threshold value of 38 was obtained .,33,1.13358330801481,1.14351941034154,1.13747532622585
Using our assay  MUC1 transcripts were detected in 1/6 100 PBMNC only samples and 10/15 tumor cell samples.,18,1.11752629271105,1.06819519147502,1.0637923786009
Although we did not use real-time PCR for our assay  the intensity of the positive bands in the PBMNC only samples was comparable to that obtained with the tumor cell samples and it was concluded that detection of MUC1 transcripts would result in too many false positive results to warrant its inclusion in our panel.,55,1.00266151652527,1.06017339936247,1.05590586605914
"Interestingly  during the course of this study it was reported that a majority of CK + /MUC1 +  tumor cells circulating in the blood of patients with advanced breast cancer also displayed apoptotic features such as an ""inclusion type"" cytokeratin staining pattern and nuclear condensation with apoptosis-related DNA strand breaks.",50,1.08245650900242,1.1500083575125,1.13643703619448
It was concluded that the predictive value of such CK + /MUC1 +  positive cells should be considered separately when analysing tumor cell dissemination  further supporting our decision not to include MUC1.,32,1.11547079071095,1.11040682319165,1.10617453829893
Elevated levels of serum carcinoembryonic antigenCEA are commonly used as a clinical tool in the diagnosis and monitoring of metastasis but the use of CEA as an immunobead RT-PCR marker has given varying results.,34,1.09064626524348,1.17557794825489,1.1710003906211
CEA has been considered to show no diagnostic value as a RT-PCR marker for the detection of micrometastases because it is expressed in the blood and lymph nodes of patients without cancer .,32,1.00775016294336,1.16426973457554,1.15270022132983
However  in a comparison of immunobead RT-PCR and regular RT-PCR amplification  it was shown that immunobead isolation increases the specificity of CEA .,22,1.08179323721878,1.1714778405345,1.17179297003379
Using 55 PCR cycles for CEA  we found amplification in none of the PBMNC only samples and gained a positive result for 45% of the single tumor cell samples we tested.,31,1.05182885948222,1.02149685604902,1.01924445575657
Thus  CEA appears to be a very useful marker when immunobead enrichment is performed prior to RT-PCR.,17,1.05613854948054,1.16863664538441,1.17052901709897
Epidermal growth factor receptor  EGFR  HER1  ErbB1  is a tyrosine kinase whose activation plays an important role in the regulation of cell proliferation  differentiation and survival with a pivotal role in maintenance and repair of epithelial tissues.,37,1.19772143091726,1.22607669400394,1.21570019899287
EGFR is overexpressed in 50-70% of human primary breast  lung  and colon carcinomas.,13,1.18849042925077,1.25385894918327,1.24260083447085
A study using nested RT-PCR and Southern blotting to detect EGFR transcripts in blood samples from patients with metastatic colon cancer found that 10.5% of healthy donors were positive which suggests that their assay detected illegitimate transcription.,38,1.02736178905067,1.11125205576453,1.099418887185
However  none of the 27 PBM-NC only aliquots tested in our assay yielded EGFR amplification products and 19/43  44%  single tumor cells were detected.,24,1.07950773888533,1.08174439371717,1.07653915522829
A comparison of the results obtained for the two ER positive cell lines  6/20  with those obtained for the two ER negative cell lines  13/23  suggests that ER status will affect the efficacy of this marker but it remains a useful marker.,42,0.976874958597693,1.08120062619163,1.08280462857199
Mammaglobin 1  MGB1  expression is limited to mammary epithelium and is often up-regulated in human breast cancer.,17,1.10736211774085,1.1717157413653,1.16026694086693
The gene has been localised to chromosome 11q13 in a region frequently amplified in breast cancer.,16,1.06560667095894,1.2192754680128,1.20820096037844
Using nested RT-PCR  it was shown that MGB1 transcripts are detectable in blood from breast cancer patients.,17,1.00161748310699,1.1769326656788,1.16607584408394
2001  analysed lymph nodes from breast cancer and normal patients and suggest that MGB1 is a more sensitive and more specific RT-PCR marker than a panel of six other markers that included CEA  CK19 and MUC1 .,36,0.872866912157767,1.09199597347144,1.08308270507028
MGB1 transcripts were not detected by us in any of the PBMNC only aliquots.,14,1.18727232687571,1.17895620907545,1.17640740633852
In our hands  MGB1 transcripts were only detected in 9/35  26%  of the single tumor cells tested but because this marker is mammaryspecific  its inclusion in a panel of RT-PCR markers is warranted.,33,0.90364539921453,1.04300389055393,1.0408236890442
It is possible that the sensitivity with this marker can be improved if more PCR cycles are performed.,18,1.12665035815125,1.15817884890303,1.16467180798245
ELF3  also known as Epithelial-Specific with serine bo X  ESX   is a member of the Ets multigene family of transcriptional regulators and is localised to chromosome 1q32 in a region known to be amplified in 50% of early breast cancers.ELF3 mRNA expression is restricted to tissues of epithelial origin  including normal and malignant human mammary ductal epithelium with no expression reported in lympho-haematopoietic tissues.,65,1.07845751752745,1.15997585625679,1.14826618377489
In our assay  faint bands were visible at 188 bp both after 45 cycles  1/6  and after 55 cycles  5/30  in the PBMNC only aliquots.,25,1.14614698220235,1.15160573065272,1.15557521758694
However the strong intensity of the bands for the 40/43  93%  samples with a single tumor cell was considered indicative of a positive result in these cases.,27,1.03351913990745,1.07458697025744,1.07151607544679
Decreasing the cycle number to 35 eliminated the weak band in the PBMNC only aliquots  0/15   yet still allowed consistent detection of the tumor cells in our assay  15/16 -94%  and therefore ELF3 is a useful marker for inclusion in our panel.,42,1.00445807389041,1.09948467500617,1.09568485352125
EphB4 is a member of the Eph family of receptor protein tyrosine kinases and has recently been reported to be upregulated in cancers from prostate  breast  endometrium  lung and colon.,30,1.18194436120612,1.2645828545533,1.25225373544362
It is thought to play an important role in the development and oncogenesis of various tissues through modifications to cell-cell communication and adhesion.,23,1.24980853469394,1.28467996936604,1.27582448798518
Although EphB4 was detected in some PB-MNC cell only controls at 55 cycles the level of intensity of the corresponding bands on agarose gels was low and decreasing the cycle number to 45 resulted in no positive samples out of 21 tests.,42,1.04284955743956,1.01956407650536,1.02196886083813
Using EphB4 specific primers with 45 cycles we could detect 77.5% of single tumor cells  31/ 40  proving this to be an useful marker in this assay.,28,1.06024130836513,1.0628779535984,1.05897714385705
The various markers used here show different degrees of heterogeneity i.e the numbers of single tumor cells that they are detected in.,23,1.06461434633948,1.09040451691108,1.08765238768677
Interestingly  the more heterogeneous markers also gave the least false positives in the controls.,14,1.13209935479496,1.14336447231423,1.14967602352678
It is unclear whether this is due to the sensitivity of the test or due to stochastic differences in whether a cell expresses a transcript or not.,27,1.18446768052268,1.21135559988542,1.21260189415981
Heterogeneity at the single cell level must be taken into account when designing an RT-PCR assay and this study is the first one to address this.,26,1.09967701137281,1.1311205772166,1.13523909741025
Using a panel of several markers will reduce this source of error.,12,1.06759946318207,1.16270384210571,1.16757087640586
This can be seen in table 3 where nearly every tumour cell is positive for more than one marker.,19,0.965741996306825,0.968109997595363,0.970233530993113
One T-47D cell is negative for all 5 markers tested and it is possible that this cell was not viable at the time of selection.,25,1.04130556211235,0.993851448851336,0.997660425029994
The need to be both specific and sensitive may entail finding a balance between the specificity and sensitivity.,18,1.24217912280902,1.27753905383928,1.27826654516195
Our findings in the PBMNC suggest that illegitimate transcription occurs in all cells rather than a subset.,17,1.18798318670254,1.22516952823416,1.22641053334989
When large numbers of cells are present or the assay is very sensitive  false positives will be common.,18,1.17863226913753,1.19079175586103,1.19301516029394
ELF3 had a fairly high false positive rate of amplification in PBMNC at 45 cycles presumably due to detecting illegitimate transcription in a very small number of these cells.,29,1.12435630963651,1.09389521111208,1.09975973852904
However  ELF3 was one of the more robust markers giving very strong amplification of single tumour cells at 45 cycles.,20,1.04405862200411,1.03344438892817,1.03131628045025
Amplification from the controls was eliminated when only 35 cycles of amplification were performed.,14,1.15941159956036,1.10996840204962,1.11909661265405
Because only a small amount of product was amplified after 45 cycles in these controls we could distinguish samples that contained tumor cells and those that did not through comparison of the intensity of bands.,35,1.01942280432524,1.06495992921427,1.06060862665214
This suggests that this and similar markers will be useful in a real-time PCR methodology where positive signals can be more readily differentiated from background signals.,26,1.05091708227588,1.10696368818564,1.10627662159747
As mentioned  one question is whether cell lines are truly representative of circulating tumor cells.,15,1.11053679904864,1.16250519787636,1.1565610896873
A large number of circulating tumor cells are believed to be in G0  whereas the cell line controls used are from log phase cells.,24,1.11725103243654,1.12231049827268,1.1186994261582
We compared the expression of ELF3  EphB4 and EGFR in cells grown under conditions of serum starvation  during log phase and at full confluence  data not shown .,27,1.14628033385407,1.14886895970539,1.14827928108758
We saw no appreciable difference in the expression levels of any of these 3 genes under any of the conditions tested.,21,1.16877087139176,1.15108370393306,1.15378703656768
Whereas it is difficult to model the clinical situation  where patterns of gene expression are likely to be heterogeneous  the assay presented in this communication is useful for testing potential RT-PCR markers and as a meaningful control in the determination of the presence of disseminated tumor cells in clinical samples.,50,1.02678486411867,1.07082392813863,1.06659227337498
To fully validate these markers  a clinical study using immunomagnetically enriched cells from patients is needed.,16,1.14873934857927,1.18154081702497,1.17431504085245
Such a study is currently in progress.,7,1.33493904584669,1.35017720570428,1.34967807851982
Immunobead RT-PCR is a powerful methodology for the detection of disseminated carcinoma cells.,13,1.15121401180199,1.22184568765649,1.21216812476358
We need RT-PCR assays that are sensitive enough to detect very low numbers of captured carcinoma cells As haematopoietic cells may be non-specifically retained during immunomagnetic enrichment of epithelial cells  these RT-PCR markers also need to be tested for their specificity.,41,1.0553933314081,1.133212749891,1.12241554828858
A set of RT-PCR markers has been tested for their ability to detect a single carcinoma cell using a single round of PCR and ethidium bromide visualization.,27,0.998808174563118,1.06992207668848,1.06521422006742
We have identified six useful markers that include the previously described markers EpCAM  EGFR  CEA and MGB1 as well as two novel markers EphB4  and ELF3.,26,1.07626815624711,1.14867581592546,1.14609383692061
This panel of markers should allow the detection of virtually every tumor cell and this means that a positive result will be obtained each time an immunobead harvest has captured at least one breast cancer cell.,36,0.952606946063613,1.06860021615464,1.05926065419352
Most of these markers will also be useful in the analysis of other carcinomas such as colon  lung and prostate.,20,1.14336824130648,1.24094148719798,1.2295952023845
