Text
"To understand how gene expression is coordinated to produce hundreds of cell phenotypes from an identical complement of genes is a principal challenge in mammalian genome research. A commonly suggested model for terminal differentiation in metazoans is that the core features of the cellular phenotype are mediated by a set of genes that is regulated as a gene battery, i.e. a set of functionally coupled genes that are activated by similar cis-and trans-acting regulators. Although the gene battery is an idealized concept, concrete examples of gene battery-like regulation have been found in for example muscle subtypes, megakaryocytes, the epidermis and lymphocytes."
"A key step in the elucidation of gene battery-like regulation is to detect and functionally test the cis regulatory elements that mediate the co-regulation. A number of computation-based methods have been proposed to do this. In micro-organisms, computational methods have proven useful to detect modules of co-regulated genes. In mammals, predictive models based on assumed co-regulation at the cis level have been constructed for liver-and skeletal muscle-selective gene regulation, and general tools have been developed for the regulatory analysis of co-expressed genes."
"The aim of this work is to screen the mouse and human genomes and transcriptomes for instances where sharing of cis-regulatory sequences is statistically coupled to conserved co-expression of genes, i.e. cases that fall within or near the idealized gene battery concept. Another aim is to critically investigate technical parameters in order to maximize the sensitivity by which co-regulation of coexpressed genes can be detected. In a screen that covered ~40 per cent of all protein-coding genes according to the latest Ensembl annotation, we identified 21 co-expressed gene clusters with 66 cases of statistically supported sharing of cis-regulatory sequence motifs. The predictive value of the assignment of transcription factor binding sites was experimentally evaluated on EBF binding sites in a set of B-cell expressed gene clusters. The predicted cases of coregulation include several previously known prototype examples of tissue specific regulation, but also novel predictions. All data are made available to the research community in the form of an internet resource that may serve as a starting point for further analysis."
"The analysis was based on the assumption that homologous genes in mouse and human are equivalent in most aspects of regulation and function. In particular, we assumed that the transcriptional regulation is conserved for orthologous genes. For example, the mouse gene Myh1 and the human gene MYH1 are assumed to share expression pattern and to share important cis-regulatory sequences. Below, the term 'ortholog pair' will be applied as a two-species equivalent of 'gene', for which expression and sequence data where retrieved for both mouse and human. Ensembl gene annotations were applied thoughout the analysis."
"Previous results by our group and others have shown that statistical analysis of gene expression profiles in a large compendium of expression data can predict targets of differentiation processes, and identify functionally coupled genes. In the following analysis, we specifically focused on a compendium derived from the recently completed Novartis expression atlas (SymAtlas). These data contain transcription profiles for 140 mouse and human tissues generated by hybridization on customized Affymetrix chips, and cover a large fraction of the mouse and human protein-coding genes. Sequence annotation of the Novartis probes linked the mouse and human data to approximately 17.000 unique Ensembl gene identities in each species. Between the two datasets, 13282 non-redundant ortholog pairs could be identified by linkage of reciprocal Ensembl homology assignments. In later steps, we excluded genes for which regulatory sequence could not be extracted (Methods), leaving 9561 ortholog pairs for clustering. The final dataset included ~40% of the mouse and human Ensembl annotated genes."
"We clustered the mouse/human ortholog pairs based on their expression profiles across the 140 mouse and human tissues (Methods). We computed clusters at cut-off levels ranging from Pearson's correlation coefficient (hereafter termed PCC) 0.61 to 0.99. At the lowest applied cut-off, 57% of all ortholog pairs in the data were members of a cluster. The cluster sizes were distributed in a skewed manner, with a predominant formation of small clusters (<ref type=""figure"">Figure 1A</ref>). All analyses hereafter were performed at a PCC = 0.75 cut-off, which generated 160 clusters with 2407 ortholog pairs. This relatively stringent cut-off was chosen to reduce the number of non-relevant genes in the clusters. A higher cut-off did not seem reasonable given the noise-level of the microarray experiments (as judged by the Pearson correlation between replicated samples and between probes that are annotated for the same gene, data not shown)."
"According to the definition, a gene battery should encode functionally linked proteins. We used Gene Ontology (GO) terms, protein-protein interactions (from the BIND database), and manual curation to assess functional linkage within our expression clusters. First, we investigated the relationship between expression profile similarity of two ortholog pairs and their relative probability to share a functional annotation term or to encode interacting proteins (<ref type=""figure"">Figure 1B)</ref>. There was a consistent correlation between co-expression and the relative probability for two genes to share a GO-term or to encode interacting proteins (<ref type=""figure"">Figure 1B</ref>)."
"Second, we studied the statistical over-representation of GO terms and interacting proteins inside the clusters (Methods). 30/32 clusters with ten or more ortholog pairs contained at least one over-represented GO term. The proportion of small clusters with over-represented GO terms was lower, which reflects a lack of statistical power in small clusters. Genes encoding interacting protein pairs were also over-represented inside clusters. 35 cases of protein-protein interaction between two genes in the same cluster were found. In contrast, 1000 simulations on permuted data revealed a median of 9 interactions (observations ranging between 5 and 21). The BIND data contained only 600 interactions that could be mapped to the dataset, which explains the seemingly low number of 35 interactions."
"Finally, the clusters were annotated by manual curation. Six examples are shown in <ref type=""figure"" target=""#fig_1"">Figures 2, 3</ref>, 4, 5, 6, 7, and clusters with predicted regulators are listed in <ref type=""table"" target=""#tab_1"">Table 2</ref>. For a full overview, see the web supplement http://www.wlab.gu.se/lindahl/genebatteries. Several clusters clearly represent gene sets that mediate specialized features of different cell types, including smooth muscle specific genes (cluster 40,<ref type=""figure"" target=""#fig_1"">Figure 2</ref>), B lymphocyte-specific genes (cluster 16,<ref type=""figure"" target=""#fig_2"">Figure 3</ref>), and genes selectively expressed in the testis (cluster 5, part shown in<ref type=""figure"" target=""#fig_3"">Figure 4</ref>). Further, we detected clusters that were related to cellular processes or organelles, including endoplasmatic reticulum (cluster 13,<ref type=""figure"">Figure 5</ref>), protein synthesis (cluster 1,<ref type=""figure"">Figure 6</ref>), and modulators of transcriptional regulation (cluster 65,<ref type=""figure"" target=""#fig_4"">Figure 7)</ref>. A grand majority of the clusters were defined by peaks at different amplitudes in several tissues. As an example, the endoplasmatic reticulum cluster (<ref type=""figure"">Figure 5</ref>) was defined by a highly variant profile with strong expression in, for example, exocrine glands. Generally, the cluster profiles were conserved between species, in the sense that clusters were defined by peaks in the same organs. This effect was more pronounced for clusters with expression in a single organ, such as the testis (data not shown)."
"In combination, the GO term enrichment, the proteinprotein interaction, and the manual curation convincingly show that clustered genes are functionally linked."
"In the next part of the analysis, individual ortholog pairs were scored for transcription factor binding sites. Binding motifs were represented in the form of Position Frequency Matrices (hereafter denoted PFMs). Based on a fixed amount of upstream DNA sequence in each ortholog pair, a statistical score was computed to predict the potential for a site in the sequence to bind the factor corresponding to a PFM (described in detail in Methods). We extracted upstream + intronic sequence from the Ensembl database, in amounts of 2, 6 or 15 kb per gene (see Methods for details on boundaries). A filter was applied that removed ortholog pairs for which the transcription start differed between the two species (>1000 bp difference, see Methods). Filtering was successful for 12239 unique ortholog pairs. In a subsequent filter, DNA sequence that was not conserved between mouse and human was removed, so-called phylogenetic footprinting.Phylogenetic footprinting was applied at different stringency, to allow the following optimization of the protocol (below). Furthermore, all exon sequence was removed from the analysis (Methods). Finally, the sequences were matched with the expression data based on annotation, the overlap being 9561 ortholog pairs."
"322 vertebrate PFMs were downloaded from the TRANS-FAC and JASPAR databases. Since the databases appeared to contain redundant or equivalent entries, highly similar PFMs were grouped and merged using single linkage hierarchical clustering and a PFM distance measure defined in, which reduced the number of PFMs from 322 to 266 (Methods). This step reduced the redundancy, but did not merge all identically annotated PFMs (see for example the redundant serum response factor (SRF) PFMs in <ref type=""table"" target=""#tab_1"">Table 2</ref>, cluster 40)."
"After the retrieval and preprocessing of both sequences and PFMs, all individual sequences were tested for PFM matches using the MAST software, a software for identifying single or multiple motifs in sequences. MAST was set to compute one p-value for each PFM with respect to each sequence (Methods). Based on the p-values obtained from the MAST software, a composite score was defined as the product of the p-value in the mouse and human sequences of an ortholog pair (Methods). A composite score close to 0 indicates that both the mouse and human promoter sequence in the ortholog pair contains sequence elements that are in very good agreement with a certain PFM."
"To address the biological validity of the MAST composite scores within the context of a set of co-expressed genes, we screened 48 ortholog pairs present in B-cell expressed clusters for individual EBF sites. In all, 24 individual EBF sites in 15 different ortholog pairs were detected (supplementary data, additional file 1). To test the functionality (in terms of EBF binding) of these sites, we examined the potential of 22 basepair duplex oligo-nucleotides spanning the presumed sites to compete for protein binding in Electrophoretic Mobility Shift Assays (EMSA:s). EBF binding capacity was assayed using nuclear extracts from the pre-B cell line 40-EI, a labelled mouse mb-1 promoter high affinity EBF site, and competitor oligo-nucleotides covering the new potential binding sites. In the absence of competitor oligo-nucleotide, a prominent DNA/protein complex (mb-1/EBF) could be detected whereas this complex was undetectable after the addition of a 300 fold molar excess of the unlabeled binding site (mb-1). The identity of the protein and the specificity of the binding were verified by competition with a point mutated mb-1/EBF site and by the inclusion of an EBF specific antibody into the reaction mixture (<ref type=""figure"" target=""#fig_5"">Figure 8B</ref>). The point mutated EBF binding site was unable to abolish complex formation even in a 1000-fold molar excess<ref type=""figure"" target=""#fig_5"">(Fig- ure 8B</ref>), indicating that we detect specific protein DNA interactions with this experimental set up. 18 out of the 24 new binding sites competed for complex formation when added in a 300-or 1000-fold molar excess, and thus have the ability to bind EBF in vitro (<ref type=""figure"" target=""#fig_5"">Figure 8A</ref>). We conclude that the large majority of binding sites were able to functionally interact with the predicted protein, and that the composite score in principle detected factor binding. It should however be emphasized that the quality of predictions is dependent on the quality of the binding site descriptions, and the result does not necessarily imply that other predicted factors bind."
"To test whether the identified clusters represent potential gene batteries, i.e. contain shared cis-regulatory elements, we designed a procedure to detect significant over-representation of orthologs that match a PFM inside a cluster. The procedure is based on a modification of Fisher's exact test, which tests for dependency between two events (in this case cluster membership vs detection of a motif). We introduced a procedure to optimize the composite score thresholds for individual PFMs. In brief, we selected the threshold that gave the lowest Fisher test p-value in any one cluster. This was based on the assumption that non-random distribution of detections over clusters reflects biological function, as has been proposed in. The Fisher test p-values with the optimized thresholds are hereafter termed p-scores."
"The tests of multiple detection thresholds, multiple clusters and 266 PFMs led to a need to compensate for mass testing. This was done by estimating false discovery rates (FDR) based on simulations on randomized data. In brief, we compared the outcome when using permuted and when using observed data at different p-scores, and defined the FDR as the ratio between the two (<ref type=""figure"" target=""#fig_6"">Figure 9A</ref>). This procedure allowed us to choose a significance threshold with a controlled expected number of spurious detections. Simulations were repeated 100 times. Since optimization of detection thresholds were repeated in each simulation round, no bias in disfavour of the control case was introduced."
"Using the described algorithm, we analyzed the number of times a motif was over-represented when using different amounts of DNA sequence per gene (2, 6 or 15 kb) and different stringency in the phylogenetic footprinting (>0% (keep all sequence), >60%, >70%, >80% or >90% identity). The analysis was performed at 10% false discovery rate and with the clustering obtained at PCC = 0.75 clustering cut-off. At all DNA amounts, higher stringency phylogenetic footprinting appeared to be beneficial, and between DNA amounts, 2 kb and 4 kb compared favourably over 15 kb (<ref type=""figure"" target=""#fig_6"">Figure 9C</ref>). We conclude that optimal results are obtained when using a limited amount of sequence per gene (see Discussion)."
"A potential confounding factor in the analysis is that similarity in upstream sequence may be attributable to factors other than shared cis-regulatory elements. The most important such factor is likely to be gene paralogy, since over-represented motifs might simply represent matches to non-functional (not yet diverged) sequence in a coEndoplasmatic reticulum associated genes <ref type=""figure"">Figure 5</ref>Endoplasmatic reticulum associated genes: Over representation of XBP-1, NRF and RTS motifs suggest novel functions for NRF and ETS family factors in the regulation of ER-related genes. Tables and charts are organized as in figure 2. Ribosomal genes<ref type=""figure"">Figure 6</ref>Ribosomal genes: Tables and charts are organized as in figure 2. expressed gene family. In total, 22343 cases of pairwise paralogy were detected in the dataset of 9561 ortholog pairs using BLAST. All genes with transcripts matches at a BLAST E-value less than 1.0 were defined as potential paralogs. Of the 2407 ortholog pairs that clustered, 219 genes had a paralog inside the same cluster. This was clearly an over-representation since filling clusters with random genes from the dataset produced an average of 122 genes with a paralog inside a cluster (values between 104 to 131 observed in 10 randomization rounds). In a side-by-side comparison, we therefore analyzed the effect of removing paralogs from a cluster before testing for over-represented motifs (see Methods), as opposed to not removing paralogs but the same number of randomly selected genes. The results showed no increase in the number of over-represented motifs when allowing paralogs in the same cluster (<ref type=""figure"" target=""#fig_6"">Figure 9B</ref>)."
"The final analysis was performed with 2 kb sequence and 80% phylogenetic footprinting (results generated with variations of these parameters are found in the web supplement). Again, the clustering generated at PCC = 0.75 was chosen for analysis. The over-representation algorithm was run in the above cases, using 100 simulations to estimate false discovery rate thresholds. Over-represented motifs with FDR:s less than 2.5% and 10% were recorded. Key features of these results are presented in <ref type=""table"" target=""#tab_1"">Tables 2 and 3</ref>, and the complete results are available by web browser http://www.wlab.gu.se/lindahl/genebatteries."
"A predictive screen performed with these settings associated 66 motifs to co-expression in a total of 21 clusters at FDR thresholds 2.5% and 10%. There was a clear tendency for motifs to be detected in most large clusters, and for smaller clusters to lack over-represented motifs. This can be directly explained by the fact that even a high degree of motif presence in a small cluster can be attributed to spurious detections, and that the Fisher test accounts for that. The over-represented motifs were validated against the literature, and fell into three main categories: 1) previously described cases of gene-battery-like regulation, 2) previously unreported cases of gene batterylike regulation with some support in a limited number of genes, and 3) hypothetical cases of gene battery regulation."
"In the typical case, an over-represented motif did not cover all cluster members but rather a fraction. The average coverage was 15%, with observations ranging from 1% to 100%. The limited coverage can be exemplified by the relatively large (104 ortholog pairs) cluster of liverselective genes, which contained 8 over-represented motifs at FDR<10%, where the PFM annotation implied HNF1, HNF4, ARP1, PPAR-γ, and COUP-TF as the binding factors. These different motifs were detected in between 8 and 19 ortholog pairs, indicating a cluster coverage of less than 20%. An example of very high coverage was observed in the cluster that contained smooth muscle differentiation markers, in which 6/7 (86%) ortholog pairs were positive for a Serum Response Factor (SRF) motif. We compared our results for HNF-1 to NF-kappaB pathway a whole-genome experimental screen for targets of this factor in hepatocytes. 28% (29/104) of the ortholog pairs inside the liver cluster contained experimentally verified HNF-1 sites, which indicates a high but not complete coverage. Cross-comparison of experimentally and computationally identified HNF-1 targets showed a 69% -71% agreement (results for the two different HNF-1 PFMs at 2 kb/gene masked for 90% phylogenetic conservation)."
"As a complement to using database motifs, we applied de novo motif elicitation to screen the regulatory sequence of each cluster for over-represented DNA motifs that were not present in databases. A two-step procedure based on the MEME algorithm was developed (Methods). The use of a cluster to define a PFM will lead to a bias when testing for over-representation. A simulation that involved motif elicitation from randomized clusters was used to account for this bias (Methods). 28 de novo motifs were identified as over-represented in relation to the null simulation (Supplementary data, additional file 1). Of these 28 motifs, 13 matched a described database motif (based on the PFM similarity score described in Methods and in footnote of supplementary table). 9/13 of the matching motifs corresponded to motifs that were over-represented in Table 3. The remaining 15 motifs may represent novel regulatory elements. These motifs, and a description of the procedure, are available in the supplementary information."
"The gene battery theory predicts that the core features of differentiated cells are encoded by gene batteries, i.e. groups of functionally coupled, co-expressed genes that are regulated by similar sets of cis-regulatory elements. The primary aim of this article was to survey the mouse and human genomes for cases that fall within or close to the idealized gene battery concept."
"Hierarchical clustering of an extensive compendium of micro-array expression data in mouse and human identified large numbers of co-expressed gene groups. A grand majority of the larger clusters were significantly enriched for genes that shared one or several GO-terms, indicating that co-expressed genes are functionally coupled. Moreover, interactions were significantly more common between proteins that are encoded by clustered pairs compared to randomly chosen pairs. 21 clusters, finally, were significantly enriched for genes that shared potential cis-regulatory elements"
"The predicted over represented motifs <ref type=""table"" target=""#tab_1"">(Table 2</ref>) fell into three principal categories: (i) predictions in agreement with described gene batteries, (ii) predictions supported by a limited number of observations, where the analysis predicted gene battery-like regulation, and (iii) novel predictions of hypothetical gene batteries. The findings are summarized with respect to these categories in <ref type=""table"" target=""#tab_11"">Table 3</ref>"
"For type (i) predictions the method is useful for proposing new target genes. As an example, the smooth muscle cluster contains 4 validated serum response factor (SRF) targets (Acta2, Actg2, Myl11, Tagln). The method identifies two more genes in this cluster, Myl9 and Lpp as potential SRF targets in smooth muscle<ref type=""figure"" target=""#fig_1"">(Figure 2</ref>). The findings in two clusters that are relevant for lymphocytes (cluster 4 in the web supplement) and B-lymphocytes (cluster 16,<ref type=""figure"" target=""#fig_2"">Figure 3</ref>) are further examples of type (i) predictions. Cluster 4 contains genes that are expressed by various lymphocyte populations. Significantly enriched motifs were Irf1/Irf2, NF-kappaB, and ISRE. Irf1 and Ir2 appear to bind the same sites. Irf1 knockout mice are impaired in their myelopoiesis. NFkappaB is a wellknown regulator of inflammation and immune functions. Cluster 16 contains genes that are specifically expressed in B-lymphocytes. SpiB was identified as the most over-represented PFM followed by AREB6 and Oct-1. Knockout of SpiB caused specific defects in B-cell terminally differentiated functions. AREB6 is a hematopoietic transcriptional repressor. Whereas Oct-1 seems to be dispensable for B-cell development, it regulates B lymphocyte genes in combination with specific co-activators."
"In type (ii) cases, a regulator with some degree of documentation is statistically supported to play a role in gene battery-like regulation. As an example, RFX family proteins have been shown to regulate a limited number of genes in spermatogenesis, and SOX17 has been shown to be expressed in the testis. Here, we demonstrate that motifs corresponding to these factors are present in 8-11% of testis-selective genes<ref type=""figure"" target=""#fig_3"">(Figure 4</ref>). 29% of kidneyspecific genes were covered by HNF-1 and HNF-4 sites, suggesting that these genes may be general regulators in the kidney."
"Finally, type (iii) cases represent novel predictions which can be viewed as testable hypotheses of regulatory mechanisms. A complete list of PFMs in the different categories with references to the literature is presented in<ref type=""table"" target=""#tab_11"">Table 3</ref>. Examples include a potential functional role for an Ikaroslike motif in retina-selective genes (cluster 44 in the web supplementary), and a Pax family factor acting on extracellular matrix genes with strong expression in arteries (cluster 8 in the web supplementary). Interestingly, a combination of Ets family factor motifs, Nuclear respiratory factor motifs, and E2F motifs was detected in several clusters of a housekeeping character."
"The gene battery concept predicts that upstream transcription factors coordinate the expression of target genes through binding to similar cis-regulatory elements in the target genes. In a recent report, Alloco and co-workersstudied the relationship between co-expression in yeast (as determined by correlation in a set of 610 arrays) and the probability of sharing a transcription factor (as determined by experiments). In their experiments, an expression profile correlation of 0.85 implied a probability of transcription factor sharing of >0.5. The incomplete coverage in our analysis may similarly indicate that other mechanisms than co-regulation contribute to the coordinated expression. Importantly, it is technically difficult to accurately quantify the fraction of genes in a cluster that respond to a factor. The presence of false positive gene cluster members reduces the coverage. Uncertainty in the motif assignment to ortholog pairs may also reduce the coverage. In one case study, we could use data from an independent experimental screen to confirm that the liver-selective cluster had a limited coverage of HNF-1 responders (results). Further experiments are required to resolve to what extent the lack of coverage reflects alternative regulatory mechanisms or technical limitations."
"The tissues in the dataset represent samples of limited morphological resolution at a fixed time point. As a consequence, co-expressed gene groups that are active under specific developmental phases, under specific environmental stresses, or in small and localized anatomical structures are likely to escape detection. Moreover, coexpressed gene groups with a peak in one tissue only are unresolved for single cell types. Low coverage of motifs in such clusters may reflect contaminating genes that derive from another cell type."
"The Affymetrix technology that were used to generate the expression measurements has been validated and match results obtained with tag sampling for sufficiently abundant genes. Low intensity signals did not correlate well, indicating that such genes are less likely to form clusters (data not shown). Cross hybridization between related genes may, in theory, contribute to correlating expression levels. We can exclude that clusters primarily form as a result of cross-hybridization, since (1) members of well-characterized gene families appear in different (the expected) clusters (eg smooth muscle and cardiac actins) and since (2) co-expressed genes tended to share GO terms or to encode interacting proteins to a higher degree than they tended to be paralogs (supplementary data, additional file 1). We cannot however exclude subtle effects related to cross-hybridization, since results with cDNA microarrays indicate this possibility."
"Transcription factors in the same family often have similar DNA binding properties and bind to the same sites on target genes. This leads to an ambiguity in the interpretation of PFM annotations. The MEF2 motif, is for example a receptor for the mammalian MEF2A, MEF2B, MEFC and MEFD transcription factors. Similarly, the E2F motif is a receptor for a family of 9 E2F family proteins that form heterodimers with another family of proteins, the DP proteins, in a way that affects the binding affinity. Different E2F proteins act at different stages in the cell cycle, and this is not captured by our method."
One additional data limitation is that a fraction of Ensembl transcripts may lack sequence in their 5' ends. The accuracy of our transcription starts is therefore dependent on the quality of the Ensembl transcript database.
"Our approach is technically related to the Toucan and ConFac tools. Important differences and extensions are the introduction of a composite scoring system, a procedure to optimize PFM thresholds, and the use of simulation at the level of the whole clustering to measure significances."
"The performance of the method was not affected by the removal of paralogous genes from the clusters (<ref type=""figure"" target=""#fig_6"">Figure 9B</ref>), and clustering of such genes is clearly not a significant source of false positive motif prediction. Consequently, we decided to include the paralogs in the final analysis since we believe that co-expression of such genes may be a result of shared cis-regulatory elements."
"We further evaluated the effects of using different DNA amounts in the analysis. In principal, it is motivated to include a substantial amount of DNA sequence per gene, since mammalian enhancers are frequently located far upstream in relation to the transcription start, or downstream in intronic DNA. However, the benefits of including as much sequence as possible must be balanced against the risk of introducing vast amounts of noninformative sequence into the analysis. The evaluation clearly favoured using limited amounts of DNA, and high stringency phylogenetic footprinting (<ref type=""figure"" target=""#fig_6"">Figure 9C</ref>). The optimal future alternative may be to assemble a small amount of DNA from a large area of the genome using algorithms that sort out regulatory DNA regions more efficient than phylogenetic footprinting."
"The approach presented here needs to be extended to generate more complete models of gene battery regulation.Modelling of cis-regulatory element combinations and the relative position and spacing of elements are examples of such extensions. The use of PCC as a measure of coexpression may need to be reconsidered if extending the approach to very large datasets, since this measure may be sensitive to noninformative signals in a majority of samples. Further, the expression levels of potential trans-regulators and co-factors (based on protein interaction networks) can be introduced. Most likely, the method will benefit from a more accurate identification of regulatory regions (Crawford-04)"
"We screened the mouse and human genomes and transcriptomes for instances of gene battery-like regulation. Comparative clustering was highly predictive of gene function and protein interaction, which indicates that potential gene batteries could be identified this way. Based on a statistical composite score for motifs in ortholog pairs, and a simulation approach to determine significance levels, we found 21 instances of statistically supported gene battery-like regulation that were conserved between mouse and human. These included known cases of gene battery regulation in tissues such as muscle, lymphocytes, erythrocytes, and liver. A second category of predictions included regulators with some degree of documentation, e.g. in testis, kidney, and endoplasmatic reticulum. Finally, new candidate gene batteries with statistically enriched cis-regulatory motifs were listed."
