Sentences,length,sent_fig_caption-1,sent_fig_caption-2,sent_fig_caption-3,sent_fig_caption-4,sent_fig_caption-5,sent_fig_caption-6,sent_fig_caption-7,sent_fig_caption-8,sent_fig_caption-9,,,,
To understand how gene expression is coordinated to produce hundreds of cell phenotypes from an identical complement of genes is a principal challenge in mammalian genome research.,27,1.10117547292185,1.16966322909604,1.22712266953431,1.07198914229495,1.11351025603721,1.14166828586939,1.20229652015648,1.13905023324739,1.15478624838779,,,,
A commonly suggested model for terminal differentiation in metazoans is that the core features of the cellular phenotype are mediated by a set of genes that is regulated as a gene battery  that is a set of functionally coupled genes that are activated by similar cis-and trans-acting regulators.,48,1.08189227536619,1.10657522200217,1.13243065913834,1.06267154333179,1.03257190428919,1.11915874833293,1.1654186937699,1.11689310259586,1.12887736593076,,,,
Although the gene battery is an idealized concept  concrete examples of gene battery-like regulation have been found in for example muscle subtypes  megakaryocytes  the epidermis and lymphocytes.,27,1.15357965648591,1.12606472811643,1.14815737190883,1.04671446006428,1.11055234882691,1.19331713119827,1.20250802832025,1.17422136466547,1.1707017294283,,,,
A key step in the elucidation of gene battery-like regulation is to detect and functionally test the cis regulatory elements that mediate the co-regulation.,24,1.12785164871616,1.19790851681407,1.24209074088273,1.1156695096389,1.07384686219056,1.2112268059442,1.1834028575066,1.1462425881401,1.14702240989551,,,,
A number of computation-based methods have been proposed to do this.,11,1.20813583388934,1.24855046306796,1.26993692162791,1.25331333081577,1.25378991359057,1.25455145292087,1.25227674860768,1.2710164901923,1.16365048939768,,,,
In micro-organisms  computational methods have proven useful to detect modules of co-regulated genes.,13,1.14264944786765,1.21251592378991,1.25839011021175,1.17945773519225,1.09556882720129,1.12815336997328,1.20746588742995,1.20220183928627,1.14260802311631,,,,
In mammals  predictive models based on assumed co-regulation at the cis level have been constructed for liver-and skeletal muscle-selective gene regulation  and general tools have been developed for the regulatory analysis of co-expressed genes.,34,1.07020253821551,1.1277689527926,1.2332932577622,1.10146640604981,1.0452970714427,1.1414620857643,1.17608570194534,1.14975662354845,1.106510343757,,,,
The aim of this work is to screen the mouse and human genomes and transcriptomes for instances where sharing of cis-regulatory sequences is statistically coupled to conserved co-expression of genes  that is cases that fall within or near the idealized gene battery concept.,43,1.03915155468841,1.07146569345132,1.20005523078854,1.04925023511128,1.11388792632512,1.16408762688151,1.19299150490796,1.10772787251061,1.11802794104609,,,,
Another aim is to critically investigate technical parameters in order to maximize the sensitivity by which co-regulation of coexpressed genes can be detected.,23,1.11329250660639,1.20323080745009,1.26214800296995,1.18509877946657,1.13404264483792,1.16305640077246,1.22572363483223,1.18828561919631,1.10241253544208,,,,
In a screen that covered ~40 per cent of all protein-coding genes according to the latest Ensembl annotation  we identified 21 co-expressed gene clusters with 66 cases of statistically supported sharing of cis-regulatory sequence motifs.,35,0.982552035149786,1.12780140885922,1.23371067587479,1.0914458750012,1.07285214703221,1.12423030561255,1.14871917062722,1.12427360662993,1.04532797974454,,,,
The predictive value of the assignment of transcription factor binding sites was experimentally evaluated on EBF binding sites in a set of B-cell expressed gene clusters.,26,1.06084615426175,1.1635938728003,1.2437818659448,1.09585270460134,1.1192480961419,1.18538512145769,1.18402620404433,0.973770178214465,1.09748830722883,,,,
The predicted cases of coregulation include several previously known prototype examples of tissue specific regulation  but also novel predictions.,19,1.15489304207194,1.15619831189529,1.2126058889928,1.11210043738752,1.0696833182784,1.2132681236944,1.18065350926017,1.15745708243478,1.13027684850003,,,,
All data are made available to the research community in the form of an internet resource that may serve as a starting point for further analysis.,26,1.21140310660666,1.22925107898285,1.23674230324679,1.20794327442567,1.24446172934401,1.24144143707496,1.22246224615348,1.23214319784476,1.18381058040608,,,,
The analysis was based on the assumption that homologous genes in mouse and human are equivalent in most aspects of regulation and function.,23,1.06516490062397,1.11867343122129,1.22464938306778,1.13158766770239,1.02473609094555,1.14297717669388,1.18668965825498,1.13410057287758,1.1404430612881,,,,
In particular  we assumed that the transcriptional regulation is conserved for orthologous genes.,13,1.09857881242755,1.1778931066575,1.25041931006508,1.14758497222946,1.00002639526554,1.10674193218346,1.15544927213968,1.13775970485005,1.14352443882879,,,,
For example  the mouse gene Myh1 and the human gene MYH1 are assumed to share expression pattern and to share important cis-regulatory sequences.,23,1.08421114700738,1.10849505979597,1.2480636179949,1.06953604488669,1.10868814936759,1.168770963164,1.19335841808272,1.09223958036421,1.13152515640516,,,,
Below  the term 'ortholog pair' will be applied as a two-species equivalent of 'gene'  for which expression and sequence data where retrieved for both mouse and human.,27,1.10910886861694,1.10191928904639,1.22360967197055,1.1120997781639,1.19449998407423,1.20851502521932,1.19645680534542,1.13678397041366,1.12510456074947,,,,
Ensembl gene annotations were applied thoughout the analysis.,8,1.13494653900367,1.20015084198082,1.24454410223602,1.16517520480238,1.16736120574001,1.15676298720508,1.22064203978998,1.19855647891797,1.1789989975509,,,,
Previous results by our group and others have shown that statistical analysis of gene expression profiles in a large compendium of expression data can predict targets of differentiation processes  and identify functionally coupled genes.,34,1.05598996999843,1.10532236169579,1.17207767561486,1.0579465394439,1.07824231778789,1.14610019106024,1.18607928458995,1.12992967846577,1.06988050881679,,,,
In the following analysis  we specifically focused on a compendium derived from the recently completed Novartis expression atlas  SymAtlas .,19,1.17205079140145,1.18395407189751,1.22014694735563,1.13629880515878,1.22021998161634,1.21758728222683,1.20639386879579,1.19151923716172,1.19797093852427,,,,
These data contain transcription profiles for 140 mouse and human tissues generated by hybridization on customized Affymetrix chips  and cover a large fraction of the mouse and human protein-coding genes.,30,1.07886885754637,1.08090570207881,1.22737293703967,1.1352282609001,1.11864548081649,1.14356749494209,1.20647741724198,1.10911584998122,1.10308755770493,,,,
Sequence annotation of the Novartis probes linked the mouse and human data to approximately 17.000 unique Ensembl gene identities in each species.,23,1.06198395722074,1.07648352787952,1.22903894802425,1.10979267986976,1.13061067482201,1.16446015680208,1.18535212623153,1.09558285287751,1.11460853686949,,,,
Between the two datasets  13282 non-redundant ortholog pairs could be identified by linkage of reciprocal Ensembl homology assignments.,18,1.09689604497907,1.14006816509909,1.24737495979318,1.19204727838877,1.16506447128852,1.18187968715324,1.19982400873969,1.18184793567374,1.13829778294003,,,,
In later steps  we excluded genes for which regulatory sequence could not be extracted  Methods   leaving 9561 ortholog pairs for clustering.,21,1.06473106237117,1.16796840639516,1.24918097343044,1.16884175363886,1.09273482688532,1.11797025509299,1.17502245853645,1.14015402053668,1.12539129884844,,,,
The final dataset included ~40% of the mouse and human Ensembl annotated genes.,13,1.10161156498633,1.11638118776823,1.22382265177906,1.15542969356344,1.09095937091139,1.07218324182466,1.20499086425514,1.13806162456084,1.16271287881838,,,,
We clustered the mouse/human ortholog pairs based on their expression profiles across the 140 mouse and human tissues  Methods .,19,1.07049995543619,1.035024376852,1.20822928209659,1.11290268230677,1.17365779745006,1.19383296980759,1.20391371491713,1.12603112801408,1.15482624956276,,,,
We computed clusters at cut-off levels ranging from Pearson's correlation coefficient  hereafter termed PCC  0.61 to 0.99.,19,1.03283771268316,1.18216551492149,1.24151765019746,1.23847373853394,1.2319883884839,1.21013092284429,1.22884547735744,1.23874321892835,1.16445821384887,,,,
At the lowest applied cut-off  57% of all ortholog pairs in the data were members of a cluster.,18,1.05807185836572,1.06715394825234,1.24540525247133,1.20014320635642,1.18137879360371,1.19551322738488,1.20615920030602,1.18722092707996,1.0920393463254,,,,
The cluster sizes were distributed in a skewed manner  with a predominant formation of small clusters  Figure-1 .,17,1.09093200166871,1.10857718284904,1.21033196489904,1.20759217650735,1.19995216592384,1.16830670543789,1.20997843413762,1.22382009525908,1.15012727443287,,,,
All analyses hereafter were performed at a PCC = 0.75 cut-off  which generated 160 clusters with 2407 ortholog pairs.,20,1.04271197786019,1.13110395244189,1.23936404451138,1.22554808664234,1.21006294178014,1.17810414668798,1.21597176316063,1.20779002304115,1.13436302926296,,,,
This relatively stringent cut-off was chosen to reduce the number of non-relevant genes in the clusters.,16,1.04619980465652,1.15804258954752,1.26348380427965,1.20284135536101,1.13760730558223,1.12310743672498,1.23021604515313,1.19258170334918,1.05997696012427,,,,
A higher cut-off did not seem reasonable given the noise-level of the microarray experiments  as judged by the Pearson correlation between replicated samples and between probes that are annotated for the same gene  data not shown .,36,1.05347494153988,1.15407458781454,1.24210532430336,1.14898653521329,1.19381911209846,1.18154152748954,1.22203342884726,1.14418794607722,1.08116848432818,,,,
According to the definition  a gene battery should encode functionally linked proteins.,12,1.10787505708817,1.17053680361116,1.11232939118348,1.08606230057427,1.11859525228366,1.17956757177493,1.21434840913572,1.14876930185124,1.1823839441543,,,,
We used Gene Ontology  GO  terms  protein-protein interactions  from the BIND database   and manual curation to assess functional linkage within our expression clusters.,23,0.981401949198574,1.09367121354696,1.22935623943102,1.08805078270985,1.15488644450532,1.18813261692599,1.18650365524004,1.14269858112007,1.11211633169277,,,,
First  we investigated the relationship between expression profile similarity of two ortholog pairs and their relative probability to share a functional annotation term or to encode interacting proteins  Figure-1 .,29,0.891215064061891,1.05667102697592,1.242900083972,1.12807613909404,1.14530882855431,1.17103163837834,1.19377231387549,1.12599597640438,1.10818282622569,,,,
There was a consistent correlation between co-expression and the relative probability for two genes to share a GO-term or to encode interacting proteins  Figure-1 .,24,0.921467743342987,1.10913956802066,1.26159546110652,1.1584167002607,1.0591607622974,1.0875325129434,1.18916244047015,1.12433417747195,1.1034439260113,,,,
Second  we studied the statistical over-representation of GO terms and interacting proteins inside the clusters  Methods .,16,1.05539669955958,1.13068097812144,1.23738506104637,1.20843868094199,1.17827875321169,1.18998927972482,1.18386328693116,1.17219457753279,1.11751983893089,,,,
30/32 clusters with ten or more ortholog pairs contained at least one over-represented GO term.,15,0.987204224930223,1.1293719728242,1.25434124272278,1.21220553385203,1.20978251896161,1.20009660804415,1.20354208832235,1.19462761856393,1.10909749114425,,,,
The proportion of small clusters with over-represented GO terms was lower  which reflects a lack of statistical power in small clusters.,21,1.05728841248637,1.0601132173443,1.23588608754246,1.20204170341806,1.20966225867617,1.20123221301735,1.1958668440057,1.21290082515989,1.08702661387371,,,,
Genes encoding interacting protein pairs were also over-represented inside clusters.,10,1.00387094343894,1.12021092395289,1.24243424069589,1.17393525491852,1.04901185049252,1.07032418100679,1.18475205724032,1.0985460130701,1.10524753848031,,,,
35 cases of protein-protein interaction between two genes in the same cluster were found.,14,0.99726714198987,1.11012956504308,1.24807249566372,1.18759418809543,1.09677807576546,1.07833459282525,1.20446060824904,1.15996195401207,1.09812270610163,,,,
In contrast  1000 simulations on permuted data revealed a median of 9 interactions  observations ranging between 5 and 21 .,19,1.14782132008646,1.19900919123572,1.18128804884567,1.20484735800426,1.20740099320123,1.17771137507675,1.18180727212842,1.19360046646135,1.09901175232545,,,,
The BIND data contained only 600 interactions that could be mapped to the dataset  which explains the seemingly low number of 35 interactions.,23,1.07498926981598,1.16604367106681,1.23604983695997,1.19282778748926,1.1747515978004,1.20729448012809,1.1816198882347,1.15117894087591,1.07738434530385,,,,
Finally  the clusters were annotated by manual curation.,8,1.14200852269102,1.17949671584656,1.22799891177642,1.21333422963997,1.21988929439958,1.17363232235076,1.21717632546891,1.23097948927521,1.17524154088049,,,,
Six examples are shown in Figure-2 Figure-3 Figure-4 Figure-5 Figure-6 Figure-7  and clusters with predicted regulators are listed in Table 2.,21,1.11569632209589,1.02445717637875,1.07308907200509,1.04137313078991,1.08015795712109,0.936090669629007,0.963617032920261,1.16351104045068,1.14025889826707,,,,
For a full overview  see the web supplement http://www.wlab.gu.se/lindahl/genebatteries.,13,1.26181466168562,1.2552112576429,1.23174244860201,1.24450430599345,1.25584728330158,1.21900330371064,1.20445007384362,1.24441810360559,1.2625613680411,,,,
Several clusters clearly represent gene sets that mediate specialized features of different cell types  including smooth muscle specific genes  cluster 40 Figure-2   B lymphocyte-specific genes  cluster 16 Figure-3   and genes selectively expressed in the testis  cluster 5  part shown in Figure-4 .,41,0.964369454878744,0.979551079049462,1.1725629325662,1.0030579255181,1.0273286757261,1.05174558524727,1.13939953969394,1.067313902374,1.02528523918819,,,,
Further  we detected clusters that were related to cellular processes or organelles  including endoplasmatic reticulum  cluster 13 Figure-5   protein synthesis  cluster 1 Figure-6   and modulators of transcriptional regulation  cluster 65 Figure-7 .,31,1.04838929341789,1.12678329705907,1.19163373499467,1.12654385725543,0.940297520356603,1.10059506055917,1.08261291035888,1.13437828546077,1.12593464855724,,,,
A grand majority of the clusters were defined by peaks at different amplitudes in several tissues.,16,1.1370000437936,1.12694159971604,1.25205764899552,1.19088556524455,1.22163431584732,1.23301294719035,1.24918413597646,1.22115750428561,1.15442423664444,,,,
As an example  the endoplasmatic reticulum cluster  Figure-5  was defined by a highly variant profile with strong expression in  for example  exocrine glands.,23,1.13622914721075,1.13125832858831,1.25326205837485,1.13649790684699,1.0952113357406,1.2381891080327,1.2355809164913,1.19517621580026,1.17147801977537,,,,
Generally  the cluster profiles were conserved between species  in the sense that clusters were defined by peaks in the same organs.,21,1.09397577610172,1.08587385379676,1.25607748558153,1.1698454929768,1.16247502025558,1.21085096593824,1.20103116888643,1.17061831874717,1.12055145343744,,,,
This effect was more pronounced for clusters with expression in a single organ  such as the testis  data not shown .,20,1.11770881992353,1.13314124879805,1.20610383393509,0.995336741065654,1.17994406605897,1.1949057637733,1.20870546714726,1.16723972589651,1.12284175720156,,,,
In combination  the GO term enrichment  the proteinprotein interaction  and the manual curation convincingly show that clustered genes are functionally linked.,21,1.01671908257411,1.1836757339252,1.22962338279856,1.16524591638247,1.08193939488798,1.12989603738382,1.17277999559764,1.16289519803368,1.10815081158936,,,,
In the next part of the analysis  individual ortholog pairs were scored for transcription factor binding sites.,17,1.11426923070924,1.17199207799889,1.25765107103741,1.16410222126724,1.15166338575837,1.19044516259985,1.19266992865437,1.05721501079167,1.15309828076931,,,,
Binding motifs were represented in the form of Position Frequency Matrices  hereafter denoted PFMs .,14,1.114547685466,1.12261253120178,1.23891931483661,1.15879970263623,1.14303361331615,1.16862233869069,1.11442339168226,1.05209815982763,1.0974539813879,,,,
Based on a fixed amount of upstream DNA sequence in each ortholog pair  a statistical score was computed to predict the potential for a site in the sequence to bind the factor corresponding to a PFM  described in detail in Methods .,41,1.06708469871852,1.17504784148105,1.25605508243169,1.16067527047457,1.13524298250785,1.1952137720525,1.18329644261735,1.05927968527266,1.07750166527186,,,,
We extracted upstream + intronic sequence from the Ensembl database  in amounts of 2  6 or 15 kb per gene  see Methods for details on boundaries .,26,1.07762074317855,1.14015666735798,1.1331494464623,1.08491900315337,1.10714957368851,1.0411930913334,1.10676952932091,1.08169111298994,1.11031560958083,,,,
A filter was applied that removed ortholog pairs for which the transcription start differed between the two species  >1000 bp difference  see Methods .,23,1.11016582404298,1.09561236416375,1.23785124583891,1.18890484953848,1.17913695730017,1.19614824434927,1.19088460970961,1.12079886728123,1.13111687268021,,,,
Filtering was successful for 12239 unique ortholog pairs.,8,1.14816599241467,1.21340651438685,1.2825951311318,1.20756071133853,1.19584285117454,1.21479158419547,1.233514260132,1.21839679896938,1.19769503246614,,,,
In a subsequent filter  DNA sequence that was not conserved between mouse and human was removed  so-called phylogenetic footprinting.Phylogenetic footprinting was applied at different stringency  to allow the following optimization of the protocol  below .,35,1.16379300108476,1.13934000555074,1.26484477955652,1.19747007199166,1.20388486972673,1.24255017086767,1.21799216343035,1.1388745952299,1.08725310295871,,,,
"Phylogenetic footprinting was applied at different stringency, to allow the following optimization of the protocol.",15,1.20795913867844,1.22587446833693,1.28391703957236,1.25301484915281,1.25808536993222,1.26976354098999,1.25993153813481,1.23494704020336,1.13604575385576,,,,
Furthermore  all exon sequence was removed from the analysis  Methods .,10,1.18673097333944,1.22443579021471,1.26237434998782,1.21448033189089,1.21135865383155,1.21352230045887,1.21473083005247,1.17563596221162,1.16645042970085,,,,
Finally  the sequences were matched with the expression data based on annotation  the overlap being 9561 ortholog pairs.,18,1.05895977098071,1.12386328500633,1.22803519759424,1.12919025521588,1.16597235127893,1.14792703768515,1.15829709648231,1.15463666036962,1.11540567395712,,,,
322 vertebrate PFMs were downloaded from the TRANS-FAC and JASPAR databases.,11,1.23787075717097,1.2521968900257,1.25619228060079,1.26011572831494,1.24567366720451,1.24440744445471,1.25852491740723,1.27123483897223,1.26910376773684,,,,
Since the databases appeared to contain redundant or equivalent entries  highly similar PFMs were grouped and merged using single linkage hierarchical clustering and a PFM distance measure defined in  which reduced the number of PFMs from 322 to 266  Methods .,40,1.06924909368057,1.13581358511915,1.21827747711821,1.18068339259872,1.1864778691716,1.1932399199923,1.18598020271477,1.17867623004873,1.05222428731589,,,,
This step reduced the redundancy  but did not merge all identically annotated PFMs  see for example the redundant serum response factor  SRF  PFMs in Table 2  cluster 40 .,28,1.05542245848657,1.03788097483055,1.10929394513019,1.07763577931361,1.05797972102085,1.07818391426319,1.07766815240946,1.12238682031835,1.10292719113215,,,,
After the retrieval and preprocessing of both sequences and PFMs  all individual sequences were tested for PFM matches using the MAST software  a software for identifying single or multiple motifs in sequences.,32,1.14669383348066,1.16006728998958,1.2542457879342,1.16095266500802,1.14784196127749,1.1887000213089,1.17830330734406,1.16085553748886,1.09420770297807,,,,
MAST was set to compute one p-value for each PFM with respect to each sequence  Methods .,16,1.11110994873753,1.14390376145273,1.23657094958474,1.19985317571146,1.18579955112422,1.20025393915006,1.19496281663754,1.18635480196784,1.11463737994172,,,,
Based on the p-values obtained from the MAST software  a composite score was defined as the product of the p-value in the mouse and human sequences of an ortholog pair  Methods .,31,1.11497755968865,1.10393040864908,1.22337463995427,1.18372600067932,1.19860710680775,1.2041034057523,1.1972404315428,1.13797318328173,1.12358526890723,,,,
A composite score close to 0 indicates that both the mouse and human promoter sequence in the ortholog pair contains sequence elements that are in very good agreement with a certain PFM.,32,1.07827518472245,1.09214918129508,1.24224768923748,1.08858117118,1.15069860674867,1.18872832257883,1.12987400231617,1.0412347435434,1.12777429703256,,,,
To address the biological validity of the MAST composite scores within the context of a set of co-expressed genes  we screened 48 ortholog pairs present in B-cell expressed clusters for individual EBF sites.,33,1.02877498449643,1.11674896085718,1.21123145162769,1.12730180808999,1.11036891915195,1.15136991408461,1.18155223654728,1.06132323303174,1.0940894786516,,,,
In all  24 individual EBF sites in 15 different ortholog pairs were detected  supplementary data  additional file 1 .,18,1.10547284380939,1.14550379011873,1.15861712045308,1.13943093509955,1.14231050666727,1.11631648968141,1.14115310485413,1.02019195108747,1.10231309184597,,,,
To test the functionality  in terms of EBF binding  of these sites  we examined the potential of 22 basepair duplex oligo-nucleotides spanning the presumed sites to compete for protein binding in Electrophoretic Mobility Shift Assays  EMSA:s .,37,1.10404264024427,1.17660811660195,1.2588112145951,1.16917417495316,1.17203289240959,1.22519310916202,1.208044769975,0.976454337863912,1.16309827297513,,,,
EBF binding capacity was assayed using nuclear extracts from the pre-B cell line 40-EI  a labelled mouse mb-1 promoter high affinity EBF site  and competitor oligo-nucleotides covering the new potential binding sites.,32,1.14422816246578,1.15730399389319,1.26382227082488,1.11430674572235,1.14436105243034,1.22780608326477,1.22169720416791,0.754136023868671,1.13380585955664,,,,
In the absence of competitor oligo-nucleotide  a prominent DNA/protein complex  mb-1/EBF  could be detected whereas this complex was undetectable after the addition of a 300 fold molar excess of the unlabeled binding site  mb-1 .,34,1.15693301795711,1.20232163093085,1.27971917074912,1.20685635967262,1.19684660945505,1.24856309144965,1.22088193451492,0.939282083172862,1.13811947663099,,,,
The identity of the protein and the specificity of the binding were verified by competition with a point mutated mb-1/EBF site and by the inclusion of an EBF specific antibody into the reaction mixture  Figure-8.,35,1.13824278912082,1.20574388307125,1.28482972195208,1.1837982754909,1.20529798030308,1.2411593969101,1.21405370244426,0.873354952417083,1.16700315507863,,,,
The point mutated EBF binding site was unable to abolish complex formation even in a 1000-fold molar excess Fig- ure 8B   indicating that we detect specific protein DNA interactions with this experimental set up.,34,1.09686176805442,1.18358286795213,1.25446933286567,1.16280394903264,1.14107382931575,1.21620746446961,1.17732122835087,0.891835242077849,1.10360120404662,,,,
18 out of the 24 new binding sites competed for complex formation when added in a 300-or 1000-fold molar excess  and thus have the ability to bind EBF in vitro  Figure-8.,31,1.1290298146799,1.20416600393396,1.23859178367933,1.13482465830653,1.17492999215887,1.23456740303424,1.20185767832663,0.922048177756461,1.16565784326018,,,,
We conclude that the large majority of binding sites were able to functionally interact with the predicted protein  and that the composite score in principle detected factor binding.,28,1.10585155155636,1.17270730510727,1.26980806417316,1.17239335116951,1.13724504795994,1.22111265233047,1.19956492221365,1.04244123716295,1.11186705226377,,,,
It should however be emphasized that the quality of predictions is dependent on the quality of the binding site descriptions  and the result does not necessarily imply that other predicted factors bind.,32,1.16136427558511,1.21509897475584,1.24336900742546,1.129649636238,1.10275765793132,1.20490778937083,1.17490782906791,1.07563025741125,1.14966076332526,,,,
To test whether the identified clusters represent potential gene batteries  that is contain shared cis-regulatory elements  we designed a procedure to detect significant over-representation of orthologs that match a PFM inside a cluster.,33,1.00714640091316,1.09477047722104,1.23028752918489,1.09829293849071,1.13191475608642,1.18511651266238,1.18810669567058,1.13667585567967,1.04065943980299,,,,
The procedure is based on a modification of Fisher's exact test  which tests for dependency between two events  in this case cluster membership vs detection of a motif .,28,1.1085923299442,1.09087260661326,1.2218605281968,1.17128174021035,1.19254392017619,1.21728804600698,1.18281034490408,1.19550845528542,1.10052345652446,,,,
We introduced a procedure to optimize the composite score thresholds for individual PFMs.,13,1.20835460060376,1.23007459230627,1.26032961189322,1.24577961746435,1.27641313563708,1.27879241270293,1.26060356044007,1.26423173115123,1.19841838909708,,,,
In brief  we selected the threshold that gave the lowest Fisher test p-value in any one cluster.,17,1.08878769287625,1.12661717966291,1.23740543165077,1.23447094031922,1.24733505544288,1.23838980599971,1.24563279034097,1.22790561132633,1.12889821671151,,,,
This was based on the assumption that non-random distribution of detections over clusters reflects biological function  as has been proposed in.,21,1.08283140201242,1.17823493103634,1.23818602582924,1.20392093705178,1.18802403927262,1.23907427939529,1.19971081573314,1.21316440453744,1.12937870121926,,,,
The Fisher test p-values with the optimized thresholds are hereafter termed p-scores.,12,1.21645939203291,1.2369943657867,1.23474141438499,1.25085719340821,1.26948826060529,1.25196227466255,1.25946708565755,1.2684604828479,1.21158253608317,,,,
The tests of multiple detection thresholds  multiple clusters and 266 PFMs led to a need to compensate for mass testing.,20,1.14340652794039,1.20815921703382,1.24819071822414,1.21720178540859,1.24582422119433,1.26964638511518,1.2496317284713,1.24960670516598,1.16458098385398,,,,
This was done by estimating false discovery rates  FDR  based on simulations on randomized data.,15,1.16349691568062,1.23499591810446,1.26900683513846,1.25678233681895,1.25838561254046,1.24837477380939,1.26280983820112,1.26648821020963,1.03008125117128,,,,
In brief  we compared the outcome when using permuted and when using observed data at different p-scores  and defined the FDR as the ratio between the two  Figure-9.,28,1.13846948222334,1.14965373124134,1.23898770304502,1.22399432093241,1.23671102579682,1.21824456437569,1.24177955567228,1.2102842620272,1.0460384923279,,,,
This procedure allowed us to choose a significance threshold with a controlled expected number of spurious detections.,17,1.15196727490821,1.22125378011352,1.28380098108246,1.24526371520215,1.27428425836133,1.27779152185387,1.25469781467442,1.25031405312612,1.12098612476868,,,,
Simulations were repeated 100 times.,5,1.23254299842263,1.25971534868808,1.27045614599276,1.30153149838844,1.30993829138973,1.28102518102922,1.29292617702209,1.28017616014731,1.19630762186488,,,,
Since optimization of detection thresholds were repeated in each simulation round  no bias in disfavour of the control case was introduced.,21,1.20612931408866,1.23193986485227,1.25912143568023,1.23780189232432,1.24906174516613,1.26325373101435,1.2496308191605,1.23518878552976,1.15200294293588,,,,
Using the described algorithm  we analyzed the number of times a motif was over-represented when using different amounts of DNA sequence per gene  2  6 or 15 kb  and different stringency in the phylogenetic footprinting  >0%  keep all sequence   >60%  >70%  >80% or >90% identity .,45,1.03194797508518,1.12108705172269,1.18653654628979,1.11635074411242,1.12598827621563,1.13058612230877,1.13535336827473,1.09831627533906,0.936510405417322,,,,
The analysis was performed at 10% false discovery rate and with the clustering obtained at PCC = 0.75 clustering cut-off.,21,1.06960723818037,1.15945570203758,1.26323921391861,1.24578921992194,1.23676996864239,1.2292255394092,1.23983779493522,1.22575666565397,1.06687502919411,,,,
At all DNA amounts  higher stringency phylogenetic footprinting appeared to be beneficial  and between DNA amounts  2 kb and 4 kb compared favourably over 15 kb  Figure-9.,27,1.13931272128918,1.19927723211735,1.17823083264611,1.1758608273361,1.16356091029845,1.13104944916983,1.17242357688744,1.16242230641889,1.09769058490617,,,,
We conclude that optimal results are obtained when using a limited amount of sequence per gene  see Discussion .,18,1.1109292188117,1.16712262628069,1.2438024152742,1.13583490582899,1.16357745105246,1.17681397934939,1.19370652705799,1.12374463559441,1.01812230007623,,,,
A potential confounding factor in the analysis is that similarity in upstream sequence may be attributable to factors other than shared cis-regulatory elements.,23,1.14167223664001,1.21112026516892,1.26976336329427,1.13291660944923,1.08749336572762,1.21676785995859,1.2016622257122,1.15664297807262,1.15964274185602,,,,
The most important such factor is likely to be gene paralogy  since over-represented motifs might simply represent matches to non-functional  not yet diverged  sequence in a co expressed gene family.,30,1.08222665499719,1.11817589233724,1.26989080986698,1.06935918191297,1.04002498146799,1.19260908749861,1.15807924675129,1.1263290419942,1.05472269691971,,,,
In total  22343 cases of pairwise paralogy were detected in the dataset of 9561 ortholog pairs using BLAST.,18,1.07912606739164,1.16886188064973,1.25774092206348,1.23469950232288,1.22296108265518,1.19841258961418,1.23054366129371,1.19118981456891,1.10504162631028,,,,
All genes with transcripts matches at a BLAST E-value less than 1.0 were defined as potential paralogs.,18,1.05280039934241,1.14365329594424,1.17474146792264,1.1299250703491,1.06157276976157,1.03711549744972,1.16119497605068,1.16469026073659,1.13244716077495,,,,
Of the 2407 ortholog pairs that clustered  219 genes had a paralog inside the same cluster.,16,1.02250742881446,1.11477771212634,1.2227149234608,1.1805989786631,1.07464029482034,1.05691188982045,1.18849154448436,1.17090703054013,1.1511896432428,,,,
This was clearly an over-representation since filling clusters with random genes from the dataset produced an average of 122 genes with a paralog inside a cluster  values between 104 to 131 observed in 10 randomization rounds .,36,0.974427266575889,1.05384561137592,1.19817664914994,1.15901492555677,1.08063283923724,1.07967436848789,1.16257421364805,1.14997760012629,1.02291934679193,,,,
In a side-by-side comparison  we therefore analyzed the effect of removing paralogs from a cluster before testing for over-represented motifs  see Methods   as opposed to not removing paralogs but the same number of randomly selected genes.,36,1.01141714712343,1.05203921312926,1.22482566794615,1.11393981386058,1.08392977880509,1.13729980109414,1.14848376409913,1.11881106732781,0.95584732803067,,,,
The results showed no increase in the number of over-represented motifs when allowing paralogs in the same cluster  Figure-9 .,19,1.04496722599913,1.08090571169239,1.2572740573537,1.14525436340815,1.11490884658243,1.18505175321861,1.13977352167631,1.14118288972629,0.947294735649842,,,,
The final analysis was performed with 2 kb sequence and 80% phylogenetic footprinting  results generated with variations of these parameters are found in the web supplement .,26,1.1484912187562,1.1924776666667,1.17487957003574,1.1522801238364,1.13685729210615,1.14023450708011,1.12109931887324,1.17257226605464,1.08531028672509,,,,
Again  the clustering generated at PCC = 0.75 was chosen for analysis.,13,1.12032498426055,1.15503471673575,1.24696404445149,1.24990009624418,1.24351375714894,1.21045756540594,1.22788221476012,1.22740141633945,1.1744639432737,,,,
The over-representation algorithm was run in the above cases  using 100 simulations to estimate false discovery rate thresholds.,18,1.10593053655698,1.20213878239823,1.26250931070235,1.23498125777543,1.23967757128621,1.23512887429933,1.22917676557583,1.22170763728923,1.01528023307384,,,,
Over-represented motifs with FDR:s less than 2.5% and 10% were recorded.,13,1.11173885944239,1.14265367152881,1.11473918080567,1.13346839897184,1.11957768100268,1.04049332550973,1.08259327223448,1.17526311362391,1.06984722428519,,,,
Key features of these results are presented in Tables 2 and 3  and the complete results are available by web browser http://www.wlab.gu.se/lindahl/genebatteries.,26,1.18810260391036,1.17618896815318,1.02489159014204,1.09381490320551,1.11048603895699,1.01070529075403,1.04677879665234,1.22482690609759,1.16239816180429,,,,
A predictive screen performed with these settings associated 66 motifs to co-expression in a total of 21 clusters at FDR thresholds 2.5% and 10%.,25,1.02919751680738,1.13547074757518,1.15359377812966,1.09258102649123,1.05842337622362,1.12446513382666,1.07814185354887,1.17705602448993,1.03874244890464,,,,
There was a clear tendency for motifs to be detected in most large clusters  and for smaller clusters to lack over-represented motifs.,22,1.09213572954072,1.09764501737237,1.26020613321517,1.15813734560518,1.14522458480259,1.21350927754122,1.14943145417768,1.15074849846883,1.04058309480948,,,,
This can be directly explained by the fact that even a high degree of motif presence in a small cluster can be attributed to spurious detections  and that the Fisher test accounts for that.,34,1.10407512901954,1.11954776762044,1.25887140114871,1.19582228080283,1.19691098543701,1.24395086870357,1.2002322828657,1.18192349181545,1.08285128846188,,,,
The over-represented motifs were validated against the literature  and fell into three main categories: 1  previously described cases of gene-battery-like regulation  2  previously unreported cases of gene batterylike regulation with some support in a limited number of genes  and 3  hypothetical cases of gene battery regulation.,46,1.03589853031567,1.05409323138566,1.08909324872096,1.00332511208918,0.989859499069712,1.0632228579926,1.07962958176185,1.13458577234516,1.03589422757194,,,,
In the typical case  an over-represented motif did not cover all cluster members but rather a fraction.,17,1.07747211131518,1.05443700559696,1.25040343048061,1.17345387799037,1.14112651620949,1.2015388041051,1.17452483006334,1.1456228547691,1.09710727265636,,,,
The average coverage was 15%  with observations ranging from 1% to 100%.,12,1.20962239077331,1.22528523518696,1.29370608891684,1.29023637584755,1.28641744501639,1.29659364670318,1.28433405425539,1.27796248388404,1.19127717014948,,,,
The limited coverage can be exemplified by the relatively large  104 ortholog pairs  cluster of liverselective genes  which contained 8 over-represented motifs at FDR<10%  where the PFM annotation implied HNF1  HNF4  ARP1  PPAR-γ  and COUP-TF as the binding factors.,39,0.974948796032384,1.04133181682227,1.22215446764299,1.02213647175715,0.974675080799266,1.10598997580962,1.10875967636933,1.06617566878524,1.03472210257598,,,,
These different motifs were detected in between 8 and 19 ortholog pairs  indicating a cluster coverage of less than 20%.,20,1.02336569124178,1.08018199409006,1.21606489128375,1.11724503239856,1.11449406079409,1.15812766879979,1.11035649885187,1.1212610423281,1.04215058692429,,,,
An example of very high coverage was observed in the cluster that contained smooth muscle differentiation markers  in which 6/7  86%  ortholog pairs were positive for a Serum Response Factor  SRF  motif.,32,1.07389779317053,1.04551680382666,1.19342388260726,1.14655122014736,1.13144284206926,1.22982605029419,1.17834031006842,1.14138068324323,1.08043618392001,,,,
We compared our results for HNF-1 to NF-kappaB pathway a whole-genome experimental screen for targets of this factor in hepatocytes.,20,1.18234270588971,1.21095146803676,1.25168588867149,1.16993508849643,1.12532782521149,1.2243152852931,1.05118183478553,1.19035334683728,1.16211042067674,,,,
28%  29/104  of the ortholog pairs inside the liver cluster contained experimentally verified HNF-1 sites  which indicates a high but not complete coverage.,23,1.06987617827195,1.10271354647919,1.26532693745908,1.13074667926853,1.18293470371497,1.21296488965897,1.14438876804082,1.09238613585315,1.09352050856817,,,,
Cross-comparison of experimentally and computationally identified HNF-1 targets showed a 69% -71% agreement  results for the two different HNF-1 PFMs at 2 kb/gene masked for 90% phylogenetic conservation .,28,1.11212824923097,1.13813067321766,1.17509754945502,1.14958051566007,1.12762774562515,1.12580678177841,1.11593951107949,1.17906767054683,1.08323256050497,,,,
As a complement to using database motifs  we applied de novo motif elicitation to screen the regulatory sequence of each cluster for over-represented DNA motifs that were not present in databases.,31,1.10968343741121,1.11318999482226,1.23004529161251,1.15017684290586,1.11230016493244,1.19098409692083,1.1163745922964,1.11529090493429,1.04111226083197,,,,
A two-step procedure based on the MEME algorithm was developed  Methods .,11,1.24321674258807,1.27160383198844,1.27329322156911,1.25465830377118,1.28690307384849,1.2826331274153,1.25739039599174,1.28287855102106,1.229194663141,,,,
The use of a cluster to define a PFM will lead to a bias when testing for over-representation.,18,1.12776742888763,1.16511028389025,1.2525642787647,1.20659760480668,1.20042394306973,1.23424337278345,1.23931801601279,1.22488189179963,1.10568924839635,,,,
A simulation that involved motif elicitation from randomized clusters was used to account for this bias  Methods .,17,1.15764015283592,1.20659732236209,1.22445407835752,1.18984793906536,1.17256090133559,1.20901773796691,1.16701211432789,1.19039355908801,1.08367328597953,,,,
28 de novo motifs were identified as over-represented in relation to the null simulation  Supplementary data  additional file 1 .,19,1.12395895106146,1.1398866859234,1.1630522910918,1.12522405654071,1.11018557930757,1.12133345405351,1.08328465875635,1.1651885788323,1.053411685969,,,,
Of these 28 motifs  13 matched a described database motif  based on the PFM similarity score described in Methods and in footnote of supplementary table .,25,1.12077846786257,1.09749413954022,1.1831659560395,1.14052615430468,1.13369923807499,1.13440610756922,1.11143452366116,1.13479624867254,1.13336639529742,,,,
9/13 of the matching motifs corresponded to motifs that were over-represented in Table 3.,14,1.10950767178728,1.05724135014027,1.10101968689388,1.08639158250095,1.06255525286242,1.00638488856897,1.02362307230258,1.114267666295,1.10291417258055,,,,
The remaining 15 motifs may represent novel regulatory elements.,9,1.1407673395754,1.17070596026509,1.20229629256278,1.11071160391363,1.05335476417938,1.1850928581275,1.12211290715529,1.1339211491094,1.10095306899686,,,,
These motifs  and a description of the procedure  are available in the supplementary information.,14,1.21373835914036,1.20113716127405,1.23352356876338,1.16229824687287,1.17281955768867,1.19580998853365,1.14166766656928,1.16136959902942,1.1610125323109,,,,
The gene battery theory predicts that the core features of differentiated cells are encoded by gene batteries  that is groups of functionally coupled  co-expressed genes that are regulated by similar sets of cis-regulatory elements.,34,1.07092797635662,1.1268531399904,1.14287237001725,1.03017469163432,1.0624720156817,1.13704295915318,1.16247983343998,1.10079300547776,1.12079895318037,,,,
The primary aim of this article was to survey the mouse and human genomes for cases that fall within or close to the idealized gene battery concept.,27,1.1383046255928,1.1024682684222,1.16859681372767,1.07150387880229,1.19962830503161,1.22380737375055,1.22220755932938,1.1616145725448,1.17525556659236,,,,
Hierarchical clustering of an extensive compendium of micro-array expression data in mouse and human identified large numbers of co-expressed gene groups.,21,1.05221311897358,1.07640032951846,1.22105189943336,1.07229466483217,1.15235837371382,1.17582131332904,1.19936705605703,1.12163833174906,1.08039643550971,,,,
A grand majority of the larger clusters were significantly enriched for genes that shared one or several GO-terms  indicating that co-expressed genes are functionally coupled.,25,0.995952003102812,1.1233768120607,1.24504068291909,1.13585833860084,1.07388286354875,1.0913476422433,1.18466014125629,1.1354247936998,1.07108790282298,,,,
Moreover  interactions were significantly more common between proteins that are encoded by clustered pairs compared to randomly chosen pairs.,19,1.05055381211101,1.16696657388997,1.25862130106134,1.20139096820086,1.16469317368839,1.18701800775562,1.20236370754785,1.15485376855879,1.13797442229575,,,,
21 clusters  finally  were significantly enriched for genes that shared potential cis-regulatory elements,13,1.0287932387333,1.14863469085726,1.23965148594369,1.1455100165034,1.0471512838172,1.10482259824875,1.17990281924299,1.15467225007203,1.11118035771497,,,,
The predicted over represented motifs  Table 2  fell into three principal categories:  i  predictions in agreement with described gene batteries   ii  predictions supported by a limited number of observations  where the analysis predicted gene battery-like regulation  and  iii  novel predictions of hypothetical gene batteries.,44,1.02203574947378,1.03400995973028,1.14236152953184,0.995971425642417,0.986567526375283,1.10319457791907,1.08310054285837,1.10030616425258,1.00869328254492,,,,
The findings are summarized with respect to these categories in Table 3,12,1.18933355425082,1.12573820776373,1.05933035805333,1.17953309731345,1.16386440078201,1.04482389387021,1.14926107870065,1.2335202040653,1.19357334844849,,,,
For type  i  predictions the method is useful for proposing new target genes.,13,1.12964996974911,1.21114286608358,1.22557439381909,1.12119402684798,1.09228072694914,1.07277870318416,1.20356330173493,1.19508322872291,1.14003747396024,,,,
As an example  the smooth muscle cluster contains 4 validated serum response factor  SRF  targets  Acta2  Actg2  Myl11  Tagln .,19,1.13504594562942,1.10385795862407,1.20421180164522,1.12822425927756,1.08355400208844,1.15662515192883,1.14656086684557,1.13953938252588,1.16513479264637,,,,
The method identifies two more genes in this cluster  Myl9 and Lpp as potential SRF targets in smooth muscle Figure-2 .,20,1.08244639488885,1.02420433435432,1.26083183184407,1.15406212424508,1.04946122477598,1.12431596381858,1.18607609839076,1.15342769029531,1.12883347124024,,,,
The findings in two clusters that are relevant for lymphocytes  cluster 4 in the web supplement  and B-lymphocytes  cluster 16 Figure-3  are further examples of type  i  predictions.,28,1.08511500449415,1.09260565376518,1.12593172211693,1.15928244905931,1.14419841382311,1.11694082300375,1.14490169811337,1.17635113996993,1.10934714284383,,,,
Cluster 4 contains genes that are expressed by various lymphocyte populations.,11,1.07683187101101,1.11644369809052,1.11460955796623,1.12936814790225,1.0707358807374,0.99187918411231,1.16061801864295,1.1505097370791,1.13759212879311,,,,
Significantly enriched motifs were Irf1/Irf2  NF-kappaB  and ISRE.,8,1.19673239284031,1.20064368266841,1.27976879103899,1.20539656271092,1.1328676013009,1.21225152178784,1.08738500288205,1.1567844804786,1.16928666180113,,,,
Irf1 and Ir2 appear to bind the same sites.,9,1.2213406666661,1.26233426181354,1.31906014015547,1.2416580733682,1.18477274899957,1.25911807491903,1.24104630005873,1.12555955721012,1.23418068541636,,,,
Irf1 knockout mice are impaired in their myelopoiesis.,8,1.27409859293816,1.27388795738789,1.26042018771445,1.2633073306534,1.23568164710898,1.30030126758895,1.28819732531743,1.25834644170351,1.28155771804259,,,,
NFkappaB is a wellknown regulator of inflammation and immune functions.,10,1.27007369168734,1.2881115713105,1.29130523061559,1.25624488298792,1.17835286071872,1.30002480198269,1.25360466595915,1.28369101324541,1.29988982238103,,,,
Cluster 16 contains genes that are specifically expressed in B-lymphocytes.,10,1.06834469732558,1.13961465477572,1.18195175610236,1.14835260253004,1.08505393132978,1.05374281107819,1.19333423623979,1.13232658035448,1.13916478814067,,,,
SpiB was identified as the most over-represented PFM followed by AREB6 and Oct-1.,13,1.20415559011354,1.19932733213319,1.2502899685707,1.21740049597701,1.17524494638287,1.22343251329529,1.24846984517263,1.1974949707758,1.21367451424352,,,,
Knockout of SpiB caused specific defects in B-cell terminally differentiated functions.,11,1.22416223309532,1.23386824725267,1.25200251602516,1.18476314860081,1.14617016677369,1.27256849977778,1.24231321851319,1.21138472150769,1.24474196496726,,,,
AREB6 is a hematopoietic transcriptional repressor.,6,1.27149806472875,1.29510700399,1.283100110015,1.24336198189492,1.19390184219526,1.28195594418962,1.250516905889,1.212177155976,1.30022939635506,,,,
Whereas Oct-1 seems to be dispensable for B-cell development  it regulates B lymphocyte genes in combination with specific co-activators.,19,1.13524473441875,1.19804559644236,1.23297971368404,1.15867718831756,1.0579854256078,1.16871805130205,1.18425841443274,1.13326658580232,1.14404543170619,,,,
In type  ii  cases  a regulator with some degree of documentation is statistically supported to play a role in gene battery-like regulation.,22,1.11342697650448,1.19797846241932,1.2235317784421,1.11827669559052,1.10298205945659,1.17696565334057,1.17763452556699,1.17528092127094,1.16440384857415,,,,
As an example  RFX family proteins have been shown to regulate a limited number of genes in spermatogenesis  and SOX17 has been shown to be expressed in the testis.,29,1.11089624368892,1.13742615880723,1.22605765219256,0.999541292592344,1.00731476885336,1.12446589370207,1.17532351160609,1.13150995117724,1.10967672380218,,,,
Here  we demonstrate that motifs corresponding to these factors are present in 8-11% of testis-selective genes Figure-4 .,17,1.10906269330759,1.1668999089935,1.26036076287925,0.998926658409597,0.951951439338282,1.07393183562791,1.13147095034709,1.11007042008854,1.08765652851346,,,,
29% of kidneyspecific genes were covered by HNF-1 and HNF-4 sites  suggesting that these genes may be general regulators in the kidney.,22,1.13281788724638,1.1802274862251,1.26147171624004,1.11019633318677,1.0393933867944,1.11152327585475,1.19011980335758,1.11128756544583,1.16090315170793,,,,
Finally  type  iii  cases represent novel predictions which can be viewed as testable hypotheses of regulatory mechanisms.,17,1.15805872613674,1.20927738944551,1.22322375805639,1.16336727065933,1.13073840194887,1.20491973350508,1.16820369328826,1.20069179780045,1.13291553460017,,,,
A complete list of PFMs in the different categories with references to the literature is presented inTable 3.,18,1.16997895774764,1.14310067959092,1.08443832972181,1.17090156545205,1.18079591400596,1.06859082631177,1.15902532589951,1.23306489857739,1.17753568207641,,,,
Examples include a potential functional role for an Ikaroslike motif in retina-selective genes  cluster 44 in the web supplementary   and a Pax family factor acting on extracellular matrix genes with strong expression in arteries  cluster 8 in the web supplementary .,40,1.01382816083072,1.0385378728124,1.19890211445459,1.02254149053866,0.950821549198644,1.09122776422395,1.13346400614121,1.12717767643862,1.09213068323465,,,,
Interestingly  a combination of Ets family factor motifs  Nuclear respiratory factor motifs  and E2F motifs was detected in several clusters of a housekeeping character.,24,1.14125680782517,1.14163532761356,1.26985350277512,1.12925542367368,0.993442804220544,1.20177213090402,1.13917008614295,1.10505647081713,1.09723722908139,,,,
The gene battery concept predicts that upstream transcription factors coordinate the expression of target genes through binding to similar cis-regulatory elements in the target genes.,25,1.05804730180742,1.11677056364428,1.17744394976897,0.949885852051414,0.98689316589644,1.10380421987169,1.16862560478724,1.05999346723538,1.12203057319663,,,,
In a recent report  Alloco and co-workersstudied the relationship between co-expression in yeast  as determined by correlation in a set of 610 arrays  and the probability of sharing a transcription factor  as determined by experiments .,35,1.03749691833176,1.17952602638885,1.25725408597286,1.18256516959559,1.17326201035836,1.220762391997,1.22198886389165,1.16497981247877,1.12054868553716,,,,
In their experiments  an expression profile correlation of 0.85 implied a probability of transcription factor sharing of >0.5.,20,1.01574577172949,1.15742567538374,1.1830232628714,1.10565546644805,1.13720575352246,1.14786847316963,1.14808457678479,1.15940452564714,1.14006388969759,,,,
The incomplete coverage in our analysis may similarly indicate that other mechanisms than co-regulation contribute to the coordinated expression.,19,1.15073376099561,1.1821433643387,1.23058210922476,1.11099450861579,1.13211452656794,1.21146201173453,1.1781773674182,1.18179550159321,1.15475903564419,,,,
Importantly  it is technically difficult to accurately quantify the fraction of genes in a cluster that respond to a factor.,20,1.0842917493766,1.18429297643027,1.27972183795159,1.19771606632904,1.12701314096333,1.15629705295197,1.2303937591283,1.20870792517205,1.13885545214925,,,,
The presence of false positive gene cluster members reduces the coverage.,11,1.05873556726968,1.09470053239615,1.24452066648066,1.14668743602346,1.15828797789294,1.1915933803609,1.23549449290067,1.16458177099855,1.07512434536279,,,,
Uncertainty in the motif assignment to ortholog pairs may also reduce the coverage.,13,1.10619522071584,1.174569236185,1.2794389401956,1.18440922284254,1.16376909715617,1.22663504291216,1.18055468980889,1.15057496421637,1.10724521677392,,,,
In one case study  we could use data from an independent experimental screen to confirm that the liver-selective cluster had a limited coverage of HNF-1 responders  results .,27,1.12896404236581,1.15484865970928,1.22722807384421,1.20019268835722,1.20043412514968,1.22573260052294,1.21477636842775,1.22118928218216,1.07383763491967,,,,
Further experiments are required to resolve to what extent the lack of coverage reflects alternative regulatory mechanisms or technical limitations.,20,1.20956199516248,1.23523928817701,1.27139785271834,1.18838004680573,1.20512848625328,1.26638228294735,1.20583220305368,1.21195510686281,1.18055030383877,,,,
The tissues in the dataset represent samples of limited morphological resolution at a fixed time point.,16,1.15864295624006,1.142426438305,1.24295942478758,1.20472765968633,1.25526625009392,1.25229121115694,1.23923591671939,1.19235397764853,1.14925282307182,,,,
As a consequence  co-expressed gene groups that are active under specific developmental phases  under specific environmental stresses  or in small and localized anatomical structures are likely to escape detection.,29,1.1252002116376,1.16769654754279,1.24720563200313,1.12248887896005,1.15502474548601,1.22284488355626,1.22615774091517,1.15427147150454,1.14931110055443,,,,
Moreover  coexpressed gene groups with a peak in one tissue only are unresolved for single cell types.,17,1.09880941763922,1.15493340356844,1.23462938668794,1.14537575130716,1.18511510008961,1.2105832345204,1.24138426153793,1.15308492205431,1.15306793511016,,,,
Low coverage of motifs in such clusters may reflect contaminating genes that derive from another cell type.,17,1.07102621916436,1.1295249968456,1.22558655640614,1.12749226126979,1.05186256649288,1.13420806024176,1.12648262377267,1.12557050953934,1.04750348264484,,,,
The Affymetrix technology that were used to generate the expression measurements has been validated and match results obtained with tag sampling for sufficiently abundant genes.,25,1.10621383754827,1.18122067424187,1.24243358498823,1.1364758032088,1.14613841183496,1.17187593841043,1.21319822607564,1.15931541128379,1.08435504239527,,,,
Low intensity signals did not correlate well  indicating that such genes are less likely to form clusters  data not shown .,20,1.06279064480086,1.14584881738279,1.23412711114803,1.1656662949336,1.09800416249818,1.13010198065947,1.15643216136844,1.14942853952394,1.08113925796872,,,,
Cross hybridization between related genes may  in theory  contribute to correlating expression levels.,13,1.10824458576026,1.16852391676422,1.26688894220406,1.13075967908582,1.10036476467787,1.156792922938,1.22000280558754,1.18148454055315,1.15143052553179,,,,
We can exclude that clusters primarily form as a result of cross-hybridization  since  1  members of well-characterized gene families appear in different  the expected  clusters  eg smooth muscle and cardiac actins  and since  2  co-expressed genes tended to share GO terms or to encode interacting proteins to a higher degree than they tended to be paralogs  supplementary data  additional file 1 .,61,0.963691067414842,0.994286366620193,1.17316032452527,1.08824991217422,1.05466863050606,1.0832089484068,1.12095235981253,1.09802638927875,1.03663137712791,,,,
We cannot however exclude subtle effects related to cross-hybridization  since results with cDNA microarrays indicate this possibility.,17,1.19013616522479,1.22936126227205,1.28552185032056,1.21162832300978,1.18773605177768,1.2653992881387,1.22659162623461,1.21399202377317,1.1312249313879,,,,
Transcription factors in the same family often have similar DNA binding properties and bind to the same sites on target genes.,21,1.12093717524351,1.1822572380686,1.27532193197071,1.12758172188551,0.95558122745538,1.14264137993043,1.20075421331297,1.04145406260563,1.1415603821593,,,,
This leads to an ambiguity in the interpretation of PFM annotations.,11,1.20953526466815,1.25255103762425,1.27558349273467,1.2383542883654,1.20343095230942,1.23957606112665,1.22545855671399,1.24927128716279,1.20881910117322,,,,
The MEF2 motif  is for example a receptor for the mammalian MEF2A  MEF2B  MEFC and MEFD transcription factors.,18,1.22800609223824,1.21913591646646,1.27172018107939,1.09080870018025,1.06987992229433,1.22450409175158,1.18751493019681,1.12183670378201,1.20955896815715,,,,
Similarly  the E2F motif is a receptor for a family of 9 E2F family proteins that form heterodimers with another family of proteins  the DP proteins  in a way that affects the binding affinity.,34,1.12953557594898,1.17757795342775,1.26637229364465,1.14412818051931,1.05175428076962,1.18641225543081,1.15134147965791,1.08178185864597,1.15270459171114,,,,
Different E2F proteins act at different stages in the cell cycle  and this is not captured by our method.,19,1.17770436158526,1.19625000006589,1.23918551445544,1.21322234708248,1.19166762146495,1.2210990596067,1.20042390754748,1.17941330972601,1.18980822389834,,,,
One additional data limitation is that a fraction of Ensembl transcripts may lack sequence in their 5' ends.,18,1.11445334512597,1.17471239715955,1.24717161135406,1.16561534159095,1.14997420471434,1.18143689252114,1.20626752783806,1.1411380204983,1.11011271098336,,,,
The accuracy of our transcription starts is therefore dependent on the quality of the Ensembl transcript database.,17,1.14265335706851,1.20115630253295,1.23602162309342,1.16781394344159,1.16114421153451,1.19024212837905,1.19763032083023,1.17681420738473,1.16495443804758,,,,
Our approach is technically related to the Toucan and ConFac tools.,11,1.26338411018571,1.2778668819204,1.29155304256024,1.25101351353018,1.24742693923407,1.27200700409771,1.25558329424073,1.29597935257014,1.24962173705006,,,,
Important differences and extensions are the introduction of a composite scoring system  a procedure to optimize PFM thresholds  and the use of simulation at the level of the whole clustering to measure significances.,33,1.16156094405914,1.17435951803737,1.25277254371588,1.18701740273952,1.22748702866036,1.25259201799018,1.21702511219128,1.2259684223362,1.1144153092347,,,,
The performance of the method was not affected by the removal of paralogous genes from the clusters  Figure-9   and clustering of such genes is clearly not a significant source of false positive motif prediction.,34,1.02433250994578,1.14104463691431,1.23277334632427,1.14508126066794,1.06387639780665,1.09305727917382,1.16716430950129,1.13328775164253,0.981799216914827,,,,
Consequently  we decided to include the paralogs in the final analysis since we believe that co-expression of such genes may be a result of shared cis-regulatory elements.,27,1.05752556627019,1.17567870123838,1.2485331935976,1.13763471719691,1.08421722495368,1.13977822172101,1.18621315086534,1.14831916867464,1.09649081826037,,,,
We further evaluated the effects of using different DNA amounts in the analysis.,13,1.19286570745624,1.23243746288985,1.28348630574,1.24522206013534,1.22823393023854,1.26092277740256,1.25498119219833,1.21409151536276,1.13780489346762,,,,
In principal  it is motivated to include a substantial amount of DNA sequence per gene  since mammalian enhancers are frequently located far upstream in relation to the transcription start  or downstream in intronic DNA.,34,1.11928624056327,1.17867463128231,1.26034208900775,1.13887484530179,1.12161157624917,1.19262254401138,1.17317006450596,1.09947097473782,1.09622449794607,,,,
However  the benefits of including as much sequence as possible must be balanced against the risk of introducing vast amounts of noninformative sequence into the analysis.,26,1.16697902951694,1.21595124117535,1.28153777359819,1.19973760697781,1.21195804627516,1.25051792057329,1.21728286898612,1.20352850757131,1.14686619164589,,,,
The evaluation clearly favoured using limited amounts of DNA  and high stringency phylogenetic footprinting  Figure-9 .,15,1.19260671791201,1.21394836083351,1.25567261397406,1.22846246332568,1.23205073301641,1.23018852289652,1.23676927935669,1.19190596567824,1.09259645647484,,,,
The optimal future alternative may be to assemble a small amount of DNA from a large area of the genome using algorithms that sort out regulatory DNA regions more efficient than phylogenetic footprinting.,33,1.14320520745477,1.17312302160108,1.25215391864119,1.17317884131074,1.15365501513658,1.20460080000195,1.18934635864824,1.16192728841817,1.0692861502082,,,,
The approach presented here needs to be extended to generate more complete models of gene battery regulation.Modelling of cis-regulatory element combinations and the relative position and spacing of elements are examples of such extensions.,35,1.08930606346761,1.11557076212119,1.16804536440226,1.03766702256886,1.08794011017146,1.18325380568552,1.15540692789769,1.09741064062063,1.10925292673955,,,,
The use of PCC as a measure of coexpression may need to be reconsidered if extending the approach to very large datasets  since this measure may be sensitive to noninformative signals in a majority of samples.,36,1.13554456306867,1.17585567155853,1.24810867535465,1.17637335374159,1.21543886424295,1.2481319262616,1.21538854901683,1.22010290214485,1.13627453027297,,,,
Further  the expression levels of potential trans-regulators and co-factors  based on protein interaction networks  can be introduced.,17,1.09056628310716,1.17500914271907,1.24331044297783,1.10836357897393,1.12783799025733,1.19785470646577,1.19990889607813,1.12270322472335,1.16304602297653,,,,
Most likely  the method will benefit from a more accurate identification of regulatory regions  Crawford-04,15,1.1753319518547,1.2329228184187,1.2778226395228,1.21118318888651,1.17929947300157,1.24173839192809,1.21930972460657,1.20324814740511,1.16913771646621,,,,
We screened the mouse and human genomes and transcriptomes for instances of gene battery-like regulation.,15,1.12496522499089,1.14385285158012,1.24171969039848,1.12534661413651,1.11430331833468,1.18717461176423,1.20970714960788,1.14597204672859,1.17878623446463,,,,
Comparative clustering was highly predictive of gene function and protein interaction  which indicates that potential gene batteries could be identified this way.,22,1.01390391583871,1.170543268021,1.21288076848265,1.04727422189866,1.11768557434213,1.17140049758269,1.12565108543003,1.08463119378411,1.1250300717663,,,,
Based on a statistical composite score for motifs in ortholog pairs  and a simulation approach to determine significance levels  we found 21 instances of statistically supported gene battery-like regulation that were conserved between mouse and human.,36,1.02881311561004,1.08224356754368,1.23795973123632,1.05771750233156,1.06036318706022,1.1982482137313,1.13894971401146,1.10365071417319,1.03850308973749,,,,
These included known cases of gene battery regulation in tissues such as muscle  lymphocytes  erythrocytes  and liver.,17,1.17605206484025,1.12216729810803,1.13478912338368,1.08607313315353,1.15124510975505,1.2362285912496,1.24635609921444,1.18900397367625,1.22233650636769,,,,
A second category of predictions included regulators with some degree of documentation  e.g. in testis  kidney  and endoplasmatic reticulum.,20,1.16534333060032,1.15524340092298,1.23181295227859,1.10657386579031,1.07935479795621,1.20350016833964,1.1907750383294,1.19187942236097,1.1782273491652,,,,
Finally  new candidate gene batteries with statistically enriched cis-regulatory motifs were listed.,12,1.13101434047364,1.14126351781657,1.19885398145887,1.00543053877698,1.08225881086903,1.1726419849317,1.12956244168202,1.1234982378831,1.12443373336136,,,,
"The results of this investigation emphasizes the need to study differentiation in terms of larger transcriptional units, and extends the methodology for doing this.",24,1.18473517315928,1.14963619216673,1.14880440605163,1.19541675972319,1.22410772819147,1.25613849719489,1.21171289766633,1.20680676673041,1.16214869727442,,,,
Target sequences for the Novartis Gene Atlas V2 mouse and human expression datasets were matched against the Ensembl collection of mouse and human transcripts using BLAST.,26,1.09316164798817,1.10368764119319,1.24529003095123,1.07117482549856,1.14473414078407,1.17783280326579,1.2033929905427,1.11208131799045,1.13997687540346,,,,
"In cases where the E-value exceeded 10-20 , the BLAST search was re-done against Ensembl gene sequences. ",16,1.12036161985781,1.18906134471102,1.26184848575631,1.16135562042774,1.1787042792844,1.17434153782752,1.2047704656863,1.17884272998589,1.17180782196408,,,,
"If there was no match below 10-20 , the probe set was excluded from further analysis. ",15,1.14775492599266,1.20507443912705,1.24884899265068,1.23883244350567,1.24371772992515,1.20677944511103,1.23940929441204,1.20160643511165,1.16740990889485,,,,
The resulting datasets covered 17552 mouse and 16929 human unique Ensembl genes. ,12,1.12268425563699,1.13202327081577,1.2480407682229,1.16720231052026,1.10158620941649,1.09815196369048,1.21964892884446,1.16016323425027,1.16970494019392,,,,
Mouse/human orthologous gene pairs were formed using Ensembl homology maps. ,10,1.08175719785086,1.16979773274937,1.23435410319428,1.15310250656817,1.14617565524602,1.1419893027079,1.20470076670117,1.12473959020508,1.13855630183657,,,,
"Redundant occurrences of the same gene in more than one ortholog pair were avoided according to the following procedure: the Ensembl human orthologs for each Ensembl mouse gene were identified. When more than one ortholog was assigned to a mouse gene, the one with the lowest positional disagreement d was chosen. ",51,1.03109392858097,1.08848973223662,1.25127916002047,1.12082722132857,1.14789157978759,1.17195003448417,1.2078367380628,1.10575087624914,1.10884955425296,,,,
The procedure was repeated for all Ensembl human genes. ,9,1.13004216351382,1.1714220592141,1.26828906368657,1.19803683476884,1.13079236590972,1.12289051864002,1.24423536297098,1.18652033857428,1.18567828875032,,,,
"Reciprocally matching ortholog pairs were identified, and others were excluded from further analysis. ",13,1.11502292171522,1.18760814711183,1.25101011895752,1.20558699355057,1.18583841247281,1.19855420017231,1.2043016327166,1.18911697835671,1.15771369372508,,,,
"The mouse and human expression profiles of each ortholog pair were normalized with respect to mean and standard deviation and combined into a single larger profile, finally yielding an expression dataset with 13282 non-redundant ortholog pairs.",36,1.03203842049138,1.05124907007199,1.23990939602024,1.11940130662171,1.15926429874541,1.21106998986423,1.20700585618732,1.11078240233115,1.10496732950207,,,,
"For each ortholog pair, mouse and human candidate regulatory sequence was extracted from Ensembl. ",14,1.13142191102231,1.14118800085705,1.26415029186535,1.17173452254786,1.15092780839545,1.21876967807591,1.22442318808417,1.1168263341794,1.17382843606458,,,,
"The sequence extraction algorithm starts with an ortholog pair, localizes the 5' end of the transcript in the genome in each species, and computes a value that measures the positional disagreement between the transcript 5' ends in the two species. ",40,1.08992411460951,1.09996247195421,1.26822609782314,1.16895305192111,1.16004354775091,1.20170439831203,1.2024041373955,1.11989840021193,1.12132122167574,,,,
"If the disagreement is too large, the ortholog pair is excluded from the analysis.",14,1.14075000550062,1.20082541582051,1.26756853493422,1.22915619969751,1.22723093594487,1.20651718000814,1.24270625506701,1.20776470964494,1.16767215685953,,,,
"Of the 12239 ortholog pairs in the expression dataset, 9561 satisfied this criterion. ",13,1.10550110766792,1.15205547678386,1.24345091382891,1.17154374862542,1.18798102880984,1.20229835390821,1.21556569457574,1.19532151336163,1.18222675141303,,,,
A full description of the sequence extraction procedure is available in the online supplement.,14,1.2190978502936,1.22364151500132,1.23786135092244,1.2029572807901,1.23162370250912,1.20825990919392,1.1802310977719,1.19556791646133,1.19719687587352,,,,
"Three different lengths of DNA were extracted: 2 kb, 6 kb and 15 kb. ",14,1.16515743218436,1.16891110962239,1.1567596290277,1.19725950523559,1.18397556872892,1.10117562049214,1.18541949272291,1.16443040555171,1.17680203747863,,,,
"The 2 kb dataset contained nucleotide positions ranging from -2000 to -1 relative to the transcription start, the 6 kb dataset contained positions -4000 to +2000 and the 15 k dataset contained positions -10000 to +5000.",36,1.09515958346457,1.16372732451658,1.17746484424541,1.14792436837938,1.13656556426958,1.11108566974407,1.13543186140304,1.10619747327151,1.15769102310821,,,,
"The sequence datasets were subjected to phylogenetic footprinting, i.e. removal of poorly conserved sequence.",15,1.16514369353752,1.18923364259708,1.25461829136742,1.22074801314471,1.20088016553355,1.20206931364059,1.2098927357486,1.16567136352006,1.11855788092507,,,,
The mouse and human sequences of each ortholog pair were aligned by use of the LAGAN software. ,17,1.14699014286933,1.13682472964268,1.25318250567352,1.17518153900789,1.1838723903953,1.20073469735247,1.21921540555966,1.14595919221532,1.15865794994897,,,,
Similarity was defined as the number of identical nucleotides in a 20 bp window. Nucleotides in windows with similarity below the threshold were removed. ,24,1.08727444258369,1.17267423995264,1.25066343012738,1.21682994378935,1.21395911560957,1.19578226694494,1.19655442009961,1.1620721025709,1.10161119222399,,,,
"In all, five different similarity threshold were applied: >0% , >60%, >70%, >80% and >90% identity.",15,1.1329505545536,1.16937191713146,1.27547677983602,1.23892408437853,1.25069411532349,1.24908239334253,1.23781097265329,1.21263818260502,1.15146755294504,,,,
Each candidate regulatory sequence was aligned to the corresponding transcripts. Nucleotides aligning with one or more transcripts were removed.,19,1.09041172324411,1.15646215781237,1.23954156497997,1.14577853225147,1.1190478003058,1.15383943066714,1.18748522528667,1.12073684814659,1.13465393930803,,,,
"The set of 9561 orthologs pairs, for which both regulatory sequence and expression data could be assembled, were clustered with respect to expression pattern using hierarchical clustering with average group linkage and Pearson's correlation coefficient as distance measure. ",38,0.992166777209155,1.07302000166188,1.20190315006634,1.11877172465805,1.14244051966584,1.16288287619655,1.16367129051286,1.14184818995019,1.05316840188987,,,,
"In the average group linkage algorithm, cluster distances are defined as the distances between cluster means. ",16,1.0853857618991,1.1169667101076,1.25097815194536,1.23195863552493,1.23022195350306,1.21052326848075,1.22584501916622,1.22276846774839,1.11934940126912,,,,
We defined the cluster mean as the arithmetic mean of all cluster members. Correlation thresholds between 0.61 and 0.99 were applied in steps of 0.01.,28,1.04523625995875,1.08884424131246,1.2358482651987,1.21917696834698,1.19369614453441,1.19560254040254,1.21135260878199,1.237694466851,1.12777533093347,,,,
Motifs represented as position frequency matrices (PFMs) were downloaded from the TRANSFAC and JASPAR databases. Non-vertebrate matrices were filtered out. ,20,1.14043197892063,1.13418189868224,1.23908417386246,1.15821258572108,1.14806682332571,1.17888674922679,1.1290031498533,1.11051694887099,1.11629857795583,,,,
"Highly similar matrices were grouped and merged using single linkage hierarchical clustering, reducing the number of PFMs from 322 to 266. ",21,1.1187522986193,1.18272246957216,1.21962603147307,1.21419801987285,1.22105805916848,1.20982653348668,1.20727900941637,1.21801984152898,1.09951419091556,,,,
Distances between matrices were calculated using a probabilistic method.,9,1.17860158615379,1.22803511237577,1.27165374007242,1.25762523387779,1.2838386392434,1.26481702912352,1.24685159747735,1.25318313151304,1.15923746086815,,,,
"Individual positions between matrices were compared using the chi square test, and p-values for all overlapping positions were combined using the geometric mean.",23,1.12767156962177,1.16286458438611,1.23487900825171,1.2086563253574,1.22588448010531,1.2189819919782,1.22209559496144,1.17388203953308,1.10039082136814,,,,
Sense and antisense of motifs were compared for all possible frameshifts with at least 75% overlap. ,16,1.12886651414935,1.18706015107371,1.29846110407984,1.17841410260373,1.15707471124236,1.23369585621284,1.17430615547101,1.14975651390457,1.11786971836483,,,,
"Clustered motifs (score > 0.5) were added together in overlapping positions, and flanking positions were discarded. ",17,1.09745370672559,1.14100959521259,1.19178043927386,1.14820056756788,1.13447268014571,1.13127347221856,1.11152687352029,1.10158700350495,1.10306873049318,,,,
PFMs were transformed into position weight matrices (PWM:s) to make them compatible with the MAST software (see below). ,19,1.19803905583311,1.20841352477008,1.20699988760554,1.21412982200857,1.20437858194489,1.2152607016558,1.18381334608328,1.14875943770689,1.20427197848043,,,,
The value of each matrix element was calculated according to the following formula:,13,1.1719181002242,1.21721221586423,1.27241803404943,1.25491970970794,1.2542484727524,1.23365765862917,1.21905979292568,1.21624300681402,1.16490127261552,,,,
"where n is the raw count from the corresponding position in the PFM, N is the the number of observations (sum of each position/column in the PFM), and are pseudocounts and p(b) is the background frequency of the corresponding nucleotide.",41,1.1112905497307,1.14978477910343,1.24343003962139,1.21217116929382,1.20740977365379,1.19537014457525,1.20478560672437,1.13975321331927,1.0599403611134,,,,
"For each ortholog pair, both mouse and human regulatory sequences were scored for all motif PWM's using the MAST software. ",20,1.13991734719631,1.12976529662159,1.238653169232,1.16912542172736,1.14635967235684,1.20361467283525,1.19818420097326,1.10973182618951,1.14618957305585,,,,
"MAST was set to compute wholesequence p-values, using a first order Markov chain background. ",14,1.16805589899023,1.18359507058168,1.24797959016126,1.25095394778694,1.25370583920499,1.22797627573888,1.23782301304416,1.22735036718633,1.14998734559725,,,,
The Markov chain background data where computed from unmasked genomic sequence -4000 upstream to +2000 downstream in all ortholog pairs.,20,1.11044496008154,1.1834705794787,1.26960124700715,1.19485468515807,1.16421926756414,1.18858461419993,1.17282730951411,1.14832736715601,1.13713568398609,,,,
The p-values reported by MAST for the mouse and human sequences of an ortholog pair were multiplied for each PWM. ,20,1.11965574364001,1.11573411328077,1.24748125942391,1.18970363916206,1.17148094662852,1.19388338918352,1.20120343726514,1.1387701455636,1.14309210723888,,,,
"The result was treated as a composite score that reflects the overall ""signal"" for a certain binding site in the regulatory sequences of an ortholog pair. ",26,1.10167534845408,1.15725118353636,1.25260236033361,1.16772817690109,1.15122121402001,1.20476228562039,1.17374681032251,1.04537821806441,1.12493524679923,,,,
"The composite score is a product of two p-values but should not be interpreted as a p-value, since the mouse and human sequences are highly dependent.",26,1.13225529328747,1.08617708420609,1.2250518026875,1.16790752840616,1.19228663856295,1.22288821601387,1.19844112243659,1.16076309198239,1.13937543517996,,,,
Clusters were evaluated for over-representation of GO terms using Fisher's exact test. ,12,1.11031040403363,1.1667093790876,1.22779109071872,1.23929207604811,1.24528104691084,1.22667729683541,1.23254687356928,1.24170054903335,1.14490432085806,,,,
"Due to the large number of tests (the number of clusters times the number of GO terms), the resulting p-values were corrected using the Bonferroni method.",26,1.07380748838325,1.13652844365225,1.23282962417163,1.21656842500958,1.23512343410695,1.22606597472093,1.22603758965474,1.2318566864977,1.071582344867,,,,
The test was applied to the 9561 ortholog pairs with both sequence and expression data. ,15,1.10462097149396,1.15052149072822,1.2073675335218,1.13956255187297,1.19049635878331,1.18188887849227,1.1980148344282,1.15864828894962,1.12230456056065,,,,
These constituted the population. ,4,1.26273439783661,1.26536906452482,1.28071819718711,1.30377518126582,1.32236592768181,1.29223747457407,1.30343386744747,1.31311419209275,1.27456986081181,,,,
"For each PWM, genes with MAST composite scores below a threshold were defined as labeled and the others as unlabeled. ",20,1.10822556731706,1.17184250391909,1.23583200874949,1.19815979039012,1.1401033103959,1.11792597905957,1.21563028651938,1.15463945660595,1.15941395414801,,,,
"Further, each cluster was considered as a sample from the population. ",11,1.13492388510219,1.16969256876422,1.25693763636044,1.23830902304239,1.25277755837649,1.23716428321213,1.25881536750654,1.2386466803728,1.15986313053313,,,,
The algorithm is briefly sketched here and is available in detail in the online supplement:,15,1.27319129478726,1.25477594723529,1.23907323599893,1.2450585786952,1.28582641205621,1.2424879705112,1.22767070715945,1.2713009450377,1.25289433042303,,,,
"First, ortholog pairs were permuted across the dataset, making each cluster a random selection of genes. ",16,1.01004865250613,1.07896722674813,1.23473904961252,1.17042703304975,1.11406721714961,1.11004994722368,1.20516026201852,1.16184870699884,1.08287976245492,,,,
"Second, an optimal composite score threshold was found for each PWM. ",11,1.15775500689067,1.20712387888685,1.25644608420128,1.24036917292888,1.23508483260191,1.23434629986567,1.22591383609548,1.22365089478541,1.1633194224151,,,,
This was done by computing the Fischer test pvalue for over-representation of labeled ortholog pairs for all clusters k at a range of detection thresholds ranging from 10-8 to 10-3 in stepwise increases by a factor of 10^0.5 . ,39,1.06293721358991,1.13143537931661,1.22086470350527,1.15844664466833,1.16978251937774,1.19376539043696,1.19007608134932,1.18160233206948,1.09292332449443,,,,
The threshold chosen for each PWM was the one that gave the best p-value for that PWM in any cluster. ,20,1.07816796285199,1.14151413183248,1.24713462042745,1.23511369891401,1.20819875156814,1.18276431308875,1.20905012572716,1.2024054259335,1.12936594168835,,,,
P-values for over-representation of all motifs in all clusters were finally calculated using the optimized thresholds. ,16,1.08891339801269,1.13765816098166,1.23684041796785,1.17458204337031,1.1721866933406,1.19580820544907,1.14347019768902,1.17815295676197,1.04845247937483,,,,
We refer to this statistic as the p-score. ,8,1.20341950908059,1.26696389170015,1.29115665659226,1.27975146102442,1.28475586657839,1.2442605472184,1.27095855162949,1.29674755369032,1.21571469827865,,,,
"This whole procedure was repeated for 100 iterations, which resulted in empirical estimates of how many over-represented motifs we could expect below a certain p-score under the null hypothesis.",29,1.11022306105037,1.13666047999031,1.24011664015753,1.14862986326472,1.15882280290044,1.21864543930874,1.14633606777627,1.17291300528721,1.02351862418081,,,,
This step was identical to step 1 but without permutations and repetitions.,12,1.17695088487261,1.2153651641961,1.14563131389781,1.21129039708251,1.22464931746799,1.14439500143063,1.18041390437638,1.22723620305498,1.18166481493463,,,,
"After the simulation, we defined the false discovery rate (FDR) at p-score p as the expected number of over-represented motifs in the null simulation, divided by the corresponding value in the observed data.",33,1.0573474644014,1.10534407048504,1.24087583582555,1.14699199356795,1.14728573452835,1.1896730690683,1.15103831314084,1.17245942876886,0.840748551814556,,,,
"40-EI and 230-238 cells were grown in RPMI medium supplemented with 10% FCS, 10 mM HEPES, 2 mM pyruvate, 50 µM 2-mercaptoethanol and 50 µg gentamicin per ml (complete RPMI media). ",31,1.23448591895661,1.25572954173298,1.23354835956333,1.25571675509065,1.25879713894993,1.22770937486555,1.24339443856298,1.24075705743375,1.25367939930508,,,,
"STAT activation in 230-238 cells was achieved by 5 hours of incubation with 0.5 ng/ ml recombinant mouse interferon gamma (Immunokontact, Germany). ",23,1.19688941163651,1.2054895050795,1.19764584108748,1.22861612790883,1.24458507841445,1.2102321870723,1.21171656377883,1.1799308231554,1.24748540306045,,,,
Nuclear extracts were prepared according to Schreiber et al. ,9,1.30142476386016,1.31385320637989,1.33348598017025,1.32721775179729,1.3050634600609,1.29103929131315,1.31188048005788,1.22808293267224,1.30243932813147,,,,
"DNA probes were labelled with γ[ 32 P] ATP  by incubation with T4 polynucleotide kinase (Roche Diagnostics, Mannheim, Germany), and purified on a mini Quick Spin Oligo Column (Roche Diagnostics, Sweden). ",31,1.22822436165341,1.25891873596142,1.30056039069524,1.26084477442721,1.24863487446541,1.24879675131432,1.26765329460948,1.19710328061745,1.22757650401343,,,,
"Nuclear extracts were incubated with labelled probe (20,000 cpm, 3 fmol) for 30 min at room temperature in binding buffer (10 mM HEPES [pH 7.9], 70 mM KCl, 1 mM dithiothreitol, 1 mM EDTA, 2.5 mM MgCl2, 4% Glycerol) with 0.75 µg Poly(dI/dC) (Amersham Pharmacia Biotech, UK). ",52,1.16672273622701,1.22339513984133,1.20480686226044,1.23624956050075,1.24032704554325,1.17271374696066,1.21378742872875,1.12477139854638,1.22353885253583,,,,
"When EBF-binding was investigated, 1 mM ZnCl2 was supplemented to the mixture.",12,1.24685414005224,1.2476141138075,1.20161247964497,1.26021044708439,1.26564858085695,1.21038980954781,1.23896910044753,1.24930265705815,1.25477192704349,,,,
"The samples were separated on a 6% polyacrylamide TBE gel, which was dried and subjected to autoradiography. ",17,1.3123427761494,1.31007190883356,1.31103581210893,1.33110589680454,1.33797472948221,1.30638658429027,1.31835898316272,1.28464842326772,1.30593065704442,,,,
"In the supershift experiments Figure-8, DNA competitors or antibodies (anti-EBF SC-15333, anti-Actin SC-1616, Santa Cruz Biotech) were added 10 min before the addition of the DNA probe. ",27,1.25395691599876,1.26822457070747,1.28576793382621,1.26803551694063,1.26492230717873,1.23827154131142,1.25786640551071,1.14080068750354,1.22321435090581,,,,
"To visualize the super-shifted complex, the unbound probe was run out of the gel.",14,1.21580972273455,1.24629726419389,1.28354626386641,1.25159078909468,1.24499896060748,1.23915372684323,1.23739125933849,1.13661311075029,1.21968691255597,,,,
The following Oligonucleotides were used for EMSA: mb-1 sense: 5'-AGCCACCTCTCAGGGGAATTGTGG-3', mb-1 antisense: 5'-CCACAATTCCCCTGAGAGGTGGCT-3', mutated mb1sense: 5'-AGCCACCTCTCAGCCGTTTTGTGG-3', mutated mb-1 antisense: 5'-CCACAAAACGGCTGAGAG-GTGGCT-3',,20,1.23499899756848,1.26288744902823,1.31290318656538,1.24350880368549,1.21764169050216,1.26381797548486,1.27288944869248,1.11838034489583,1.23272391457201
