Fig,Caption
1,Figure-1 Time course of events in a trial with a divided attention cue and an auditory target.
2,Figure-2 Greater levels of activity were noted in visual cortex during attend vision trials (Vis) than attend audition trials.  A). Greater levels of activity were also present in auditory cortex during attend audition trials than attend vision trials (B) Statistical maps are thresholded at p < 0.001 and corrected for multiple comparisons using extent correction (p < 0.05).
3,"Figure-3 Examination of sub-threshold (t>3.00, uncorrected) activity during attention to audition (depicted in the left column) or vision (depicted in the right column) indicated that decreases in activity levels in the unattended sensory cortex were the main source of differences between auditory attention and visual attention trials. Circles indicate the approximate locations of the ROI for peak activity differences between attend audition and attend vision trials (based on results shown in Fig. 2). The % signal change in visual cortex ROI is negative during trials where participants are cued to pay attention to audition and subsequently receive an auditory target (top graph, hatched bar). Very little signal change was noted in this same region of visual cortex when participants were cued to pay attention to vision and subsequently received a visual target (top graph, gray bar). In the auditory cortex ROI, small increases in signal were noted on trials where participants received an auditory attention cue and auditory target (bottom graph, hatched bar). Decreases in signal were also noted in this same region on trials where participants received a visual attention cue followed by a visual target (bottom graph, gray bar). Asterisk (*) indicates a significant change from baseline activity levels, p < 0.05."
4,"Figure-4 Comparisons between trials where no target was presented after the attention cue demonstrate that there were greater levels of activity in visual cortex during attend vision trials than attend audition trials (using a correction threshold of p < 0.001, cluster extent p < 0.05; A). Greater levels of activity were also present in auditory cortex during attend audition trials than attend vision trials (using a correction threshold of p < 0.005, cluster extent p < 0.05; B)."
5,"Figure-5 Examination of sub-threshold (t> 2.50, uncorrected) activity during attention to audition (depicted in the left column) or vision (depicted in the right column) indicated that decreases in activity levels in the unattended sensory cortex were the main source of differences between the auditory attention trials and the visual attention trials where no target followed the attention cue. Circles indicate the approximate locations of the ROI for peak activity differences between attend audition and attend vision trials (based on results shown in Fig.2). The % signal in visual cortex ROI decreased significantly below baseline during trials where participants are cued to pay attention to audition but received no auditory target (top graph, hatched bar). No significant signal change was noted in this same region of visual cortex when participants were cued to pay attention to vision but subsequently received no visual target (top graph, gray bar). In the auditory cortex ROI, no change in signal was noted on trials where participants received an auditory attention cue but no auditory target (bottom graph, hatched bar). However, slight decreases in signal were noted in this same region on trials where participants received a visual attention cue but no visual target (bottom graph, gray bar). Asterisk (*) indicates a significant change from baseline activity levels (p < 0.05); cross (+) indicates a trend towards a change from baseline activity (p < 0.10)."
6,"Figure-6 Analysis of activity in the visual cortex indicated that there was significantly greater deactivation during attention to the auditory modality than during attention to the visual modality, and that the absence of a target did not diminish this effect (A). In the auditory cortex, there was significantly less activity during visual attention than during auditory attention (B). This effect was modulated by the target such that the absence of a target reduced the magnitude of both the activation observed during auditory attention and the deactivation observed during visual attention (B)."
