Sentences,length,sent_fig_caption-1,sent_fig_caption-2,sent_fig_caption-3,sent_fig_caption-4,sent_fig_caption-5,sent_fig_caption-6,sent_fig_caption-7,sent_fig_caption-8,sent_fig_caption-9
Virtually all microarray studies to-date have measured changes in steady-state mRNA levels by harvesting total cellular RNA and using it to generate probes through a variety of strategies including end-labeling of purified mRNA  incorporating a label into the first strand cDNA made from mRNA  or attaching a T7 RNA polymerase promoter during cDNA synthesis  then labeling of the resulting RNA.,60,1.0913831251266,1.01765975138296,1.00721351784483,1.05521342070268,1.1058446536431,1.12219028082292,1.0592584396687,1.01431172644711,1.1423115061016
More recently  several groups have demonstrated the feasibility of hybridizing metabolically labeled mRNAs directly from nuclear runon  NRO  reactions to nylon filter microarrays in order to investigate nascent transcripts.Schuhmacher et al. in particular  used a B cell line carrying a conditional  tetracycline-regulated myc gene  and found that myc induction resulted in only a small overlap in regulated mRNAs at 4 hours post-induction when comparing polyA mRNA and NRO RNA on microarrays.,72,0.964823910016703,0.922461102324031,0.942369518748325,0.985498959652415,1.01400801516125,1.01076552442547,0.960992181517381,0.990821329303374,1.09399078044519
This early work provided evidence that transcriptional activation of genes does not necessarily lead to a corresponding increase of their steady-state mRNA levels.,23,1.1687027080911,1.03884900447097,1.00823671773754,1.08948570493096,1.08972781475222,0.993903717250835,1.05533137602105,0.967304302879019,1.08315891095494
More recently  our laboratory has examined the relationship between newly transcribed  NRO  RNA and polyA mRNA in a stress model using human non-small lung carcinoma H1299 cells.,27,1.01500978738924,0.981871285779126,0.988180703305967,1.04564905817672,1.15246691607574,1.10863221087438,1.08789672733515,1.05964297605257,1.17780962025106
In response to a variety of stresses  ultraviolet light  heat shock  or prostaglandin   we found that approximately half of the observed changes in mRNA levels of stress-regulated genes were accompanied by a corresponding increase or decrease in gene transcription as measured by NRO.,43,1.07541686724418,0.967288513334396,1.022631247035,0.978287807205315,0.988047643544461,1.00081121999164,0.973558955040823,0.968072475576336,1.00332683952096
The remaining half of stress-altered changes in gene expression was largely attributable to changes in mRNA turnover  thus suggesting that  on a global level  changes in mRNA turnover profoundly influence gene expression patterns.,33,1.18976714122325,0.994963700474147,0.994927119629589,1.00897770042108,0.998851113422725,0.942862137392138,0.972718754539996,0.975137907594292,1.08838146040635
Several questions  however  remained to be answered from these earlier studies.,11,1.30731850632456,1.25421646816955,1.28420739908645,1.25946911284666,1.25192748755131,1.26924307392593,1.2619344729417,1.29690247736622,1.28054765144243
Since in both the myc induction and stress experiments  as mentioned above  measurements of both newly transcribed and polyA mRNAs were made at a single time point  there existed a reasonable possibility of temporal disjunctions between the timing of mRNA new gene synthesis and the rates of accumulation of mRNA in the cell.,53,1.06335688328086,0.967206044024226,0.972342132848447,0.999731514196987,1.07803213732127,0.925201691284214,1.04402219514767,1.01173058120849,1.10633046506816
The second question remaining unanswered is whether or not highly significant levels of mRNA stability regulation  > 50% of all measured gene expression in the stress example  is common to different biological model systems.,34,1.18610673735758,1.0076806275949,1.03984175226515,1.01978496596162,1.04426596722623,1.02266923226858,1.01864662898383,1.01216242872882,1.12133628443142
In order to begin to address these questions we investigated changes at the levels of transcription and total cellular mRNA abundance simultaneously across a time course of activation using Jurkat T cells.,32,1.06813405726432,1.04487378499248,1.02779571794328,1.02762859650946,1.09467113778695,0.956480970703653,1.0809799093693,1.03852834156987,1.04571929761051
T-cell activation is one of the most widely studied models of cellular response to exogenous stimulation.,16,1.22957960660915,1.1996801802847,1.17248758449701,1.22090498300003,1.21060950115043,1.13562414491561,1.18492406419086,1.16728660695584,1.21196490044956
The initial events include rapid signaling via protein-protein interactions  phosphorylation/dephosphorylation of target signaling molecules  and release of Ca 2+ from intracellular stores.,22,1.24357352148365,1.20407689418046,1.19598446572887,1.21431344321857,1.21746394382003,1.16979008849577,1.18559303117199,1.15629929872581,1.20556132069667
Subsequent activation of signal transduction cascades culminates in the implementation of gene expression patterns characteristic of the immune response.,19,1.23342454274005,1.09248203441884,1.04934906613326,1.12006581526751,1.07999151084573,0.979064056918106,1.08180795928175,1.03164118085835,1.12986684435798
Initial microarray studies using T cells have focused on gene expression changes occurring several hours after activation  even though earlier work using more traditional methods had defined the commitment period for T-cell activation  including alteration in gene expression patterns  as occurring between 1-2 h after exposure to the activating agent.,50,1.12015615817171,1.06533165968795,1.00504063414093,1.02216393853142,1.00643039691054,0.976307356477695,1.01156748424709,1.04707145153377,1.05150747514051
In order to investigate these earlier gene expression changes we chose to examine a time course of activation spanning the first hour after stimulation.,24,1.1790537566642,1.04503878702684,1.05811621773412,1.0215480167321,1.05357456604601,0.98380725226708,1.06313739849057,1.08161732284561,1.06872120152864
While a recent study by Garcia-Martinez et al. in yeast using a similar approach demonstrated large shifts in mRNA stability following a glucose-to-galactose shift  the work presented here is the first systematic accounting of the changes in both gene transcription and mRNA stability in response to a major cellular activation event over a defined time period in higher eukaryotes.,59,1.11509167820713,1.03024932815957,1.04213674779907,1.00073684629979,1.05807583643002,1.01351871541538,1.05581944672668,1.00037233902837,1.09968265385637
T-cell commitment is believed to occur early during activation and therefore changes in gene expression during the earliest stages of induction are of particular interest.,25,1.22387146222473,1.09281494923814,1.0583778728356,1.08450352544262,1.09541938128451,1.01233459677143,1.06395746252911,1.06208503032154,1.11001603285754
An experimental model using human Jurkat T cells activated with PMA and ionomycin was used to investigate early changes in gene expression  up to one hour of stimulation   focusing on both changes in mRNA transcription rates as well as polyA mRNA levels.,42,0.948883981981301,0.989261317601195,0.846021072397262,0.972522478728675,1.03411921120998,0.907729324788622,0.944973600675492,0.941184591318378,0.924155075419018
One hour was chosen in order to examine gene regulatory events occurring immediately after activation and to avoid  for the most part  the influence of secondary gene regulatory mechanisms taking place at later time points  e.g. increased synthesis of transcription factors .,42,1.1613190784571,1.02335466313812,1.04329700140047,1.06534676551117,1.08164326427797,1.00663340037628,1.0999854474469,1.07202424914445,1.03412583627351
NRO RNA was prepared from isolated cell nuclei  Methods  and polyA mRNA from intact cells.,15,1.01049864949284,0.972690375162965,0.952064252590282,1.05928691973103,1.14532208407962,1.11256267439084,1.10205460961096,0.995286925845526,1.19919322141481
Figure-1 shows an example of filter images obtained after hybridization of arrays using either NRO RNA or polyA mRNA.,19,0.856718327430561,0.925145779712598,0.967523323492693,1.00211985577834,1.11568853373157,1.13638020914414,1.07290247580443,1.04907779545648,1.19069096929338
Cells stimulated for 30 minutes exhibited moderate changes in gene expression in the mRNA arrays.,15,0.956937180139972,0.999559084022202,0.941566017990208,1.00918490109342,0.996483426291801,0.962773742031773,1.0056436932619,0.962634115762347,1.01901546094912
In contrast  NRO RNA arrays revealed rapid and robust changes in transcription that were evident as early as 5 minutes following induction.,22,0.934515363769381,1.01360268219223,0.995641311332277,1.04098997530606,1.06075859056791,1.144420256435,1.03989350098136,1.08081462158979,1.11579017329358
Unexpectedly  a careful analysis of all significant changes in gene expression across the time course revealed that these early-response genes  as identified by NRO  were a relatively small subset of all of the genes shown to be regulated  see below .,40,1.125528205474,0.805947629760943,0.985851831913653,0.903492656460361,0.902451435689436,0.924481176130458,0.899396645942526,0.991110107395134,1.03358780840596
In all  a total of 4608 genes  including sets of genes enriched for immune response and signal transduction function  were polled Figure-2 .,22,1.20537830615152,1.03187880296027,1.1370858177115,1.15772071815583,1.11559709582828,1.09691044988763,1.11979190900734,1.07099831523801,1.13725965384707
Of these genes  2386 showed significant regulation  p < 0.001  or Z ratio > ± 1.5) during the time course of one hour post activation by either changing gene transcription or polyA mRNA levels.,36,0.92797676872588,0.8891429048303,0.874503062521757,0.797689771011727,0.89986041728227,0.85033207238258,0.867845531530277,0.961137156680507,0.984552079622094
These significantly regulated genes were chosen for further analysis.,9,1.24460348953362,0.958559218368063,1.14674047915794,1.1629596631188,1.09233563779051,1.01073533527062,1.07249517641168,1.11503308327957,1.15990084854427
The distribution and direction  increase  decrease  or no change  of significant changes in gene expression either at the transcriptional level  NRO  or at the level of polyA mRNA  whole-cell  are displayed in the table in Figure-2,36,1.00760992258006,0.811056050823317,0.924185970946217,0.832283608927657,0.934980397994828,0.892996152603491,0.908393380831292,0.933807006864053,1.02910391733985
The single most common expression event  55.2 %  was an up or down regulation at one or more time points as measured in mRNA without a corresponding  either up or down  regulation as measured by transcription at any time point.,41,1.01693590665646,0.97179796778708,1.02575844993931,1.00357058592083,1.03645718044474,0.941547539531075,1.02619108931407,1.06214770069005,1.02492060769761
The second largest group of regulated genes  27.4%  showed changes in transcription with no corresponding change in polyA mRNA.,20,1.06541222203056,0.896997872318241,0.958560246639902,0.980577166568981,0.975183891871582,0.907768659211179,0.938756250126331,0.935191948822241,1.06656371634703
Examples of genes dramatically up-regulated in this second class included CD69  a type II transmembrane receptor involved in lymphocyte proliferation and a classic marker of early T cell activation  PPP3C  the catalytic subunit of the calmodulin-activated phosphatase  calcineurin  which plays a central role in signal transduction from the T cell receptor to the nucleus  as well as several members of the JUN family of transcription factor immediate early response genes Figure-3.,71,1.18059381700659,1.09230296372279,1.06478575211904,1.17513297832908,1.14224288521862,1.04550452624564,1.12000185708195,1.03234225311404,1.10507966149672
The final  relatively minor groups of regulated genes included genes which were regulated at both the transcriptional and the polyA mRNA levels in either the same  8.4%  or opposite directions  9% .,32,1.05760989133839,0.845844395958921,0.9439119901085,1.02225582110053,1.0222001698252,0.88653599918356,0.971786990693547,0.951541749415142,1.10575800031347
The relatively low concordance between transcriptional production of mRNA and its measured appearance in polyA mRNA levels was somewhat surprising  although clear examples of coordinated step-wise production were noted for some key genes  as for example  the early response genes EGR1 and ETR101  previously shown to be induced at 30 minutes by phorbol ester treatment of a human promyelocytic leukemia cell line and  the apoptosis-related genes DAP  death-associated protein  mediator of interferongamma-induced apoptosis  and CASP3  as well as the immune response signal transducer and activator of transcription  STAT  6  Figure-3A .,90,1.04364301640079,1.0059122744204,0.958787126830094,1.06772501286666,1.0200166319183,0.986790955275773,1.02362248473625,0.980227383872205,1.02064996267909
Dramatic activation of immune response  immediateearly response genes  and apoptosis-related genes was observed in the nuclear run-on RNA as early as 5 minutes following activation Figure-3.,26,1.02875065057217,0.940823786743293,0.840003086976195,1.1080495609935,1.07596724919125,1.06012642463972,1.06870159385015,1.01925366922604,1.10436972544852
This group of genes included immediate-early response genes commonly upregulated during cellular activation  ETR101  Myb  Myc  and genes of the JUN and EGR families   genes specifically associated with an early response in immune cells  IL6  IL8  STAT4  STAT6  PPP3C  NFKBIA  IRF5  and CD69   as well as genes involved in regulating apoptosis  BCL2A1  CASP3  CASP9  CASP10  and DAP .,57,1.16027066908601,1.02980961286198,1.03694119769249,1.17155052678755,1.13517255967749,1.02713812749907,1.09966899110168,0.98180927530695,1.07811319988662
Many of these same genes were eventually up-regulated in polyA mRNA later in the time course and their increase in expression after one hour was independently validated by single endpoint PCR validation using GS320 technology Figure-3.,36,1.04765430052749,0.896648183795411,0.908470446027873,0.977745537291696,1.03135926493587,0.949058620341142,1.0238817364569,1.00744991078915,1.02827362360661
A particularly interesting example of the dichotomy between transcription and changes in polyA mRNA levels was seen in the production of the mRNAs encoding NFKB1  NF-kappa B   a key mediator of the transcriptional control of genes involved in the immune response and acute phase reactions  and its inhibitor  NFKBIA  NFkappa B inhibitor A .,53,1.12278993768458,1.01180337985005,0.938206939561124,1.03828584773211,1.07618573627178,0.946606069378711,0.978490541018613,0.976919698203205,1.11338388455703
Both NFKB1 and NFKBIA have previously been shown by microarray analysis to be significantly induced in polyA mRNA between 3-4 hrs following phorbol or lectin activation of either Jurkat or human peripheral blood lymphocytes.,34,0.984114975402846,0.965885845666602,0.944837453228785,1.08807982396573,1.11738524090315,1.00554726129835,1.0640561164032,1.05343123996685,1.08508612836056
As demonstrated here Figure-3 the production of NFKB1 mRNA clearly increases between 30 minutes and one hour at the transcriptional level without a detectable corresponding increase in polyA mRNA during that time  subsequent PCR analysis did show some increase at the steady-state level between 0 and 60 minutes for the NFKB1 gene but this increase failed to meet the significance thresholds set for the microarray analysis .,66,0.926444764428039,0.964518573569501,0.913967144580771,0.964972328975522,0.983205612412199,0.975540744109281,0.972214855925557,1.00299324986363,0.986235074952081
NFKBIA  on the other hand  is rapidly induced transcriptionally to a maximum level by 30 minutes  returning essentially to baseline within one hour.,23,1.08822187740613,1.14555209799777,1.0876036511962,1.149756769554,1.12355326508987,1.14034386209218,1.13470419429592,1.20914733751262,1.10108404311738
Meanwhile  NFKBIA steadystate levels can be seen to gradually rise across the first hour of the time course.,18,1.18693000510236,1.13437933465813,1.14205750857815,1.13823704397854,1.16626631753163,1.14664033655601,1.197785373316,1.24717181787415,1.14447657090393
Analysis of the dynamics of gene expression for NFKB1 and its inhibitor as deduced from conventional microarrays might suggest that by one hour NFKB1 production had not yet begun  contradicted by the NRO data here   and also that the mRNA for the inhibitor of NKFKB1 is steadily increasing  when  in fact  it is clear from NRO data that virtually all increases in the production of NFKBIA have concluded by one hour .,71,1.08308747143107,1.00133551114087,0.960374348440018,1.01550062187387,1.06781140183618,1.07543664534824,1.02684702407946,1.07056870009439,1.11087092585952
These data provide a clear example of how information from nuclear run-on microarrays can enhance studies of gene activation and feedback mechanisms.,22,1.18423261752602,1.07164360100571,0.994430055643135,1.1271481890946,1.16931170942152,1.11888294837174,1.14723729795203,1.09410090017191,1.18515171683718
Consistency at each time point for genes regulated by activation-induced changes in mRNA stability can be seen in a graph of the Z ratio differences  Methods  between NRO and polyA mRNA calculated for all genes at all time points  Figure-4.,40,1.01160851741502,0.827225404863674,0.94025377060416,0.760537964656471,0.940374493750693,0.843381992669136,0.819945465970813,0.881451846027605,1.01611368735562
These putative stability-regulated genes exhibited a very high degree of consistency at all the time points measured.,17,1.20460588778534,1.03978299400113,1.16111834638574,1.08580451633988,1.05465625349792,1.04818817566932,1.11522353826917,1.14464600547264,1.07371439379916
This replicability is further illustrated in the heat map of clustered gene expression in Figure-4 in which the data for each gene has been independently normalized to its baseline  0 time  level.,32,1.10408855300929,0.985547919421993,1.02528053864466,0.937892624402534,0.959135581826223,0.978465739894323,1.03936182911782,1.04795623657195,1.01281793301801
Large numbers of genes as measured in the polyA mRNA are consistently and strongly regulated following activation.,17,1.11862756526031,0.907517506364333,0.946173167411755,1.0510877641201,1.03349790935278,0.847218710620957,1.01018683514309,0.927965885243212,1.14116236026258
Some of these changes are mirrored by changes in gene transcription  NRO  but most are not.,16,1.21077840750788,1.02563181402199,1.12219386216891,1.07312444943738,1.10067005936787,1.10533244802184,1.07491899514377,1.06692964738933,1.13963218297829
In order to compare changes in gene expression patterns at the transcriptional and polyA mRNA levels in a systematic fashion  a simple barcode of 1  -1  or 0 was applied to all significant changes in gene expression indicating up  down  or no change  respectively.,44,1.02429987016884,0.934409179647183,0.892411679427269,0.877964056213023,0.789742224761939,0.86827802208392,0.889443917048355,0.929741387005453,1.05998231128719
In addition  a value of -1  0  or 1  low  moderate  or high  was assigned to each gene according to its relative intensity at baseline  0 time .,27,1.06743102583283,1.06919133924711,1.08118837185733,0.982552212971703,0.783295952405232,1.04238790817057,1.08197834554044,1.16806831404395,1.02866928124609
An analysis of the distribution of these gene expression patterns  Figure-5 revealed that both at the transcriptional and the steady-state levels two thirds of all genes were A restricted to just one of 20 patterns  out of a possible number of 729  and that half of these patterns were shared between the two groups.,54,1.17202777040247,0.918170488203505,1.02415764591094,1.0396045735228,0.886776291844531,0.885066409492989,0.9995874567174,1.0527717129762,1.05154819890051
An interesting distinction between the two groups was that whereas up-regulation from a moderately high level of baseline expression was highly favored for new gene synthesis  down-regulation from a moderately high level of baseline expression was very highly favored during polyA mRNA regulation  Figure-6 .,44,1.12432527965957,0.945184927663693,0.974367099070525,0.989964930236991,1.00396973512167,0.891654272835234,0.991377484037168,0.998072760866241,1.07860713434491
In fact  down-regulation  as a consistent trend  was much less common among transcriptional-regulated than steady-state-regulated genes  with implications  see below  as to the roles these modes of regulation play in concert for the control of gene expression.,37,1.21473133866028,1.02045405854779,1.07034808629012,1.0766439461499,1.04942686305427,0.999991765631362,1.04854791358003,1.04136300762178,1.09912099418039
In order to confirm that stability regulation was in fact a reasonable explanation for the observation that the expression levels of large numbers of genes were changing at the whole cell but not the transcriptional level  a series of experiments were carried out in which activation of Jurkat cells was carried out in the presence or absence of the transcription inhibitor Actinomycin D. Analysis of polyA mRNA demonstrated the strong inhibition of mRNA levels for genes previously shown to be transcriptionally upregulated  Figure-7A .,83,1.06014095660401,0.925091377509157,0.901398572607367,1.03001656668985,0.99786941209508,0.867395636586782,0.872994656729196,0.867909608272984,0.995479080878375
In contrast  large numbers of genes which were significantly regulated in polyA mRNA but not in NRO RNA were not affected by Actinomycin D treatment Figure-7 .,26,1.0141247309855,0.753336772230254,0.910522112053484,0.999701575991803,1.01478553756468,0.946464158520174,0.878336910670709,0.950135042510674,1.13241169518204
Among these unaffected genes there was a bias towards presumptively de-stablized genes Figure-7  consistent with the earlier conclusion Figure-6  that down-regulation is the predominant motif in overall polyA mRNA levels.,30,1.12113127897176,0.961920998246682,0.97253258859288,1.03879692260263,1.06201390438969,0.949896061054812,1.03008689033302,1.00851118784783,1.13387347084655
Although an examination of the functional classifications of stability regulated versus transcriptionally regulated genes yielded no obvious trends  some biological pathways appear to be differentially  and sometimes  exhaustively regulated by each type of expression event.,35,1.2107490140115,1.02432276395634,1.0980895984243,1.12705957648682,1.07413305868603,0.972804840933557,1.01773669178149,0.997417777239516,1.11916682050832
One example of this can be seen in the apoptotic pathways  which are comprehensively regulated during the Jurkat activation scenario.,20,1.20945183242059,1.14070924846085,1.13828651355925,1.21334491520905,1.18799683305007,1.0029796053074,1.1418497996962,1.06291840435359,1.1700628365045
As can be seen from the pathway schematic illustrated in Figure-8  some major effectors of apoptosis such as CASP 3  4  8  9  &10  up-regulated  and BCL2  down-regulated   are controlled by new gene synthesis while other factors such as CASP 1  6  &7  up-regulated  and BCL2L2  down-regulated  appear to be regulated by stability processes alone.,55,1.11178590285318,1.0267953281084,1.04267191806078,1.12326931655454,1.05727327248393,1.02946402187876,1.04286439202308,0.926044210392823,1.11640431584344
Regardless of the cellular rationale for regulating at the level of new gene synthesis or mRNA stability  it is clear from these data that there is a strong internal coherence: genes regulated by one mechanism do not crossover to the other within the time frame investigated.,46,1.15483863100353,0.960602699576873,1.00831988506627,1.01029633129478,1.03111307647745,0.941294625809615,0.994119762705427,0.983681088110593,1.08840902775225
Common patterns of transcription factor binding sites in the upstream promoter regions of groups of genes whose transcription was significantly up-regulated were detected.,23,1.22793307709025,0.980639292964794,1.10852799184895,1.1531095612969,1.0390428777339,1.02373531151935,1.06580941164456,1.05442128202541,1.02000584407883
An enrichment of transcription factor-binding sites for both NFAT and NFκB was found in the promoter regions of genes most significantly up-regulated at 1 hour as shown in Figure-9.,29,1.12738535778935,0.971609927054006,1.02726908107941,1.133560815694,1.00109952257118,1.05004517578699,1.06333356455191,1.06190531719548,0.934756416055709
The frequency with which both NFATand NFκB-binding sites were found in the promoters of this group of genes was significantly greater than that seen for other genes in the array .,30,1.21212277036218,0.998969174973207,1.15530186156998,1.1348749456327,1.03148067504185,1.08256681952631,1.10885348270309,1.13630252259562,1.07471778559436
The discovery that NFAT-and NFκB-binding sites were enriched in the promoters of these genes was not unexpected  since these transcription factors  along with AP-1 components Fos and Jun  constitute the major transcription factors involved in the early stages of T-cell activation.,41,1.23119097567638,1.09214809107428,1.09173662159447,1.15740568391396,1.13853490083418,1.04713065365832,1.11800653413977,1.05943009278518,1.07709352672619
Indeed  the frequency of genes significantly upregulated in NRO RNA and enriched for AP-1 binding sites peaks during the time course  supplemental data .,23,1.09820388494581,0.81719307596759,1.01162825221147,0.986784598261704,1.01205661627286,1.02146853067942,1.00687235473498,1.02220005551623,1.03041331968709
Many of the genes that are transcriptionally upregulated at 1 hour  such as CD69  are elevated throughout the time examined  although a few genes including PTEN  DUSP5  and NFκB1 itself  show elevated transcription only after 60 minutes.,37,1.04596199822202,0.991147634357796,1.02825894045086,1.08847111328796,1.02330911707718,1.00865250603134,1.07273994705787,1.07271784179454,0.970999128747134
The simultaneous increase of NFκB1 gene transcription  between 30 minutes and 1 hour  combined with a noticeable increase in the transcription of genes containing NFκB-binding sites  at one hour  demonstrates the synchronous relationship between the appearance of this transcription factor and its downstream targets at the indicated time points.,49,1.04497632668958,1.02773160730425,1.00876461237123,1.02274985131925,0.976769675863621,1.00604087527197,1.05818786659997,1.0884451471325,0.858461439793109
The absence of significant regulation at the transcriptional level during a time in which gene expression is strongly perturbed at the polyA mRNA level during T cell activation reveals that many genes are being regulated through changes in stability.,39,1.07637899097741,0.825707453434487,0.902027329511039,0.88983311509595,0.937430597030563,0.699636740916924,0.838637724993541,0.772692187105499,1.00755894702561
The lack of detectable transcriptional regulation of large numbers of steady-state mRNA gene changes is particularly striking insofar as the NRO measurements are likely to be even more sensitive to changes in gene expression than polyA mRNA measurements since they are a direct measure of newly synthesized mRNA.,48,1.08158749064343,0.891684485428282,0.932982575064095,0.914974773118771,0.977615131943407,0.922195927409256,0.898789650291972,0.871597149764415,1.10396130385227
This finding is consistent with the work of Raghavan et. al.who also noted the presence of numerous transcripts exhibiting stimulus-dependent changes in mRNA decay in human T lymphocytes treated for 3 hours with anti-CD3 and/or anti-CD28 antibodies.,38,1.11854949142263,1.09281595691871,1.08185462442379,1.08459883989482,1.09326157445855,1.09815133023635,1.03212559450751,1.09906934492507,1.11550232526665
These experiments were carried out by arresting transcription with Actinomycin D  in the presence or absence of activation   and mRNA turnover rates were globally measured by applying polyA mRNA to microarrays.,31,1.07987061527562,1.06556502494587,0.996786346038377,1.09299372313945,1.16146204552062,1.03665505358677,0.992108217805947,1.02842900237975,1.16233223492964
Similarly  in this current work  patterns of Actinomycin D resistant changes in gene expression among groups of genes significantly regulated only at the polyA mRNA level supports the observation that large numbers of genes are regulated primarily by stability during T cell activation.,43,1.12777931992489,0.828325657589269,0.933320859361051,0.957843695719771,0.903611433461072,0.725646285664939,0.802539772339578,0.84793536853186,1.05412968025369
The smaller  but still substantial  group of genes which displayed significant transcriptional regulation without any corresponding changes in polyA mRNA  may either be a reflection of the enhanced sensitivity of transcriptional detection or  perhaps  result from a persistent lag between changes in transcriptional output and their reflection in steady-state mRNA levels.,51,1.07098691740991,0.953798524235434,1.00282110662259,0.961556797087097,1.01408048531287,0.96991119622254,0.940558728039125,0.947019605858094,1.09016503513494
Such a lag might arise from differences in scale of the absolute size of mRNA pools between newly transcribed and polyA mRNA.,22,1.12850091397507,1.05430044727538,1.02709730443046,1.02661000465633,1.112500260826,1.062303664074,1.08383650613761,1.07545021450684,1.18655467404223
In this scenario  changes in the amounts of mRNA that are readily detectable by nuclear run-on may be too small to have an immediate detectable impact on the steady-state RNA pools  possibly for long periods of time.,37,1.08059867042464,0.986829269015194,0.939527138524986,1.0458322961262,1.1170155757559,1.08944007235979,1.07346063329243,1.08858325059167,1.15197094384223
Another possibility is that the nascent mRNAs of some of these genes are so rapidly degraded that they never significantly impact on polyA mRNA levels at all.,27,1.13131990300794,0.923341003331101,0.961493562408707,1.08111331409947,1.09018491370047,1.01265616006198,1.04313280780857,1.00027370133181,1.16926720084693
As previously noted  Figure-6   up-regulation of gene expression was a dominant trend for transcriptionally regulated genes while down-regulation was dramatically favored for genes regulated at the polyA mRNA level.,29,1.12203877273632,0.836351221991755,0.902536081331645,1.00722488874773,1.00354551805653,0.794262845589302,0.932970721605064,0.906395410499453,1.0790609233958
From the standpoint of an overall cellular economy of gene expression  effective control at the level of transcription can be achieved primarily by turning on new gene transcription  while at the whole-cell level  rapid and effective regulation can be achieved by massive shifts in the stability of existing mRNA pools.,50,1.17886816950718,1.02221504355405,1.03086186533666,1.04234654645796,1.06949511978378,1.00893637253478,1.02210587581725,1.0009226243809,1.07972099969773
In fact  the single most dramatic regulatory event experimentally observed was the rapid clearance of large pools of steady-state mRNA  presumably as result of a sudden and demanding change in cellular conditions.,32,1.18661002261161,1.10892834567879,1.12350146699196,1.13463027550708,1.14314670820952,1.12040119858254,1.14210861080983,1.1278798177181,1.19032306142016
Questions remain as to the extent that this type of regulation may occur under differing biological scenarios.,17,1.28106210034525,1.19874744814685,1.23887198479954,1.22439377569622,1.20109178564577,1.18817878714476,1.19248072787813,1.20422850800519,1.22949482402293
Global regulation of mRNA stability has thus far been systematically studied under conditions of stress and cellular activation.,18,1.20606950913139,1.13673659382006,1.09667909542947,1.16196290792266,1.18123068964624,1.06590225511903,1.12930437855495,0.997151939621838,1.21292210609886
It remains to be determined whether or not changes in mRNA stability are responsible for altering gene expression programs in response to other biological conditions.,25,1.20576657057327,1.03115602397991,1.03939603446358,1.04647047423968,1.07529370676812,1.00913539339859,1.01715600584971,0.972834553573891,1.12899465081293
The existence of these regulatory paradigms may require a reevaluation of the common model of the control of gene expression which essentially invokes the turning on and off of gene transcription in order to explain changes in polyA mRNA levels.,40,1.11725351605634,0.924346122905829,0.964067807466514,0.975908493501957,1.03019093821799,0.964509979646752,0.979728787144105,0.970299041181004,1.08556805413729
Although stability regulation might reasonably be considered as a cellular measure to bridge the gap between the very rapid events of signal transduction and the longer term induction of cellular programs involving the coordinated transcription of batteries of new gene synthesis  the current data actually suggests otherwise.,47,1.20098340986918,1.10022090572562,1.11355854045317,1.12513748169325,1.13317054256342,1.10414465551861,1.08839915467635,1.07073576967634,1.12088142413042
One of the goals in this work was to examine changes in gene expression due to altered transcription and those due to altered turnover across a time course allowing sufficient time for the resolution of time disparities between new mRNA synthesis and their appearance as measurable cellular pools.,48,1.16268614666432,0.984005376681496,1.06585226418655,0.992088701281627,1.04635553559608,0.981107298692644,1.03741378412161,1.05083263404597,1.05977664442277
Sufficient time for effective transcription and even translation was clearly demonstrated by the example of NFKB1 mRNA induction followed by the transcription of its downstream targets.,26,1.10935589863291,1.04368328193046,1.03568162547366,1.11401844056893,1.12132948238176,1.03833594910505,1.12096536072145,1.06876860134793,1.08087123064324
Patterns of stability regulated genes were  in this model system  non-random and surprisingly persistent throughout the entire time course suggesting that stability regulation was a major component in the control of gene expression for significant periods of time.,38,1.20329238450226,0.969974491405334,1.06041470988856,1.00938719992292,0.95998333986094,0.913736638668879,0.980435734290291,1.02199799385811,1.04598559156253
The presence of highly active and global regulation of polyA mRNA levels by stability-altering mechanisms suggests a new significant level of regulation in the control of gene expression which spans wide phylogenetic distances from yeast to humans  emphasizes a possible parsimonious role for new gene synthesis in response to changing cellular environments  and may help to explain some of the difficulties encountered in attempts to comprehensively correlate clustered changes in polyA mRNA with common promoter regulatory elements.,77,1.13442330749193,0.947444786985042,0.991913217602241,0.970546831627543,1.03328460946735,0.987760300287132,0.981065636760587,0.964277371768675,1.0962943054065
The human Jurkat E6-1 T cell line was cultured in RPMI-1640 medium  GIBCO-BRL  Gaithersburg  MD  supplemented with 10% FCS  Hyclone  Logan  UT  and antibiotics  and incubated at 37°C  5% CO 2 .,31,1.12512749143436,1.2384991200545,1.17563563915492,1.22988859571459,1.22223366453759,1.17066149636986,1.21720158208526,1.20868546739819,1.15507448946848
Cells were stimulated with 40 ng/ml phorbol 12-myristate 13-acetate  PMA  and 1 µM ionomycin  Sigma  St. Louis  MO   P+I .,19,1.00882758013524,1.24293607872634,1.17234616390269,1.23339003662603,1.20619081378322,1.22981178827137,1.20416712519135,1.25261489375735,1.12839035581555
Actinomycin D  A.G. Scientific  San Diego  CA  was added at 10 ug/ml 30 minutes prior to activation with PMA + I.,22,1.01579113113812,1.24721339626897,1.16753937498977,1.22578825281979,1.21160221771084,1.22209100207306,1.16166695280637,1.23241130381328,1.15719497915545
Isolation of nuclei and preparation of nuclear run-on  NRO  RNA were as described.,13,1.10340494416239,1.06721118306423,1.04781228560422,1.18945975732121,1.22268761489724,1.26541293886248,1.19805014675854,1.17658982240381,1.2489923460492
Finally  nascent RNA was purified by Sephadex G-50 column filtration.,10,1.22318821773347,1.20764890725721,1.20054262771494,1.23628852029676,1.19547281662618,1.28091542813821,1.2493618702073,1.24787371825936,1.2642272529299
For the preparation of polyA mRNA cellular RNA  resting or stimulated Jurkat cells were lysed in STAT60™  TEL-TEST  INC.  Friendswood  TX  as described.,23,1.01941161815555,1.03465480437149,0.956265137163321,1.11544074138508,1.16681791586617,1.08335214366261,1.1018752820075,1.03268968991559,1.16027128618899
RNA concentration and quality were assessed spectrophotometrically and by agarose gel electrophoresis.,12,1.22529239496999,1.19008677084079,1.19866864416458,1.21709618953435,1.2183774822072,1.27380922344335,1.23098940138911,1.25014103580312,1.25609550396072
NRO RNA was stored at -80°C until use.,8,1.18373438360945,1.12269257167167,1.18624137138187,1.20065782042204,1.24123088167444,1.27400283670317,1.2086650509491,1.21212800893628,1.28072489221806
PolyA mRNA samples were radiolabeled and hybridized as previously described.,10,1.12666080944606,1.13712891337431,1.08339534360421,1.16418500625757,1.21466902858713,1.17908050062842,1.19082200872749,1.13210741288939,1.27203911441834
In brief  5 µg of total mRNA for each sample was annealed  in 16 µl H 2 O  with 1 µg of 24-mer poly dT  primer  Research Genetics  Alabama   by heating at 65°C for 10 min and cooling on ice for 2 min.,43,0.982572304440337,1.18250646354566,1.10868384532392,1.15669634715799,1.13483785762008,1.1975034085377,1.16310066770557,1.21730586721123,1.18391552015958
The RT reaction was performed by adding 8 µl of 5X first strand RT buffer  Life Technologies  Rockville  MD   4 µl of 20 mM dNTPs minus dCTP   Pharmacia  Piscataway  NJ   4 µl of 0.1 M DTT  40 U of RNAseOUT  Life Technologies   6 µl of 3000 Ci/mmol α-33 P dCTP  ICN Biomedicals  Costa Mesa  CA  to the RNA/primer mixture to a final volume of 40 µl.,67,1.04237156702367,1.21187395148493,1.18997925633978,1.17936397049171,1.10940652595255,1.22992653303565,1.20331857182182,1.22503047308849,1.19143907752339
Two µl  400 U  of Superscript II reverse transcriptase  Life Technologies  was then added  and the sample was incubated for 60 min at 42°C.,24,1.07704686247319,1.22783065281641,1.19638249256117,1.20656804016966,1.18848586469783,1.22368165772317,1.20596795690906,1.25649480677447,1.16418280129558
The reaction was stopped by the addition of five µl of 0.5 M EDTA.,15,1.08635020725987,1.22902466376805,1.20119927795884,1.19632515039057,1.11908654088923,1.22465361079919,1.19841232453957,1.25031049138872,1.21754403431829
The samples were incubated at 65°C for 30 min after addition of 10 µl of 0.1 M NaOH in order to hydrolyze and remove RNA.,26,0.92880427176968,1.16407138553269,1.11968353640269,1.15803653884456,1.07967295360332,1.21409514128879,1.16023726903533,1.19934572990332,1.16388141383273
The samples were pH neutralized by the addition of 25 µl of 0.5 M Tris  pH 8.0  and purified using Bio-Rad 6 purification columns  Hercules  CA .,28,1.02542922736248,1.21513110324966,1.19526360765567,1.16078808223895,1.09324617728179,1.24134827702249,1.20419961064586,1.23503919684738,1.21002048478008
An aliquout of each labled sample was quantitated by liquid scintillation counting using a Beckman LS 6500.,17,1.20355845860865,1.26932888431663,1.25514121380053,1.24124257609476,1.25046677309539,1.26110401250475,1.2644791406622,1.27085314050432,1.24495960964028
The entire remaining sample was stored at -20°C until use.,10,1.26170857361023,1.24437737320341,1.25658896879043,1.22605758730554,1.21821441886526,1.25471940016734,1.25139633601084,1.2765817084577,1.24803718408114
Microarray construction and hybridization were previously described.,7,1.24787078358195,1.25835673187393,1.25323818191346,1.27514891854143,1.2593731588324,1.27308615045672,1.27550327106404,1.25739465784253,1.2826998516071
Briefly  NIA Human Focused Arrays consisting of a set of 4600 spotted cDNAs  arrayed in duplicate  representing a set of 2742 non-redundant genes  enriched in genes involved in immune function and signal transduction   were printed on Nytran + Supercharge nylon membranes  and hybridized with dCTP-labeled cDNA or UTP RNA probes overnight at 50°C as previously described  protocols available at http:// www.grc.nia.nih.gov/branches/rrb/dna/dna.htm.,67,1.12522959713952,1.09955519484876,1.1137518610389,1.14595741185349,1.10422210254555,1.14467735088971,1.11406208881049,1.07755987933925,1.11669644464785
Hybridized arrays were rinsed in 2 X SSC and 0.1% SDS twice at 55°C followed by washes in 2 X SSC and 0.1% SDS at 55°C.,28,1.07366551672258,1.23518489442158,1.20931484988545,1.19426519443913,1.1460467864431,1.22824329099054,1.21999966921457,1.2462007926303,1.23279218971556
Microarrays were exposed for 1-3 d and scanned using a PhosphorImager  Molecular Dynamics  Sunnyvale  CA  at a 50-µm pixel resolution.,20,1.16943986534489,1.23547299758222,1.2277429359811,1.20060908134307,1.18502503250732,1.2318554358757,1.2098105705846,1.23147985558209,1.2433613559684
ArrayPro software  MediaCybernetics  Silver Spring  MD  was used to convert the hybridization signals into raw intensity values  data generated were transferred into Microsoft Excel for further analysis.,27,1.17278969105116,1.2027074363958,1.19297064072376,1.14849893899803,1.17102537171523,1.23059521108578,1.17075508364707,1.23274321543484,1.20785157286989
Single endpoint PCR was carried out on polyA mRNA for gene detection and relative quantitative comparison between baseline  0 time  and I hour activation  with PMA +I .,27,0.951236548651613,0.934171139930425,0.844550458315099,0.903805183512461,0.970115472835627,0.918189869092369,1.02286205796658,1.01814060358055,1.02166362302184
In brief  GS320 libraries for both control and activated polyA mRNA were prepared as described  normalized using a panel of ribosomal protein genes  and specific genes were amplified in duplicate using predefined GS320 primers.,34,1.03887050100013,0.951440976881592,0.972115897966309,1.02848969312129,1.04067812493704,1.02775494855147,1.03991818692298,1.01692161022611,1.13385777882751
RNA samples  typically n = 3 to n = 5  were prepared from multiple experiments  each of which consisted of a consecutive series of time points.,26,1.07257111000949,1.09718857985025,1.1213351565647,1.09590610371467,1.11117785355225,1.14564332373833,1.14876237754846,1.22181120585997,1.14947256239672
Equal amounts of total RNA  5 µg  or NRO RNA  10 8 cell-equivalents  were used in each hybridization.,18,0.968809295513299,1.03492166160149,1.07468854012652,1.10103499347223,1.08706094577515,1.19967237481838,1.1096375229719,1.17648974882862,1.19141874981779
Raw intensity data for each experiment was transformed to log 10   then used for the calculation of Z scores as described.,21,1.16692973373177,1.20758969544813,1.14096373970101,1.0671718225195,1.10129278234977,1.14711324283009,1.09926497547637,1.24578604832903,1.13996097622294
Significant changes in gene expression were calculated in the form of Z ratios and/or Z test values  using Z score values in all calculations.,24,1.19004447389404,1.08775699357994,1.07716388606642,0.838669857087872,1.00393643547231,0.987347357210411,0.911203449987505,1.12405158484728,1.05942578081242
Z ratios constitute a measure of the change in gene expression of a given gene from its baseline value  in this case -time 0   expressed in units of standard deviation from the average change of all genes for that comparison.,40,1.15217521894085,0.964066896680879,1.03455374269959,0.835878541917654,0.899186847887414,0.964510535285211,0.897227302249477,1.05051145626902,0.96340177590939
Z ratios are a direct measure of the likelihood that an observed change is an outlier in an otherwise normal distribution and  as such  are independent from underlying intensity values.,30,1.23612947154741,1.18262783702635,1.17961110961502,1.03059344185059,1.08753592441213,1.09027605786004,1.05941916003747,1.19477148099475,1.09624311379998
Since the contents of the population of nuclear run-on and polyA mRNA are different in both complexity and number  care was taken not to compare Z score normalized intensities directly.,30,1.05122747053482,0.957420046676796,0.884344246635993,0.980670169434101,1.10750193709543,0.966355590276893,1.03958020568991,1.11001841758344,1.13153019815495
Comparisons between Z ratios  however  test for equivalence of significant changes between the transcriptional and steady-state changes in gene expression each relative to its own population.,26,1.2203989771511,1.06596789385303,1.05276649452034,0.901449078885487,0.992229426873949,0.923044806889003,0.907860600710849,1.0721990044913,1.01031738985787
All gene expression changes were assessed through comparison with untreated cells  time 0 .,13,1.06439017168591,1.01580593800361,1.02363445079051,0.963058454800231,0.96843615717261,0.942955073966365,0.999054412990066,1.0475463557006,1.00690117403753
A Z ratio value of ± 1.50 and/or a Z test value p < 0.0001 were the significance thresholds used in this study.,25,1.10929775578222,1.21032744776731,1.16815006155777,1.02114928018658,1.05387203539511,1.15936264180662,1.05132399544016,1.23761669685823,1.16109838504197
Hierarchical clustering was performed using the Cluster and TreeView software programs  developed at Stanford University.,15,1.2460383461503,1.23088781211332,1.22991799136475,1.20769715244437,1.22855979159572,1.25000211839553,1.24417813221853,1.24473521953303,1.26799824757663
The clustering algorithm was set to complete linkage clustering using the uncentered Pearson correlation.Mapping of transcription factor binding sites in selected genes was performed using software from Genomatix Software Gmbh  Munich  Germany http://www.genom atix.de.,38,1.20320311805078,1.14627156402187,1.16363999324355,1.13801141713176,1.13803470662802,1.15500076875658,1.14880803157972,1.15173778263524,1.13197961928397
See Additional file 2 for a complete description of the analysis.,11,1.21324727896769,1.21863402137521,1.21121529681706,1.23458331471741,1.20642020577224,1.26050362807806,1.23892624983393,1.27412266134603,1.27358896708928
