Sentences,length,sent_fig_caption-1,sent_fig_caption-2,sent_fig_caption-3
ALZHEIMER DISEASE a progressive neurodegenerative disease characterized neuropathologically by cerebral neuronal loss  deposits of extracellular #-amyloid  A#  plaques  and intraneuronal neurofibrillary tangles with accompanying decreases in cerebrospinal fluid  CSF  A# and increases in CSF tau proteins.,36,1.15089818160535,1.15339911824656,1.25166710139231
Current marketed therapies for AD aim to improve symptoms by targeting the surviving neurotransmitter neuronal circuitry.,16,1.25242931052672,1.25986576005085,1.30335676418293
The pivotal trials for approvals for these cholinesterase inhibitors were of short duration  6 months  owing to expectations of relatively rapid onset of symptomatic improvement.,25,1.18617971056138,1.21485638971507,1.19468135087656
In contrast  therapies aiming to slow the progression of the disease may require clinical trials with longer duration to observe clinical improvement owing to downstream therapeutic effects on the underlying pathophysiological process.,32,1.21691459637391,1.21838626997201,1.28073265256075
In addition to the necessary cognitive and functional end points  measurements of biomarkers reflecting the molecular pathogenesis of the disease would be critical for assessing the efficacy of such disease-modifying therapies.,31,1.21576489488952,1.19959996596532,1.2454168992643
#-Amyloid immunotherapies are based on either active immunization with fulllength A# or A# analogues together with an adjuvant or passive immunization with humanized anti-A# antibodies or intravenous immunoglobulins.,28,1.20850951580584,1.2181773223265,1.2454659491954
The intended effect is thought to be mediated by anti-A# antibodies that either bind to A# plaques or other forms of A# aggregates in the brain  thereby inducing A# clearance by microglia or by binding soluble A# in the periphery  thereby driving an efflux of A# from the brain.,49,1.26348605286394,1.23735879421469,1.27921419114965
Preclinical studies in transgenic mice producing excess A# have shown that antibodies directed against the N-terminus of A# enter the brain and reduce amyloid deposits in both brain tissue and the cerebral vasculature.,33,1.20947471491724,1.18689584300479,1.27451846471713
These antibodies also block the synaptotoxic effects of A# oligomers and improve cognitive performance in amyloid precursor protein transgenic mice.,20,1.26210792164204,1.21521139781861,1.28049091189611
Previous A# immunotherapy trials in humans using active immunization with the full-length A#42 peptide suggested clinical benefits.,17,1.21585915812689,1.21656050912206,1.27506655547355
Bapineuzumab  an antibody targeted against the Nterminus of A#  was previously evaluated in phase 2 multicenter trials on passive A# immunotherapy in AD and is currently being evaluated in phase 3 trials.,32,1.11116725550579,1.15193082890265,1.11226622699916
In this exploratory post hoc pooled analysis  we evaluated whether bapineuzumab impacted the CSF levels of the downstream biomarkers  total tau  T-tau  and phosphorylated tau  P-tau   and the primary biomarker A# in these completed trials.,35,1.05933229428453,0.907244885910486,1.15827761532828
Two phase 2  multicenter  randomized  double-blind  placebocontrolled  multiple-ascending dose studies were conducted at 30 sites in the United States  Study 201 9 and 3 clinical sites in Europe  2 in England and 1 in Finland   Study 202 .10 Study 201 enrolled 234 patients  randomly assigned to either placebo or intravenous bapineuzumab in 4 dose cohorts  0.15  0.5  1.0  or 2.0 mg/kg .,65,0.873944348735853,1.08076637132438,0.774518918054631
Study 202 enrolled 28 patients randomized to either placebo or intravenous bapineuzumab in 3 ascending dose cohorts  0.5  1.0  or 2.0 mg/kg .,25,0.851733013607834,1.07947421533176,0.710918229019912
Patients received 6 infusions  13 weeks apart  with final assessments at week 78  Table 1 .,15,0.965533625521235,1.17001771704696,0.954217108551691
Both studies included a substudy in which CSF was collected when clinicians agreed to perform and patients consented to undergo lumbar puncture.,22,1.03566745408461,1.17967615528926,1.24011303472172
Cerebrospinal fluid was taken before treatment initiation and at week 54  approximately 2 weeks after the week 52 study drug infusion .,21,0.830941312222466,1.11070764770087,0.995309163831697
Study 201 enrolled 35 substudy patients  20 taking bapineuzumab and 15 taking placebo  and Study 202 enrolled 11 CSF substudy patients  7 taking bapineuzumab and 4 taking placebo   with paired baseline and post-baseline samples  Figure 1 .,36,0.716079489621441,1.00548121770786,0.912798931323566
Patient demographics are presented in Table 2.,7,1.16804956075048,1.25539514634982,1.11518080223905
Each patient underwent clinical assessments of cognition and function  volumetric and safety magnetic resonance images  MRIs   and safety evaluations.,19,1.16806977297487,1.22556901685537,1.29558869636867
Subjects in Study 202 also underwent carbon 11-labeled Pittsburgh Compound B positron emission tomography and -fluorodeoxyglucose positron emission tomographic imaging.,20,1.12331921144359,1.21885393966601,1.25250507776493
An independent safety monitoring committee assessed the safety of treatment throughout the trial.,13,1.19966865080258,1.21712704118926,1.2618189949773
Eligible patients met the National Institute of Neurological and Communicative Disorders and Stroke-Alzheimer’s Disease and Related Disorders association11 criteria for probable AD  had an MRI consistent with AD  and a score of 4 or less on the Rosen-modified Hachinski Ischemic Score.,41,1.14580449718527,1.22588955262316,1.21112649993899
Study 201 enrolled subjects who had a score of 16 to 26 on the Mini-Mental State Examination scale  while Study 202 enrolled subjects with a score of 18 to 26.,30,0.98044565970539,1.14115532190278,1.0938179530369
Patients were excluded if they had clinically significant neurologic or psychiatric disease other than AD  while treatment with cholinesterase inhibitors or memantine at a stable dose for at least 120 days before screening was allowed.,35,1.08476118004576,1.19690568801907,1.16065706937778
One placebo subject had a CSF T-tau level of 2490 pg/mL at screening and a reduction of 1541 pg/mL at week 54.,22,0.980587179590929,0.988588765734198,1.03441003714382
It was reported that this subject fell within the first week of the study  and he may have fallen previously.,20,1.09901844470677,1.1486840079499,1.21691199980743
A fall due to a minor stroke or with concussion might explain the high CSF T-tau at baseline and its subsequent drop  declines in CSF T-tau of 1500 pg/mL are not normal for patients with AD without some other explanation.,40,1.06947009350909,1.08218861128537,1.17077302992299
Therefore  all data points from this subject were excluded from the analysis.,12,1.16956417108829,1.19828421957702,1.2624905934774
Study 201  clinicaltrials.gov Identifier: NCT00112073  was approved by each site’s local institutional review board  while Study 202  EudraCT Identifier: 2004-004120-12 and isrctn.org Identifier: ISRCTN17517446  was approved by each site’s local independent ethics board.,35,1.0714000695844,1.1992501981354,1.25156622610305
For both studies  written informed consent was obtained from each patient  or legally authorized representative .,15,1.16662097857984,1.25281911814891,1.31218873830375
Cerebrospinal fluid samples were obtained by lumbar puncture.,8,1.15854601378888,1.21384650217554,1.25856090297671
Cerebrospinal fluid was collected in polypropylene tubes to avoid absorbance of proteins to the test-tube walls.,16,1.19782243122381,1.22570205115675,1.26333330420001
All CSF samples were gently mixed to avoid possible gradient effects  centrifuged  aliquoted  frozen  and stored at −80°C  pending biochemical analyses.,21,1.18591839933511,1.19213361517952,1.23173205125867
A corresponding blood sample was obtained at the time of the lumbar puncture.,13,1.21497474113963,1.22207705097604,1.23719569447466
Cerebrospinal fluid T-tau was analyzed using a sandwich enzyme-linked immunosorbent assay  ELISA   Innotest hTAU-Ag  Innogenetics   which measures all tau isoforms irrespective of phosphorylation status.16 Phosphorylated tau in CSF was analyzed using a sandwich ELISA method  Innotest Phospho-tau  Innogenetics .17 Cerebrospinal fluid A#1-42 was measured using a sandwich ELISA  Innotest #-amyloid   1 - 4 2    Innogenetics   as previously described.,59,1.07239962690009,1.02251537931372,1.06262463988552
In this assay  the monoclonal antibody 3D6  which is specific to the N-terminus  epitope A#1-5   was used as a detector.,20,1.2914478160076,1.23791337030537,1.27778113234082
Cerebrospinal fluid A#X-42 was analyzed using a modified sandwich ELISA in which the 4G8 monoclonal antibody  which has the epitope A#18-22  was used as detector antibody  thus it measures all N-terminally truncated A#42 species.,34,1.16319769099151,1.15062038992769,1.22684433113374
The A#X-40 in CSF was analyzed using the MS6000 Human Ultra-Sensitive A#40 Kit  Meso-Scale Discovery .,15,1.24008311814112,1.21994411223864,1.26367717805354
All CSF analyses were performed at the end of study at the Clinical Neurochemistry Laboratory  Sahlgrenska University Hospital  Mo ¨lndal  Sweden  by certified laboratory technicians.,25,1.0730969601975,1.18075035134565,1.21637825848773
All CSF samples were analyzed in 1 batch  with paired samples from individual patients side by side on the same plate.,21,1.07348758430552,1.15919702406267,1.10690960828722
Serum bapineuzumab concentrations were measured by a validated sandwich ELISA method with a range of quantification from 1.98 to 147 ng/mL  while the bapineuzumab concentration in human CSF was measured by a validated electrochemiluminescence method with a range of quantification from 1.56 to 200 ng/mL,47,0.997293973672547,1.00227707073486,0.892335070177782
The analysis compared the bapineuzumab group with the placebo group using an analysis of covariance model.,16,1.07171755093579,1.00866185373211,1.19754274713868
The primary outcome was the change between end of study  week 54  and baseline CSF biomarker levels.,17,0.914923779708299,1.00591869535038,1.09170746942077
The explanatory variables were treatment group  bapineuzumab vs placebo  and screening value of the outcome of interest as a continuous covariate.,21,1.04086455698769,1.03177325891318,1.15324695171037
The analysis was a 2-sided test of the week 54 least squares mean difference and was based on the observed cases  ie  missing values were not imputed .,27,1.00867383041724,0.998158122690747,1.06731559383106
Given the small sample size of each cohort and lack of a clear efficacy dose response  all dose levels of bapineuzumab  or placebo  were pooled in the analysis.,28,1.02459150742248,0.999639252918844,1.10109858524395
In addition  the data from the 2 studies were combined and analyzed using the same analysis of covariance model as for the individual study  except that study was included as an additional exploratory variable to adjust for differences between Study 201 and Study 202.,44,0.934970914578696,1.03214176333001,1.15778806091627
All analyses were performed with SAS version 9.1  SAS Institute .,11,1.20510206364156,1.2406095444805,1.10181474101897
Neither Study 201 nor Study 202 were designed or powered as an efficacy study.,14,1.05311557740306,1.1854804478497,1.24031876528487
The sample size for each study was calculated to ensure 80% or greater probability of detecting an adverse event that occurred with a rate of at least 5% within a single bapineuzumab-treated dose cohort.,34,1.08366925476897,1.10728447137031,1.1563365947059
The CSF substudy was optional to participants who consented to the additional procedures  thus the sample size for the substudy was not a priori specified.,25,1.09422272541071,1.14767751120045,1.20881391072206
The analyses were considered exploratory and P values were not adjusted for multiplicity.,13,1.22620998273249,1.14775946179637,1.22258820419887
Statistical differences were noted if the calculated P.05.,9,1.26524130210514,1.14291467826179,1.25080084382947
The combined analysis of Study 201 and Study 202 included a total of 27 bapineuzumab-treated and 19 placebotreated subjects with paired baseline and end of study samples  most of whom had all 6 intended doses of bapineuzumab Table 1 .,39,0.819454880642018,1.00268235436688,0.960762559760802
No significant differences were found in basic demographic variables between the bapineuzumab and placebo groups or between subjects that completed the CSF substudy and the drop-outs  Table 2  .,28,0.885460141846089,1.01996359268517,1.08313191850521
Some minor differences in age  height  and duration of disease were found between the subjects in the CSF substudy and those who did not enroll  Table 2   but we found no evidence in the literature that such factors would influence the longitudinal change in CSF biomarker levels during a 1-year period.,51,1.07336849223792,1.05173601207853,1.13778116461672
In pooled analysis from Study 201 and Study 202  Table 3  Figure 2   a decrease in CSF T-tau was observed at end of study compared with baseline in the bapineuzumab-treated group  −72.3 pg/mL  P = .03   while there was no difference in the placebo group  −5.6 pg/ mL  P = .80 .,53,0.886586647748404,0.900215663433309,0.940102037019273
When comparing the change from baseline to end of study  a trend for a decrease in CSF T-tau at end of study was found in bapineuzumab cases compared with placebo cases  −66.7 pg/mL  P = .09 .,37,0.827901970486126,0.940037715541513,0.97486655522653
In pooled analysis of Study 201 and Study 202  Table 3 Figure 2   a decrease in CSF P-tau was observed at end of study compared with baseline in the bapineuzumab-treated group  −9.9 pg/mL  P = .001   while there was no difference in CSF P-tau levels in the placebo group.,50,0.846957270011061,0.848717241205427,0.968261247483389
When comparing the change from baseline to end of study between the bapineuzumab-treated cases with placebo subjects  a treatment decrease was observed  −7.3 pg/mL  P = .03 .,28,0.924953971166738,1.02184429448426,1.00080010889096
In the pooled analysis of Study 201 and Study 202  there were no notable differences in CSF A1-42 or AX-40 at end of study  week 54  compared with baseline within the bapineuzumab group  or when comparing the change between end of study and baseline between the bapineuzumab and placebo groups  Table 3 Figure 2 .,54,0.679393518713376,0.822828949671886,0.980655442749295
There was a modest increase in CSF AX-42  Table 3 Figure 2  at end of study compared with baseline for the bapineuzumab-treated group  32.2 pg/mL  P = .02 .,29,0.983129856879664,1.01501787314558,0.917406039511794
However  no difference in CSF AX-42 levels were seen when comparing the change from baseline to end of study between the bapineuzumab and placebo groups  18.4 pg/mL  P = .89 .,31,0.850440052176463,0.905521756642643,0.930504232987047
At the 4 doses assessed  both serum and CSF bapineuzumab concentrations increased with dose.,14,1.03960082113261,1.05611574794827,0.972194552128492
Thus  the average ratios of CSF to serum bapineuzumab concentrations were consistent at approximately 0.3%  Figure 3 .,18,1.05390048998617,1.00559781680519,0.889574962668354
No anti-bapineuzumab antibodies were detected in any subject.,8,1.24427885935298,1.22623236562674,1.26875234832734
Summaries of safety findings have been previously reported.,8,1.24223929501222,1.25670253438086,1.30984722308387
In this study  1 patient in the bapineuzumab group had MRI evidence of amyloid-related imaging abnormalities thought to represent vasogenic edema or sulcal effusions.,24,0.976103437774675,1.1008210533648,1.14803116189713
Cerebrospinal fluid samples were taken both at baseline and at the time of the amyloid-related imaging abnormalities-edema/effusion  ARIA-E  for this patient.,21,1.02361531766287,1.14714875572094,1.21984034997327
Cerebrospinal fluid safety biomarkers showed a normal CSF to serum albumin ratio  5.4 at baseline vs 5.0 at time of ARIA-E  reference value 10.2  and IgG index  0.41 at baseline vs 0.51 at time of ARIA-E  reference value 0.63   as well as no oligoclonal IgG bands in CSF  either at baseline or at the time of ARIA-E .,63,0.984731459829869,1.0188806634811,0.838909947098114
The CSF AD biomarkers showed typical values for AD  and they were stable between baseline and at the time of ARIA-E  796 vs 720 pg/mL for T-tau  78 vs 75 pg/mL for P-tau  and 307 vs 240 pg/mL for A1-42 .,40,1.04963926333592,0.987899534402626,1.03585761184382
Passive immunotherapy with antibodies against A  such as bapineuzumab  9 is one of the major diseasemodifying therapeutic approaches being evaluated for AD.,22,1.117189382511,1.11971295528743,1.16726360193982
Because the clinical course is slowly progressive and highly variable in AD  very large clinical trials with extended treatment duration will be needed to identify clinical effects of disease-modifying drugs.,30,1.1955746157154,1.20345191452892,1.24531254940565
For this reason  theragnostic markers may be valuable to identify and monitor the biochemical effect of a novel drug.,19,1.26576544198656,1.25359637014916,1.31473829376495
Biomarker evidence that the drug affects both the primary target and downstream pathogenic mechanisms will also be essential to label the drug as being disease modifying.,26,1.23606190936731,1.21971499789611,1.29231680025122
In this context  biomarkers in anti-A clinical trials can be divided into primary  pharmacodynamic  biomarkers used to monitor the specific biochemical mode of action of the anti-A drug and downstream biomarkers used to monitor effects on downstream pathogenic processes  such as the neuronal degeneration or tangle formation  downstream of the drug target.The pharmacokinetic characteristics of bapineuzumab include a small distribution volume  slow clearance  and long terminal half-life.,68,1.17810994085351,1.14938100556861,1.2249445552636
The ratio of bapineu zumab in CSF to serum was stable between the dose cohorts  with a mean of approximately 0.3%.,22,1.11193237567626,1.0819954462415,0.906580874841763
The CSF to serum ratio for total IgG is also approximately 0.3%  suggesting that bapineuzumab passes the blood-brain barrier at the expected ratio for IgG antibodies.,27,1.1104352070084,1.0586919924137,1.05832545582431
In our study  we found a decrease in CSF P-tau in the bapineuzumab group  while no change was found in the placebo group.,23,0.921422478006902,0.956572172597676,1.13997587090373
In addition  there was a treatment decrease in CSF P-tau at study end for the bapineuzumabtreated compared with placebo-treated subjects.,20,0.999546693289258,1.10270836976051,1.14495440350437
Phosphorylated tau measured in CSF samples taken during life correlate with neocortical tangle pathology at autopsy  and CSF P-tau also correlates with the rate of hippocampal atrophy in the brain.,30,1.17124655258107,1.11137865493519,1.23718029999423
The CSF level of P-tau thus seems to reflect the phosphorylation state of tau and the formation of tangles in the brain.,22,1.2023172094597,1.1144661060214,1.23767871526551
Animal studies suggest that A immunotherapy may affect tau pathology.,10,1.20318522338984,1.18202761769691,1.2963659861158
A neuropathologic study of patients with AD from the AN1792 trial also suggests that A immunotherapy ameliorates neurite abnormalities and tau pathology through decreased tau phosphorylation.,26,1.10006230952235,1.14162690045291,1.23000558768463
The reduction in the downstream biomarker CSF P-tau following treatment with bapineuzumab suggests that bapineuzumab reduces brain levels of P-tau  which may also reduce the formation of tangles in the brain.,31,1.10315642355128,0.968750529604434,1.16442252774246
In addition  the downstream biomarker CSF T-tau decreased with treatment in the bapineuzumab group  while no change was found in the placebo group.,23,1.00795558276641,0.957280157474252,1.13301871622151
This is consistent with the reduction in CSF T-tau seen in the AN1792 trial with active A immunotherapy.,18,1.1276502994143,1.11969374325076,1.22541675320434
8 Cerebrospinal fluid T-tau levels correlate with the amount of damaged tissue and poor clinical outcome in acute brain disorders  and high T-tau has also been associated with fast progression from mild cognitive impairment to AD and with rapid cognitive decline and a high mortality rate in patients with AD  suggesting that the CSF level of T-tau reflects the intensity of the neuronal degeneration.,64,1.09549736316299,1.06792371677614,1.16514140013715
The reduction in the downstream biomarker CSF T-tau with bapineuzumab treatment warrants further investigation into the potential for this drug to attenuate the intensity of the neurodegenerative process.,28,1.06991247863519,1.04070154290926,1.18434779048843
Bapineuzumab is hypothesized to bind to A in the brain  thereby facilitating its clearance.,14,1.19580826528464,1.1584465234229,1.26801595995067
In support of this hypothesis  we previously reported that bapineuzumab treatment results in a modest reduction in cortical binding of the A ligand Pittsburgh Compound B as evaluated by posi- tron emission tomography  both as compared with baseline and with placebo-treated patients.,42,1.05950157911747,1.10433483108481,1.17072924469575
Because the population in this study is not identical to that in the positron emission tomography study  the number of cases with both investigations is too small to allow any comparisons.,31,1.01565300138789,1.20447995034048,1.21008808929168
In the AD brain  a relatively large proportion of A is N-terminally truncated or modified.,15,1.24622428592095,1.22415819617951,1.26628642619495
For this reason  we analyzed A 42 by 2 different ELISA methods  1 for A1-42 to measure full-length A 42 peptides and 1 for AX-42  which also captures A isoforms that are N-terminally modified.,34,1.1406808691796,1.14530373900263,1.02860512229924
We were not able to identify any change in CSF AX-42 or in A1-42 or AX-40 that differed between the bapineuzumab and placebo groups.,24,1.00148263256854,1.03032827127982,1.17682381779906
Similarly  CSF A 42 levels were also minimally affected in the AN1792 immunotherapytrial.,13,1.12117427386384,1.11846015456733,1.1407007762228
This lack of change in CSF A 42 may be attributed to clearance of cortical A through other pathways than CSF or  alternatively oligomerization of A or binding of A to chaperones or to the therapeutic antibody that masks a change in CSF A with treatment.,46,1.13172534108342,1.13349406482521,1.19516012962559
For these reasons  the A results have to be interpreted with caution.,12,1.26968792413351,1.28403466945396,1.33804904310279
Cerebrospinal fluid biomarkers may be valuable for safety monitoring in AD clinical trials.,13,1.12859264285092,1.18213660552725,1.27041863062203
Magnetic resonance image changes referred to as ARIA-E appears to be a safety concern with bapineuzumab treatment.,17,1.16150047174299,1.09689458541978,1.25081965745127
In one study  this MRI abnormality was found in approximately 10% of treated cases.,14,1.03205636702161,1.21693478154955,1.16260450918467
In our study  both a baseline CSF sample and a sample at the time of ARIA-E were available in the single patient who developed ARIA-E.,25,0.955436443919957,1.13677504897778,1.18619465139195
This case had normal and stable CSF levels of both albumin and IgG  no oligoclonal IgG bands in CSF  and stable CSF levels of T-tau  P-tau  and A42  which were compatible with the clinical diagnosis of AD.,37,1.16072282096359,1.09962153177924,1.19768633627241
Thus  in this patient  ARIA-E was not accompanied by blood-brain barrier dysfunction  inflammatory reactions  or tau-related signs of additional neuronal damage.,21,1.2188481812226,1.24013525599319,1.30135081389774
One limitation is that this study is based on pooled analysis of the bapineuzumab trials Study 201 and Study 202.,20,0.943976960543393,0.998733338810807,1.1797128405466
This was done to increase the sample size of patients in each substudy with paired CSF samples.,17,1.06098669422212,1.13821104536334,1.19485580400943
However  for both trials  CSF biomarkers were analyzed in the same laboratory using the same assay formats  CSF samples from individual cases were analyzed side by side on the same ELISA plate  and data were analyzed as the change in biomarker levels between baseline and end of study.,48,0.989237169108089,1.02942532881618,1.1145445765086
This procedure will minimize variation and allow pooling of CSF data.,11,1.15213054180166,1.17491415375294,1.26389073410576
In summary  in a pooled analysis of CSF data from 2 phase 2 clinical trials on passive immunotherapy with bapineuzumab in patients with mild to moderate AD  a decrease in both P-tau and T-tau at end of study compared with baseline within the bapineuzumab group was observed.,47,0.858158631052558,0.892858093908639,1.03712837801939
For CSF P-tau  a statistically significant treatment difference was observed between the bapineuzumab and placebo groups.,16,0.982383142165059,0.98476250537173,1.14997302404964
These findings may indicate downstream effects of bapineuzumab treatment on the degenerative process.,13,1.13594919261977,1.10713714873074,1.23508559847741
An important question remains whether such changes in CSF biomarkers correlate with clinical benefit.,14,1.17416356554191,1.15000111424479,1.26808364872658
21 This question will be addressed in the ongoing bapineuzumab phase 3 trials.,13,1.07568129353986,1.11533775877523,1.08239058447038
